{"type": "FeatureCollection", "features": [{"type": "Feature", "geometry": {"type": "Point", "coordinates": [7.808977, 63.186123]}, "properties": {"time": "2025-10-20T07:00:22Z", "sog": 8.3, "cog": 61.6, "heading": 511, "status": "Under maskin"}}, {"type": "Feature", "geometry": {"type": "Point", "coordinates": [7.811258, 63.18663]}, "properties": {"time": "2025-10-20T07:00:53Z", "sog": 8.2, "cog": 65.7, "heading": 511, "status": "Under maskin"}}, {"type": "Feature", "geometry": {"type": "Point", "coordinates": [7.813547, 63.187149]}, "properties": {"time": "2025-10-20T07:01:22Z", "sog": 8.6, "cog": 62.3, "heading": 511, "status": "Under maskin"}}, {"type": "Feature", "geometry": {"type": "Point", "coordinates": [7.815685, 63.187649]}, "properties": {"time": "2025-10-20T07:01:51Z", "sog": 8.4, "cog": 63.8, "heading": 511, "status": "Under maskin"}}, {"type": "Feature", "geometry": {"type": "Point", "coordinates": [7.818069, 63.188179]}, "properties": {"time": "2025-10-20T07:02:22Z", "sog": 8.5, "cog": 62.8, "heading": 511, "status": "Under maskin"}}, {"type": "Feature", "geometry": {"type": "Point", "coordinates": [7.820295, 63.188667]}, "properties": {"time": "2025-10-20T07:02:51Z", "sog": 8.2, "cog": 64.5, "heading": 511, "status": "Under maskin"}}, {"type": "Feature", "geometry": {"type": "Point", "coordinates": [7.82259, 63.189194]}, "properties": {"time": "2025-10-20T07:03:21Z", "sog": 8.6, "cog": 64.3, "heading": 511, "status": "Under maskin"}}, {"type": "Feature", "geometry": {"type": "Point", "coordinates": [7.824907, 63.189713]}, "properties": {"time": "2025-10-20T07:03:51Z", "sog": 8.5, "cog": 66.2, "heading": 511, "status": "Under maskin"}}, {"type": "Feature", "geometry": {"type": "Point", "coordinates": [7.82723, 63.190231]}, "properties": {"time": "2025-10-20T07:04:21Z", "sog": 8.4, "cog": 62.9, "heading": 511, "status": "Under maskin"}}, {"type": "Feature", "geometry": {"type": "Point", "coordinates": [7.82964, 63.190769]}, "properties": {"time": "2025-10-20T07:04:51Z", "sog": 8.2, "cog": 61.3, "heading": 511, "status": "Under maskin"}}, {"type": "Feature", "geometry": {"type": "Point", "coordinates": [7.831892, 63.191273]}, "properties": {"time": "2025-10-20T07:05:21Z", "sog": 8.5, "cog": 63.0, "heading": 511, "status": "Under maskin"}}, {"type": "Feature", "geometry": {"type": "Point", "coordinates": [7.834323, 63.191818]}, "properties": {"time": "2025-10-20T07:05:51Z", "sog": 8.3, "cog": 62.7, "heading": 511, "status": "Under maskin"}}, {"type": "Feature", "geometry": {"type": "Point", "coordinates": [7.8366, 63.192322]}, "properties": {"time": "2025-10-20T07:06:21Z", "sog": 8.9, "cog": 63.7, "heading": 511, "status": "Under maskin"}}, {"type": "Feature", "geometry": {"type": "Point", "coordinates": [7.839004, 63.192848]}, "properties": {"time": "2025-10-20T07:06:51Z", "sog": 8.7, "cog": 63.1, "heading": 511, "status": "Under maskin"}}, {"type": "Feature", "geometry": {"type": "Point", "coordinates": [7.841365, 63.193375]}, "properties": {"time": "2025-10-20T07:07:21Z", "sog": 8.8, "cog": 63.6, "heading": 511, "status": "Under maskin"}}, {"type": "Feature", "geometry": {"type": "Point", "coordinates": [7.843768, 63.193893]}, "properties": {"time": "2025-10-20T07:07:51Z", "sog": 8.6, "cog": 65.7, "heading": 511, "status": "Under maskin"}}, {"type": "Feature", "geometry": {"type": "Point", "coordinates": [7.846192, 63.194416]}, "properties": {"time": "2025-10-20T07:08:21Z", "sog": 8.8, "cog": 63.8, "heading": 511, "status": "Under maskin"}}, {"type": "Feature", "geometry": {"type": "Point", "coordinates": [7.848615, 63.194946]}, "properties": {"time": "2025-10-20T07:08:51Z", "sog": 8.9, "cog": 65.6, "heading": 511, "status": "Under maskin"}}, {"type": "Feature", "geometry": {"type": "Point", "coordinates": [7.851072, 63.195477]}, "properties": {"time": "2025-10-20T07:09:21Z", "sog": 8.9, "cog": 63.5, "heading": 511, "status": "Under maskin"}}, {"type": "Feature", "geometry": {"type": "Point", "coordinates": [7.853565, 63.196068]}, "properties": {"time": "2025-10-20T07:09:51Z", "sog": 8.9, "cog": 61.1, "heading": 511, "status": "Under maskin"}}, {"type": "Feature", "geometry": {"type": "Point", "coordinates": [7.858274, 63.197212]}, "properties": {"time": "2025-10-20T07:10:51Z", "sog": 8.8, "cog": 61.0, "heading": 511, "status": "Under maskin"}}, {"type": "Feature", "geometry": {"type": "Point", "coordinates": [7.86066, 63.197792]}, "properties": {"time": "2025-10-20T07:11:21Z", "sog": 8.7, "cog": 62.8, "heading": 511, "status": "Under maskin"}}, {"type": "Feature", "geometry": {"type": "Point", "coordinates": [7.862977, 63.198353]}, "properties": {"time": "2025-10-20T07:11:50Z", "sog": 8.8, "cog": 58.8, "heading": 511, "status": "Under maskin"}}, {"type": "Feature", "geometry": {"type": "Point", "coordinates": [7.865515, 63.198982]}, "properties": {"time": "2025-10-20T07:12:21Z", "sog": 8.8, "cog": 61.6, "heading": 511, "status": "Under maskin"}}, {"type": "Feature", "geometry": {"type": "Point", "coordinates": [7.867727, 63.199535]}, "properties": {"time": "2025-10-20T07:12:50Z", "sog": 8.8, "cog": 62.0, "heading": 511, "status": "Under maskin"}}, {"type": "Feature", "geometry": {"type": "Point", "coordinates": [7.870238, 63.200161]}, "properties": {"time": "2025-10-20T07:13:21Z", "sog": 8.8, "cog": 60.2, "heading": 511, "status": "Under maskin"}}, {"type": "Feature", "geometry": {"type": "Point", "coordinates": [7.872462, 63.200706]}, "properties": {"time": "2025-10-20T07:13:50Z", "sog": 8.7, "cog": 60.2, "heading": 511, "status": "Under maskin"}}, {"type": "Feature", "geometry": {"type": "Point", "coordinates": [7.874887, 63.201305]}, "properties": {"time": "2025-10-20T07:14:21Z", "sog": 8.3, "cog": 61.7, "heading": 511, "status": "Under maskin"}}, {"type": "Feature", "geometry": {"type": "Point", "coordinates": [7.877133, 63.20187]}, "properties": {"time": "2025-10-20T07:14:50Z", "sog": 8.8, "cog": 60.9, "heading": 511, "status": "Under maskin"}}, {"type": "Feature", "geometry": {"type": "Point", "coordinates": [7.879543, 63.202477]}, "properties": {"time": "2025-10-20T07:15:21Z", "sog": 8.9, "cog": 63.1, "heading": 511, "status": "Under maskin"}}, {"type": "Feature", "geometry": {"type": "Point", "coordinates": [7.881824, 63.203033]}, "properties": {"time": "2025-10-20T07:15:50Z", "sog": 8.4, "cog": 61.3, "heading": 511, "status": "Under maskin"}}, {"type": "Feature", "geometry": {"type": "Point", "coordinates": [7.884232, 63.203621]}, "properties": {"time": "2025-10-20T07:16:20Z", "sog": 8.5, "cog": 61.8, "heading": 511, "status": "Under maskin"}}, {"type": "Feature", "geometry": {"type": "Point", "coordinates": [7.886453, 63.204174]}, "properties": {"time": "2025-10-20T07:16:50Z", "sog": 8.6, "cog": 60.2, "heading": 511, "status": "Under maskin"}}, {"type": "Feature", "geometry": {"type": "Point", "coordinates": [7.888832, 63.204762]}, "properties": {"time": "2025-10-20T07:17:20Z", "sog": 8.6, "cog": 60.9, "heading": 511, "status": "Under maskin"}}, {"type": "Feature", "geometry": {"type": "Point", "coordinates": [7.891252, 63.205372]}, "properties": {"time": "2025-10-20T07:17:52Z", "sog": 8.6, "cog": 60.5, "heading": 511, "status": "Under maskin"}}, {"type": "Feature", "geometry": {"type": "Point", "coordinates": [7.895709, 63.206497]}, "properties": {"time": "2025-10-20T07:18:52Z", "sog": 8.3, "cog": 61.3, "heading": 511, "status": "Under maskin"}}, {"type": "Feature", "geometry": {"type": "Point", "coordinates": [7.900136, 63.207603]}, "properties": {"time": "2025-10-20T07:19:52Z", "sog": 8.3, "cog": 60.9, "heading": 511, "status": "Under maskin"}}, {"type": "Feature", "geometry": {"type": "Point", "coordinates": [7.904638, 63.208729]}, "properties": {"time": "2025-10-20T07:20:52Z", "sog": 8.5, "cog": 63.4, "heading": 511, "status": "Under maskin"}}, {"type": "Feature", "geometry": {"type": "Point", "coordinates": [7.920262, 63.212563]}, "properties": {"time": "2025-10-20T07:24:21Z", "sog": 8.2, "cog": 61.5, "heading": 511, "status": "Under maskin"}}, {"type": "Feature", "geometry": {"type": "Point", "coordinates": [7.924782, 63.213627]}, "properties": {"time": "2025-10-20T07:25:21Z", "sog": 8.5, "cog": 62.9, "heading": 511, "status": "Under maskin"}}, {"type": "Feature", "geometry": {"type": "Point", "coordinates": [7.929295, 63.214687]}, "properties": {"time": "2025-10-20T07:26:21Z", "sog": 8.1, "cog": 62.6, "heading": 511, "status": "Under maskin"}}, {"type": "Feature", "geometry": {"type": "Point", "coordinates": [7.933784, 63.21574]}, "properties": {"time": "2025-10-20T07:27:21Z", "sog": 8.6, "cog": 63.1, "heading": 511, "status": "Under maskin"}}, {"type": "Feature", "geometry": {"type": "Point", "coordinates": [7.938425, 63.216843]}, "properties": {"time": "2025-10-20T07:28:21Z", "sog": 8.5, "cog": 61.8, "heading": 511, "status": "Under maskin"}}, {"type": "Feature", "geometry": {"type": "Point", "coordinates": [7.940846, 63.217422]}, "properties": {"time": "2025-10-20T07:28:53Z", "sog": 8.5, "cog": 60.8, "heading": 511, "status": "Under maskin"}}, {"type": "Feature", "geometry": {"type": "Point", "coordinates": [7.942883, 63.217915]}, "properties": {"time": "2025-10-20T07:29:20Z", "sog": 8.5, "cog": 61.3, "heading": 511, "status": "Under maskin"}}, {"type": "Feature", "geometry": {"type": "Point", "coordinates": [7.945382, 63.218517]}, "properties": {"time": "2025-10-20T07:29:53Z", "sog": 8.3, "cog": 62.7, "heading": 511, "status": "Under maskin"}}, {"type": "Feature", "geometry": {"type": "Point", "coordinates": [7.947425, 63.219017]}, "properties": {"time": "2025-10-20T07:30:20Z", "sog": 8.3, "cog": 61.2, "heading": 511, "status": "Under maskin"}}, {"type": "Feature", "geometry": {"type": "Point", "coordinates": [7.949875, 63.219631]}, "properties": {"time": "2025-10-20T07:30:53Z", "sog": 8.3, "cog": 61.7, "heading": 511, "status": "Under maskin"}}, {"type": "Feature", "geometry": {"type": "Point", "coordinates": [7.951872, 63.220116]}, "properties": {"time": "2025-10-20T07:31:20Z", "sog": 8.3, "cog": 61.9, "heading": 511, "status": "Under maskin"}}, {"type": "Feature", "geometry": {"type": "Point", "coordinates": [7.954375, 63.220737]}, "properties": {"time": "2025-10-20T07:31:53Z", "sog": 8.3, "cog": 60.6, "heading": 511, "status": "Under maskin"}}, {"type": "Feature", "geometry": {"type": "Point", "coordinates": [7.956293, 63.221214]}, "properties": {"time": "2025-10-20T07:32:20Z", "sog": 8.2, "cog": 61.6, "heading": 511, "status": "Under maskin"}}, {"type": "Feature", "geometry": {"type": "Point", "coordinates": [7.958813, 63.221836]}, "properties": {"time": "2025-10-20T07:32:53Z", "sog": 8.1, "cog": 61.2, "heading": 511, "status": "Under maskin"}}, {"type": "Feature", "geometry": {"type": "Point", "coordinates": [7.960804, 63.222328]}, "properties": {"time": "2025-10-20T07:33:21Z", "sog": 7.8, "cog": 60.5, "heading": 511, "status": "Under maskin"}}, {"type": "Feature", "geometry": {"type": "Point", "coordinates": [7.963151, 63.222919]}, "properties": {"time": "2025-10-20T07:33:53Z", "sog": 8.1, "cog": 61.4, "heading": 511, "status": "Under maskin"}}, {"type": "Feature", "geometry": {"type": "Point", "coordinates": [7.965225, 63.223423]}, "properties": {"time": "2025-10-20T07:34:21Z", "sog": 8.1, "cog": 61.4, "heading": 511, "status": "Under maskin"}}, {"type": "Feature", "geometry": {"type": "Point", "coordinates": [7.96757, 63.22401]}, "properties": {"time": "2025-10-20T07:34:53Z", "sog": 8.2, "cog": 61.0, "heading": 511, "status": "Under maskin"}}, {"type": "Feature", "geometry": {"type": "Point", "coordinates": [7.969628, 63.224533]}, "properties": {"time": "2025-10-20T07:35:21Z", "sog": 8.2, "cog": 60.6, "heading": 511, "status": "Under maskin"}}, {"type": "Feature", "geometry": {"type": "Point", "coordinates": [7.971762, 63.225067]}, "properties": {"time": "2025-10-20T07:35:49Z", "sog": 8.0, "cog": 59.8, "heading": 511, "status": "Under maskin"}}, {"type": "Feature", "geometry": {"type": "Point", "coordinates": [7.974021, 63.225647]}, "properties": {"time": "2025-10-20T07:36:21Z", "sog": 8.2, "cog": 61.6, "heading": 511, "status": "Under maskin"}}, {"type": "Feature", "geometry": {"type": "Point", "coordinates": [7.976148, 63.226185]}, "properties": {"time": "2025-10-20T07:36:49Z", "sog": 8.4, "cog": 61.4, "heading": 511, "status": "Under maskin"}}, {"type": "Feature", "geometry": {"type": "Point", "coordinates": [7.97852, 63.226776]}, "properties": {"time": "2025-10-20T07:37:21Z", "sog": 8.4, "cog": 61.0, "heading": 511, "status": "Under maskin"}}, {"type": "Feature", "geometry": {"type": "Point", "coordinates": [7.982838, 63.227886]}, "properties": {"time": "2025-10-20T07:38:21Z", "sog": 8.1, "cog": 60.2, "heading": 511, "status": "Under maskin"}}, {"type": "Feature", "geometry": {"type": "Point", "coordinates": [7.984972, 63.228424]}, "properties": {"time": "2025-10-20T07:38:49Z", "sog": 8.3, "cog": 60.9, "heading": 511, "status": "Under maskin"}}, {"type": "Feature", "geometry": {"type": "Point", "coordinates": [7.987232, 63.229004]}, "properties": {"time": "2025-10-20T07:39:21Z", "sog": 8.3, "cog": 58.3, "heading": 511, "status": "Under maskin"}}, {"type": "Feature", "geometry": {"type": "Point", "coordinates": [7.989357, 63.229553]}, "properties": {"time": "2025-10-20T07:39:49Z", "sog": 8.3, "cog": 60.8, "heading": 511, "status": "Under maskin"}}, {"type": "Feature", "geometry": {"type": "Point", "coordinates": [7.991735, 63.230137]}, "properties": {"time": "2025-10-20T07:40:21Z", "sog": 8.3, "cog": 61.5, "heading": 511, "status": "Under maskin"}}, {"type": "Feature", "geometry": {"type": "Point", "coordinates": [7.993808, 63.230656]}, "properties": {"time": "2025-10-20T07:40:49Z", "sog": 8.6, "cog": 62.1, "heading": 511, "status": "Under maskin"}}, {"type": "Feature", "geometry": {"type": "Point", "coordinates": [7.996197, 63.231232]}, "properties": {"time": "2025-10-20T07:41:21Z", "sog": 8.1, "cog": 61.7, "heading": 511, "status": "Under maskin"}}, {"type": "Feature", "geometry": {"type": "Point", "coordinates": [7.998199, 63.231728]}, "properties": {"time": "2025-10-20T07:41:49Z", "sog": 8.3, "cog": 61.7, "heading": 511, "status": "Under maskin"}}, {"type": "Feature", "geometry": {"type": "Point", "coordinates": [8.000573, 63.232307]}, "properties": {"time": "2025-10-20T07:42:21Z", "sog": 8.5, "cog": 61.0, "heading": 511, "status": "Under maskin"}}, {"type": "Feature", "geometry": {"type": "Point", "coordinates": [8.002965, 63.232883]}, "properties": {"time": "2025-10-20T07:42:53Z", "sog": 8.2, "cog": 61.4, "heading": 511, "status": "Under maskin"}}, {"type": "Feature", "geometry": {"type": "Point", "coordinates": [8.00506, 63.233379]}, "properties": {"time": "2025-10-20T07:43:21Z", "sog": 8.3, "cog": 60.4, "heading": 511, "status": "Under maskin"}}, {"type": "Feature", "geometry": {"type": "Point", "coordinates": [8.007439, 63.233967]}, "properties": {"time": "2025-10-20T07:43:53Z", "sog": 8.2, "cog": 61.9, "heading": 511, "status": "Under maskin"}}, {"type": "Feature", "geometry": {"type": "Point", "coordinates": [8.00961, 63.234482]}, "properties": {"time": "2025-10-20T07:44:21Z", "sog": 8.4, "cog": 61.6, "heading": 511, "status": "Under maskin"}}, {"type": "Feature", "geometry": {"type": "Point", "coordinates": [8.011927, 63.235039]}, "properties": {"time": "2025-10-20T07:44:53Z", "sog": 8.3, "cog": 63.1, "heading": 511, "status": "Under maskin"}}, {"type": "Feature", "geometry": {"type": "Point", "coordinates": [8.014096, 63.235554]}, "properties": {"time": "2025-10-20T07:45:21Z", "sog": 8.1, "cog": 61.3, "heading": 511, "status": "Under maskin"}}, {"type": "Feature", "geometry": {"type": "Point", "coordinates": [8.016408, 63.236111]}, "properties": {"time": "2025-10-20T07:45:53Z", "sog": 8.2, "cog": 62.2, "heading": 511, "status": "Under maskin"}}, {"type": "Feature", "geometry": {"type": "Point", "coordinates": [8.018507, 63.236607]}, "properties": {"time": "2025-10-20T07:46:21Z", "sog": 8.2, "cog": 62.5, "heading": 511, "status": "Under maskin"}}, {"type": "Feature", "geometry": {"type": "Point", "coordinates": [8.020832, 63.23716]}, "properties": {"time": "2025-10-20T07:46:52Z", "sog": 8.3, "cog": 60.6, "heading": 511, "status": "Under maskin"}}, {"type": "Feature", "geometry": {"type": "Point", "coordinates": [8.023006, 63.237679]}, "properties": {"time": "2025-10-20T07:47:21Z", "sog": 8.3, "cog": 62.0, "heading": 511, "status": "Under maskin"}}, {"type": "Feature", "geometry": {"type": "Point", "coordinates": [8.025343, 63.238232]}, "properties": {"time": "2025-10-20T07:47:52Z", "sog": 8.1, "cog": 62.3, "heading": 511, "status": "Under maskin"}}, {"type": "Feature", "geometry": {"type": "Point", "coordinates": [8.027737, 63.238804]}, "properties": {"time": "2025-10-20T07:48:23Z", "sog": 8.2, "cog": 63.0, "heading": 511, "status": "Under maskin"}}, {"type": "Feature", "geometry": {"type": "Point", "coordinates": [8.036622, 63.240967]}, "properties": {"time": "2025-10-20T07:50:23Z", "sog": 8.2, "cog": 62.5, "heading": 511, "status": "Under maskin"}}, {"type": "Feature", "geometry": {"type": "Point", "coordinates": [8.03873, 63.241478]}, "properties": {"time": "2025-10-20T07:50:51Z", "sog": 8.3, "cog": 62.5, "heading": 511, "status": "Under maskin"}}, {"type": "Feature", "geometry": {"type": "Point", "coordinates": [8.041215, 63.242081]}, "properties": {"time": "2025-10-20T07:51:23Z", "sog": 8.4, "cog": 61.3, "heading": 511, "status": "Under maskin"}}, {"type": "Feature", "geometry": {"type": "Point", "coordinates": [8.043223, 63.24258]}, "properties": {"time": "2025-10-20T07:51:51Z", "sog": 8.2, "cog": 61.4, "heading": 511, "status": "Under maskin"}}, {"type": "Feature", "geometry": {"type": "Point", "coordinates": [8.045662, 63.243191]}, "properties": {"time": "2025-10-20T07:52:23Z", "sog": 8.3, "cog": 61.3, "heading": 511, "status": "Under maskin"}}, {"type": "Feature", "geometry": {"type": "Point", "coordinates": [8.04772, 63.243717]}, "properties": {"time": "2025-10-20T07:52:51Z", "sog": 8.3, "cog": 60.8, "heading": 511, "status": "Under maskin"}}, {"type": "Feature", "geometry": {"type": "Point", "coordinates": [8.050094, 63.244297]}, "properties": {"time": "2025-10-20T07:53:23Z", "sog": 8.2, "cog": 60.9, "heading": 511, "status": "Under maskin"}}, {"type": "Feature", "geometry": {"type": "Point", "coordinates": [8.052095, 63.244781]}, "properties": {"time": "2025-10-20T07:53:51Z", "sog": 8.2, "cog": 61.5, "heading": 511, "status": "Under maskin"}}, {"type": "Feature", "geometry": {"type": "Point", "coordinates": [8.054463, 63.245361]}, "properties": {"time": "2025-10-20T07:54:23Z", "sog": 8.3, "cog": 61.2, "heading": 511, "status": "Under maskin"}}, {"type": "Feature", "geometry": {"type": "Point", "coordinates": [8.056545, 63.245876]}, "properties": {"time": "2025-10-20T07:54:51Z", "sog": 8.3, "cog": 61.4, "heading": 511, "status": "Under maskin"}}, {"type": "Feature", "geometry": {"type": "Point", "coordinates": [8.058785, 63.246422]}, "properties": {"time": "2025-10-20T07:55:21Z", "sog": 8.1, "cog": 62.6, "heading": 511, "status": "Under maskin"}}, {"type": "Feature", "geometry": {"type": "Point", "coordinates": [8.06104, 63.246964]}, "properties": {"time": "2025-10-20T07:55:51Z", "sog": 8.2, "cog": 62.3, "heading": 511, "status": "Under maskin"}}, {"type": "Feature", "geometry": {"type": "Point", "coordinates": [8.063292, 63.247505]}, "properties": {"time": "2025-10-20T07:56:21Z", "sog": 8.2, "cog": 62.3, "heading": 511, "status": "Under maskin"}}, {"type": "Feature", "geometry": {"type": "Point", "coordinates": [8.065699, 63.248077]}, "properties": {"time": "2025-10-20T07:56:53Z", "sog": 8.5, "cog": 61.6, "heading": 511, "status": "Under maskin"}}, {"type": "Feature", "geometry": {"type": "Point", "coordinates": [8.067813, 63.248585]}, "properties": {"time": "2025-10-20T07:57:21Z", "sog": 8.2, "cog": 61.7, "heading": 511, "status": "Under maskin"}}, {"type": "Feature", "geometry": {"type": "Point", "coordinates": [8.070312, 63.249168]}, "properties": {"time": "2025-10-20T07:57:53Z", "sog": 8.2, "cog": 62.9, "heading": 511, "status": "Under maskin"}}, {"type": "Feature", "geometry": {"type": "Point", "coordinates": [8.072358, 63.249638]}, "properties": {"time": "2025-10-20T07:58:21Z", "sog": 8.2, "cog": 62.8, "heading": 511, "status": "Under maskin"}}, {"type": "Feature", "geometry": {"type": "Point", "coordinates": [8.074788, 63.250198]}, "properties": {"time": "2025-10-20T07:58:53Z", "sog": 8.3, "cog": 62.9, "heading": 511, "status": "Under maskin"}}, {"type": "Feature", "geometry": {"type": "Point", "coordinates": [8.0769, 63.250713]}, "properties": {"time": "2025-10-20T07:59:21Z", "sog": 8.3, "cog": 61.1, "heading": 511, "status": "Under maskin"}}, {"type": "Feature", "geometry": {"type": "Point", "coordinates": [8.079317, 63.251301]}, "properties": {"time": "2025-10-20T07:59:53Z", "sog": 8.2, "cog": 61.5, "heading": 511, "status": "Under maskin"}}, {"type": "Feature", "geometry": {"type": "Point", "coordinates": [8.081433, 63.25182]}, "properties": {"time": "2025-10-20T08:00:21Z", "sog": 8.4, "cog": 61.5, "heading": 511, "status": "Under maskin"}}, {"type": "Feature", "geometry": {"type": "Point", "coordinates": [8.083848, 63.252415]}, "properties": {"time": "2025-10-20T08:00:53Z", "sog": 8.5, "cog": 61.9, "heading": 511, "status": "Under maskin"}}, {"type": "Feature", "geometry": {"type": "Point", "coordinates": [8.08595, 63.252934]}, "properties": {"time": "2025-10-20T08:01:20Z", "sog": 8.3, "cog": 60.5, "heading": 511, "status": "Under maskin"}}, {"type": "Feature", "geometry": {"type": "Point", "coordinates": [8.088345, 63.25354]}, "properties": {"time": "2025-10-20T08:01:53Z", "sog": 8.2, "cog": 59.3, "heading": 511, "status": "Under maskin"}}, {"type": "Feature", "geometry": {"type": "Point", "coordinates": [8.090413, 63.254089]}, "properties": {"time": "2025-10-20T08:02:20Z", "sog": 8.5, "cog": 60.9, "heading": 511, "status": "Under maskin"}}, {"type": "Feature", "geometry": {"type": "Point", "coordinates": [8.092803, 63.254707]}, "properties": {"time": "2025-10-20T08:02:53Z", "sog": 8.4, "cog": 60.0, "heading": 511, "status": "Under maskin"}}, {"type": "Feature", "geometry": {"type": "Point", "coordinates": [8.09489, 63.25526]}, "properties": {"time": "2025-10-20T08:03:20Z", "sog": 8.3, "cog": 59.3, "heading": 511, "status": "Under maskin"}}, {"type": "Feature", "geometry": {"type": "Point", "coordinates": [8.09729, 63.255882]}, "properties": {"time": "2025-10-20T08:03:53Z", "sog": 8.3, "cog": 61.0, "heading": 511, "status": "Under maskin"}}, {"type": "Feature", "geometry": {"type": "Point", "coordinates": [8.09941, 63.256405]}, "properties": {"time": "2025-10-20T08:04:20Z", "sog": 8.2, "cog": 61.2, "heading": 511, "status": "Under maskin"}}, {"type": "Feature", "geometry": {"type": "Point", "coordinates": [8.10167, 63.256981]}, "properties": {"time": "2025-10-20T08:04:51Z", "sog": 8.5, "cog": 61.0, "heading": 511, "status": "Under maskin"}}, {"type": "Feature", "geometry": {"type": "Point", "coordinates": [8.106209, 63.258106]}, "properties": {"time": "2025-10-20T08:05:51Z", "sog": 8.5, "cog": 61.3, "heading": 511, "status": "Under maskin"}}, {"type": "Feature", "geometry": {"type": "Point", "coordinates": [8.108479, 63.258663]}, "properties": {"time": "2025-10-20T08:06:20Z", "sog": 8.4, "cog": 61.8, "heading": 511, "status": "Under maskin"}}, {"type": "Feature", "geometry": {"type": "Point", "coordinates": [8.110822, 63.259243]}, "properties": {"time": "2025-10-20T08:06:51Z", "sog": 8.3, "cog": 60.8, "heading": 511, "status": "Under maskin"}}, {"type": "Feature", "geometry": {"type": "Point", "coordinates": [8.112937, 63.259781]}, "properties": {"time": "2025-10-20T08:07:20Z", "sog": 8.5, "cog": 60.5, "heading": 511, "status": "Under maskin"}}, {"type": "Feature", "geometry": {"type": "Point", "coordinates": [8.115289, 63.260368]}, "properties": {"time": "2025-10-20T08:07:51Z", "sog": 8.6, "cog": 59.6, "heading": 511, "status": "Under maskin"}}, {"type": "Feature", "geometry": {"type": "Point", "coordinates": [8.117472, 63.260929]}, "properties": {"time": "2025-10-20T08:08:20Z", "sog": 8.4, "cog": 59.9, "heading": 511, "status": "Under maskin"}}, {"type": "Feature", "geometry": {"type": "Point", "coordinates": [8.11982, 63.261517]}, "properties": {"time": "2025-10-20T08:08:51Z", "sog": 8.5, "cog": 60.8, "heading": 511, "status": "Under maskin"}}, {"type": "Feature", "geometry": {"type": "Point", "coordinates": [8.124405, 63.262741]}, "properties": {"time": "2025-10-20T08:09:51Z", "sog": 8.6, "cog": 58.9, "heading": 511, "status": "Under maskin"}}, {"type": "Feature", "geometry": {"type": "Point", "coordinates": [8.126588, 63.26334]}, "properties": {"time": "2025-10-20T08:10:20Z", "sog": 8.6, "cog": 57.6, "heading": 511, "status": "Under maskin"}}, {"type": "Feature", "geometry": {"type": "Point", "coordinates": [8.128768, 63.263954]}, "properties": {"time": "2025-10-20T08:10:50Z", "sog": 8.6, "cog": 58.5, "heading": 511, "status": "Under maskin"}}, {"type": "Feature", "geometry": {"type": "Point", "coordinates": [8.131023, 63.264595]}, "properties": {"time": "2025-10-20T08:11:20Z", "sog": 8.8, "cog": 58.9, "heading": 511, "status": "Under maskin"}}, {"type": "Feature", "geometry": {"type": "Point", "coordinates": [8.133308, 63.265224]}, "properties": {"time": "2025-10-20T08:11:50Z", "sog": 8.7, "cog": 59.6, "heading": 511, "status": "Under maskin"}}, {"type": "Feature", "geometry": {"type": "Point", "coordinates": [8.135582, 63.265854]}, "properties": {"time": "2025-10-20T08:12:20Z", "sog": 8.7, "cog": 58.2, "heading": 511, "status": "Under maskin"}}, {"type": "Feature", "geometry": {"type": "Point", "coordinates": [8.137872, 63.266487]}, "properties": {"time": "2025-10-20T08:12:50Z", "sog": 8.8, "cog": 59.0, "heading": 511, "status": "Under maskin"}}, {"type": "Feature", "geometry": {"type": "Point", "coordinates": [8.140278, 63.267124]}, "properties": {"time": "2025-10-20T08:13:20Z", "sog": 8.6, "cog": 60.9, "heading": 511, "status": "Under maskin"}}, {"type": "Feature", "geometry": {"type": "Point", "coordinates": [8.142616, 63.267708]}, "properties": {"time": "2025-10-20T08:13:50Z", "sog": 8.9, "cog": 60.5, "heading": 511, "status": "Under maskin"}}, {"type": "Feature", "geometry": {"type": "Point", "coordinates": [8.14508, 63.26836]}, "properties": {"time": "2025-10-20T08:14:22Z", "sog": 8.7, "cog": 59.9, "heading": 511, "status": "Under maskin"}}, {"type": "Feature", "geometry": {"type": "Point", "coordinates": [8.147165, 63.268902]}, "properties": {"time": "2025-10-20T08:14:50Z", "sog": 8.7, "cog": 60.1, "heading": 511, "status": "Under maskin"}}, {"type": "Feature", "geometry": {"type": "Point", "coordinates": [8.149633, 63.269543]}, "properties": {"time": "2025-10-20T08:15:22Z", "sog": 8.7, "cog": 59.7, "heading": 511, "status": "Under maskin"}}, {"type": "Feature", "geometry": {"type": "Point", "coordinates": [8.15194, 63.270153]}, "properties": {"time": "2025-10-20T08:15:52Z", "sog": 8.8, "cog": 60.2, "heading": 511, "status": "Under maskin"}}, {"type": "Feature", "geometry": {"type": "Point", "coordinates": [8.156585, 63.271347]}, "properties": {"time": "2025-10-20T08:16:52Z", "sog": 8.8, "cog": 61.0, "heading": 511, "status": "Under maskin"}}, {"type": "Feature", "geometry": {"type": "Point", "coordinates": [8.161259, 63.272522]}, "properties": {"time": "2025-10-20T08:17:52Z", "sog": 8.6, "cog": 62.3, "heading": 511, "status": "Under maskin"}}, {"type": "Feature", "geometry": {"type": "Point", "coordinates": [8.165928, 63.273678]}, "properties": {"time": "2025-10-20T08:18:52Z", "sog": 8.7, "cog": 60.6, "heading": 511, "status": "Under maskin"}}, {"type": "Feature", "geometry": {"type": "Point", "coordinates": [8.170624, 63.27483]}, "properties": {"time": "2025-10-20T08:19:52Z", "sog": 8.7, "cog": 60.6, "heading": 511, "status": "Under maskin"}}, {"type": "Feature", "geometry": {"type": "Point", "coordinates": [8.175359, 63.27602]}, "properties": {"time": "2025-10-20T08:20:52Z", "sog": 8.6, "cog": 59.9, "heading": 511, "status": "Under maskin"}}, {"type": "Feature", "geometry": {"type": "Point", "coordinates": [8.177485, 63.276573]}, "properties": {"time": "2025-10-20T08:21:20Z", "sog": 8.4, "cog": 60.6, "heading": 511, "status": "Under maskin"}}, {"type": "Feature", "geometry": {"type": "Point", "coordinates": [8.179882, 63.277161]}, "properties": {"time": "2025-10-20T08:21:52Z", "sog": 8.4, "cog": 62.2, "heading": 511, "status": "Under maskin"}}, {"type": "Feature", "geometry": {"type": "Point", "coordinates": [8.181962, 63.277679]}, "properties": {"time": "2025-10-20T08:22:20Z", "sog": 8.3, "cog": 59.7, "heading": 511, "status": "Under maskin"}}, {"type": "Feature", "geometry": {"type": "Point", "coordinates": [8.186392, 63.278782]}, "properties": {"time": "2025-10-20T08:23:20Z", "sog": 8.3, "cog": 60.5, "heading": 511, "status": "Under maskin"}}, {"type": "Feature", "geometry": {"type": "Point", "coordinates": [8.18866, 63.279366]}, "properties": {"time": "2025-10-20T08:23:52Z", "sog": 8.3, "cog": 58.6, "heading": 511, "status": "Under maskin"}}, {"type": "Feature", "geometry": {"type": "Point", "coordinates": [8.190686, 63.279915]}, "properties": {"time": "2025-10-20T08:24:20Z", "sog": 8.2, "cog": 60.0, "heading": 511, "status": "Under maskin"}}, {"type": "Feature", "geometry": {"type": "Point", "coordinates": [8.19302, 63.280533]}, "properties": {"time": "2025-10-20T08:24:52Z", "sog": 8.2, "cog": 59.0, "heading": 511, "status": "Under maskin"}}, {"type": "Feature", "geometry": {"type": "Point", "coordinates": [8.197358, 63.281738]}, "properties": {"time": "2025-10-20T08:25:52Z", "sog": 8.2, "cog": 56.0, "heading": 511, "status": "Under maskin"}}, {"type": "Feature", "geometry": {"type": "Point", "coordinates": [8.201632, 63.283066]}, "properties": {"time": "2025-10-20T08:26:52Z", "sog": 8.3, "cog": 55.3, "heading": 511, "status": "Under maskin"}}, {"type": "Feature", "geometry": {"type": "Point", "coordinates": [8.205983, 63.284447]}, "properties": {"time": "2025-10-20T08:27:52Z", "sog": 8.6, "cog": 53.5, "heading": 511, "status": "Under maskin"}}, {"type": "Feature", "geometry": {"type": "Point", "coordinates": [8.210129, 63.285854]}, "properties": {"time": "2025-10-20T08:28:52Z", "sog": 8.6, "cog": 53.4, "heading": 511, "status": "Under maskin"}}, {"type": "Feature", "geometry": {"type": "Point", "coordinates": [8.212298, 63.286598]}, "properties": {"time": "2025-10-20T08:29:23Z", "sog": 8.6, "cog": 52.4, "heading": 511, "status": "Under maskin"}}, {"type": "Feature", "geometry": {"type": "Point", "coordinates": [8.214398, 63.287323]}, "properties": {"time": "2025-10-20T08:29:53Z", "sog": 8.5, "cog": 53.4, "heading": 511, "status": "Under maskin"}}, {"type": "Feature", "geometry": {"type": "Point", "coordinates": [8.216472, 63.288055]}, "properties": {"time": "2025-10-20T08:30:23Z", "sog": 8.7, "cog": 52.0, "heading": 511, "status": "Under maskin"}}, {"type": "Feature", "geometry": {"type": "Point", "coordinates": [8.218523, 63.288799]}, "properties": {"time": "2025-10-20T08:30:53Z", "sog": 8.6, "cog": 50.1, "heading": 511, "status": "Under maskin"}}, {"type": "Feature", "geometry": {"type": "Point", "coordinates": [8.22059, 63.289593]}, "properties": {"time": "2025-10-20T08:31:23Z", "sog": 8.8, "cog": 50.2, "heading": 511, "status": "Under maskin"}}, {"type": "Feature", "geometry": {"type": "Point", "coordinates": [8.222548, 63.290329]}, "properties": {"time": "2025-10-20T08:31:53Z", "sog": 8.5, "cog": 49.3, "heading": 511, "status": "Under maskin"}}, {"type": "Feature", "geometry": {"type": "Point", "coordinates": [8.224544, 63.291107]}, "properties": {"time": "2025-10-20T08:32:23Z", "sog": 8.6, "cog": 49.9, "heading": 511, "status": "Under maskin"}}, {"type": "Feature", "geometry": {"type": "Point", "coordinates": [8.226521, 63.291893]}, "properties": {"time": "2025-10-20T08:32:53Z", "sog": 8.5, "cog": 48.3, "heading": 511, "status": "Under maskin"}}, {"type": "Feature", "geometry": {"type": "Point", "coordinates": [8.228487, 63.292694]}, "properties": {"time": "2025-10-20T08:33:23Z", "sog": 8.4, "cog": 47.2, "heading": 511, "status": "Under maskin"}}, {"type": "Feature", "geometry": {"type": "Point", "coordinates": [8.230452, 63.293495]}, "properties": {"time": "2025-10-20T08:33:53Z", "sog": 8.6, "cog": 47.2, "heading": 511, "status": "Under maskin"}}, {"type": "Feature", "geometry": {"type": "Point", "coordinates": [8.232285, 63.294247]}, "properties": {"time": "2025-10-20T08:34:21Z", "sog": 8.8, "cog": 47.8, "heading": 511, "status": "Under maskin"}}, {"type": "Feature", "geometry": {"type": "Point", "coordinates": [8.234402, 63.295097]}, "properties": {"time": "2025-10-20T08:34:53Z", "sog": 8.8, "cog": 47.9, "heading": 511, "status": "Under maskin"}}, {"type": "Feature", "geometry": {"type": "Point", "coordinates": [8.236255, 63.295837]}, "properties": {"time": "2025-10-20T08:35:21Z", "sog": 8.5, "cog": 47.5, "heading": 511, "status": "Under maskin"}}, {"type": "Feature", "geometry": {"type": "Point", "coordinates": [8.238361, 63.296692]}, "properties": {"time": "2025-10-20T08:35:53Z", "sog": 8.7, "cog": 47.6, "heading": 511, "status": "Under maskin"}}, {"type": "Feature", "geometry": {"type": "Point", "coordinates": [8.2402, 63.297443]}, "properties": {"time": "2025-10-20T08:36:21Z", "sog": 8.6, "cog": 47.7, "heading": 511, "status": "Under maskin"}}, {"type": "Feature", "geometry": {"type": "Point", "coordinates": [8.242316, 63.298298]}, "properties": {"time": "2025-10-20T08:36:53Z", "sog": 8.6, "cog": 48.3, "heading": 511, "status": "Under maskin"}}, {"type": "Feature", "geometry": {"type": "Point", "coordinates": [8.244173, 63.299046]}, "properties": {"time": "2025-10-20T08:37:21Z", "sog": 8.7, "cog": 47.3, "heading": 511, "status": "Under maskin"}}, {"type": "Feature", "geometry": {"type": "Point", "coordinates": [8.246252, 63.299919]}, "properties": {"time": "2025-10-20T08:37:53Z", "sog": 8.7, "cog": 47.0, "heading": 511, "status": "Under maskin"}}, {"type": "Feature", "geometry": {"type": "Point", "coordinates": [8.248067, 63.30069]}, "properties": {"time": "2025-10-20T08:38:21Z", "sog": 8.7, "cog": 46.8, "heading": 511, "status": "Under maskin"}}, {"type": "Feature", "geometry": {"type": "Point", "coordinates": [8.25023, 63.301594]}, "properties": {"time": "2025-10-20T08:38:53Z", "sog": 8.8, "cog": 47.6, "heading": 511, "status": "Under maskin"}}, {"type": "Feature", "geometry": {"type": "Point", "coordinates": [8.252002, 63.302338]}, "properties": {"time": "2025-10-20T08:39:21Z", "sog": 8.8, "cog": 46.6, "heading": 511, "status": "Under maskin"}}, {"type": "Feature", "geometry": {"type": "Point", "coordinates": [8.254144, 63.303242]}, "properties": {"time": "2025-10-20T08:39:53Z", "sog": 8.8, "cog": 47.3, "heading": 511, "status": "Under maskin"}}, {"type": "Feature", "geometry": {"type": "Point", "coordinates": [8.255907, 63.303978]}, "properties": {"time": "2025-10-20T08:40:21Z", "sog": 8.7, "cog": 47.0, "heading": 511, "status": "Under maskin"}}, {"type": "Feature", "geometry": {"type": "Point", "coordinates": [8.257972, 63.304859]}, "properties": {"time": "2025-10-20T08:40:53Z", "sog": 8.6, "cog": 47.1, "heading": 511, "status": "Under maskin"}}, {"type": "Feature", "geometry": {"type": "Point", "coordinates": [8.25979, 63.305634]}, "properties": {"time": "2025-10-20T08:41:21Z", "sog": 8.6, "cog": 46.5, "heading": 511, "status": "Under maskin"}}, {"type": "Feature", "geometry": {"type": "Point", "coordinates": [8.26186, 63.306522]}, "properties": {"time": "2025-10-20T08:41:53Z", "sog": 8.6, "cog": 45.7, "heading": 511, "status": "Under maskin"}}, {"type": "Feature", "geometry": {"type": "Point", "coordinates": [8.265747, 63.308216]}, "properties": {"time": "2025-10-20T08:42:53Z", "sog": 8.6, "cog": 45.2, "heading": 511, "status": "Under maskin"}}, {"type": "Feature", "geometry": {"type": "Point", "coordinates": [8.269485, 63.309891]}, "properties": {"time": "2025-10-20T08:43:53Z", "sog": 8.7, "cog": 45.6, "heading": 511, "status": "Under maskin"}}, {"type": "Feature", "geometry": {"type": "Point", "coordinates": [8.273213, 63.311539]}, "properties": {"time": "2025-10-20T08:44:53Z", "sog": 8.6, "cog": 46.1, "heading": 511, "status": "Under maskin"}}, {"type": "Feature", "geometry": {"type": "Point", "coordinates": [8.27703, 63.313221]}, "properties": {"time": "2025-10-20T08:45:53Z", "sog": 8.8, "cog": 44.7, "heading": 511, "status": "Under maskin"}}, {"type": "Feature", "geometry": {"type": "Point", "coordinates": [8.280588, 63.314991]}, "properties": {"time": "2025-10-20T08:46:53Z", "sog": 8.6, "cog": 41.9, "heading": 511, "status": "Under maskin"}}, {"type": "Feature", "geometry": {"type": "Point", "coordinates": [8.282456, 63.315922]}, "properties": {"time": "2025-10-20T08:47:23Z", "sog": 8.5, "cog": 42.1, "heading": 511, "status": "Under maskin"}}, {"type": "Feature", "geometry": {"type": "Point", "coordinates": [8.284021, 63.316696]}, "properties": {"time": "2025-10-20T08:47:50Z", "sog": 8.6, "cog": 43.1, "heading": 511, "status": "Under maskin"}}, {"type": "Feature", "geometry": {"type": "Point", "coordinates": [8.286074, 63.317719]}, "properties": {"time": "2025-10-20T08:48:23Z", "sog": 9.0, "cog": 39.8, "heading": 511, "status": "Under maskin"}}, {"type": "Feature", "geometry": {"type": "Point", "coordinates": [8.287642, 63.318501]}, "properties": {"time": "2025-10-20T08:48:50Z", "sog": 9.0, "cog": 42.4, "heading": 511, "status": "Under maskin"}}, {"type": "Feature", "geometry": {"type": "Point", "coordinates": [8.289645, 63.319496]}, "properties": {"time": "2025-10-20T08:49:23Z", "sog": 9.0, "cog": 41.3, "heading": 511, "status": "Under maskin"}}, {"type": "Feature", "geometry": {"type": "Point", "coordinates": [8.291246, 63.320328]}, "properties": {"time": "2025-10-20T08:49:50Z", "sog": 8.9, "cog": 40.7, "heading": 511, "status": "Under maskin"}}, {"type": "Feature", "geometry": {"type": "Point", "coordinates": [8.292933, 63.32127]}, "properties": {"time": "2025-10-20T08:50:20Z", "sog": 8.7, "cog": 38.3, "heading": 511, "status": "Under maskin"}}, {"type": "Feature", "geometry": {"type": "Point", "coordinates": [8.294532, 63.322247]}, "properties": {"time": "2025-10-20T08:50:50Z", "sog": 8.7, "cog": 33.9, "heading": 511, "status": "Under maskin"}}, {"type": "Feature", "geometry": {"type": "Point", "coordinates": [8.296062, 63.323246]}, "properties": {"time": "2025-10-20T08:51:20Z", "sog": 8.9, "cog": 33.0, "heading": 511, "status": "Under maskin"}}, {"type": "Feature", "geometry": {"type": "Point", "coordinates": [8.297648, 63.32428]}, "properties": {"time": "2025-10-20T08:51:50Z", "sog": 8.4, "cog": 33.4, "heading": 511, "status": "Under maskin"}}, {"type": "Feature", "geometry": {"type": "Point", "coordinates": [8.299013, 63.325279]}, "properties": {"time": "2025-10-20T08:52:20Z", "sog": 8.8, "cog": 29.8, "heading": 511, "status": "Under maskin"}}, {"type": "Feature", "geometry": {"type": "Point", "coordinates": [8.300312, 63.326351]}, "properties": {"time": "2025-10-20T08:52:50Z", "sog": 9.2, "cog": 27.1, "heading": 511, "status": "Under maskin"}}, {"type": "Feature", "geometry": {"type": "Point", "coordinates": [8.301467, 63.327454]}, "properties": {"time": "2025-10-20T08:53:20Z", "sog": 8.6, "cog": 23.4, "heading": 511, "status": "Under maskin"}}, {"type": "Feature", "geometry": {"type": "Point", "coordinates": [8.302423, 63.328594]}, "properties": {"time": "2025-10-20T08:53:50Z", "sog": 8.8, "cog": 20.0, "heading": 511, "status": "Under maskin"}}, {"type": "Feature", "geometry": {"type": "Point", "coordinates": [8.303389, 63.329735]}, "properties": {"time": "2025-10-20T08:54:20Z", "sog": 8.8, "cog": 21.3, "heading": 511, "status": "Under maskin"}}, {"type": "Feature", "geometry": {"type": "Point", "coordinates": [8.304407, 63.330963]}, "properties": {"time": "2025-10-20T08:54:52Z", "sog": 8.9, "cog": 20.8, "heading": 511, "status": "Under maskin"}}, {"type": "Feature", "geometry": {"type": "Point", "coordinates": [8.305438, 63.332191]}, "properties": {"time": "2025-10-20T08:55:23Z", "sog": 8.9, "cog": 20.7, "heading": 511, "status": "Under maskin"}}, {"type": "Feature", "geometry": {"type": "Point", "coordinates": [8.306296, 63.333313]}, "properties": {"time": "2025-10-20T08:55:52Z", "sog": 8.9, "cog": 15.8, "heading": 511, "status": "Under maskin"}}, {"type": "Feature", "geometry": {"type": "Point", "coordinates": [8.306985, 63.334541]}, "properties": {"time": "2025-10-20T08:56:23Z", "sog": 8.7, "cog": 12.4, "heading": 511, "status": "Under maskin"}}, {"type": "Feature", "geometry": {"type": "Point", "coordinates": [8.307488, 63.33564]}, "properties": {"time": "2025-10-20T08:56:52Z", "sog": 8.8, "cog": 10.3, "heading": 511, "status": "Under maskin"}}, {"type": "Feature", "geometry": {"type": "Point", "coordinates": [8.307965, 63.336876]}, "properties": {"time": "2025-10-20T08:57:23Z", "sog": 8.9, "cog": 9.4, "heading": 511, "status": "Under maskin"}}, {"type": "Feature", "geometry": {"type": "Point", "coordinates": [8.30841, 63.338036]}, "properties": {"time": "2025-10-20T08:57:52Z", "sog": 8.9, "cog": 9.6, "heading": 511, "status": "Under maskin"}}, {"type": "Feature", "geometry": {"type": "Point", "coordinates": [8.308862, 63.339283]}, "properties": {"time": "2025-10-20T08:58:23Z", "sog": 8.8, "cog": 8.8, "heading": 511, "status": "Under maskin"}}, {"type": "Feature", "geometry": {"type": "Point", "coordinates": [8.309267, 63.34045]}, "properties": {"time": "2025-10-20T08:58:52Z", "sog": 8.9, "cog": 8.8, "heading": 511, "status": "Under maskin"}}, {"type": "Feature", "geometry": {"type": "Point", "coordinates": [8.309608, 63.34174]}, "properties": {"time": "2025-10-20T08:59:23Z", "sog": 8.7, "cog": 5.2, "heading": 511, "status": "Under maskin"}}, {"type": "Feature", "geometry": {"type": "Point", "coordinates": [8.30971, 63.342892]}, "properties": {"time": "2025-10-20T08:59:52Z", "sog": 8.5, "cog": 1.2, "heading": 511, "status": "Under maskin"}}, {"type": "Feature", "geometry": {"type": "Point", "coordinates": [8.309765, 63.343975]}, "properties": {"time": "2025-10-20T09:00:20Z", "sog": 8.3, "cog": 1.7, "heading": 511, "status": "Under maskin"}}, {"type": "Feature", "geometry": {"type": "Point", "coordinates": [8.309829, 63.345249]}, "properties": {"time": "2025-10-20T09:00:53Z", "sog": 8.6, "cog": 1.1, "heading": 511, "status": "Under maskin"}}, {"type": "Feature", "geometry": {"type": "Point", "coordinates": [8.309867, 63.346394]}, "properties": {"time": "2025-10-20T09:01:20Z", "sog": 8.3, "cog": 0.3, "heading": 511, "status": "Under maskin"}}, {"type": "Feature", "geometry": {"type": "Point", "coordinates": [8.309955, 63.347656]}, "properties": {"time": "2025-10-20T09:01:53Z", "sog": 8.5, "cog": 1.6, "heading": 511, "status": "Under maskin"}}, {"type": "Feature", "geometry": {"type": "Point", "coordinates": [8.310017, 63.348759]}, "properties": {"time": "2025-10-20T09:02:20Z", "sog": 8.6, "cog": 1.7, "heading": 511, "status": "Under maskin"}}, {"type": "Feature", "geometry": {"type": "Point", "coordinates": [8.310086, 63.350025]}, "properties": {"time": "2025-10-20T09:02:53Z", "sog": 8.6, "cog": 1.9, "heading": 511, "status": "Under maskin"}}, {"type": "Feature", "geometry": {"type": "Point", "coordinates": [8.310139, 63.351128]}, "properties": {"time": "2025-10-20T09:03:20Z", "sog": 8.3, "cog": 1.1, "heading": 511, "status": "Under maskin"}}, {"type": "Feature", "geometry": {"type": "Point", "coordinates": [8.310235, 63.35239]}, "properties": {"time": "2025-10-20T09:03:53Z", "sog": 8.7, "cog": 1.5, "heading": 511, "status": "Under maskin"}}, {"type": "Feature", "geometry": {"type": "Point", "coordinates": [8.31028, 63.353458]}, "properties": {"time": "2025-10-20T09:04:20Z", "sog": 8.5, "cog": 0.8, "heading": 511, "status": "Under maskin"}}, {"type": "Feature", "geometry": {"type": "Point", "coordinates": [8.310244, 63.354717]}, "properties": {"time": "2025-10-20T09:04:53Z", "sog": 8.2, "cog": 358.4, "heading": 511, "status": "Under maskin"}}, {"type": "Feature", "geometry": {"type": "Point", "coordinates": [8.310135, 63.355854]}, "properties": {"time": "2025-10-20T09:05:20Z", "sog": 8.7, "cog": 355.5, "heading": 511, "status": "Under maskin"}}, {"type": "Feature", "geometry": {"type": "Point", "coordinates": [8.310019, 63.357105]}, "properties": {"time": "2025-10-20T09:05:53Z", "sog": 8.6, "cog": 359.0, "heading": 511, "status": "Under maskin"}}, {"type": "Feature", "geometry": {"type": "Point", "coordinates": [8.309907, 63.35828]}, "properties": {"time": "2025-10-20T09:06:23Z", "sog": 8.3, "cog": 358.2, "heading": 511, "status": "Under maskin"}}, {"type": "Feature", "geometry": {"type": "Point", "coordinates": [8.309722, 63.359402]}, "properties": {"time": "2025-10-20T09:06:53Z", "sog": 8.3, "cog": 353.4, "heading": 511, "status": "Under maskin"}}, {"type": "Feature", "geometry": {"type": "Point", "coordinates": [8.309473, 63.360512]}, "properties": {"time": "2025-10-20T09:07:23Z", "sog": 8.0, "cog": 355.2, "heading": 511, "status": "Under maskin"}}, {"type": "Feature", "geometry": {"type": "Point", "coordinates": [8.309116, 63.361572]}, "properties": {"time": "2025-10-20T09:07:51Z", "sog": 8.1, "cog": 351.1, "heading": 511, "status": "Under maskin"}}, {"type": "Feature", "geometry": {"type": "Point", "coordinates": [8.308627, 63.362728]}, "properties": {"time": "2025-10-20T09:08:23Z", "sog": 8.0, "cog": 347.4, "heading": 511, "status": "Under maskin"}}, {"type": "Feature", "geometry": {"type": "Point", "coordinates": [8.308059, 63.363674]}, "properties": {"time": "2025-10-20T09:08:51Z", "sog": 8.0, "cog": 340.9, "heading": 511, "status": "Under maskin"}}, {"type": "Feature", "geometry": {"type": "Point", "coordinates": [8.307248, 63.364765]}, "properties": {"time": "2025-10-20T09:09:23Z", "sog": 7.8, "cog": 340.7, "heading": 511, "status": "Under maskin"}}, {"type": "Feature", "geometry": {"type": "Point", "coordinates": [8.306458, 63.365711]}, "properties": {"time": "2025-10-20T09:09:51Z", "sog": 7.8, "cog": 338.8, "heading": 511, "status": "Under maskin"}}, {"type": "Feature", "geometry": {"type": "Point", "coordinates": [8.30554, 63.366776]}, "properties": {"time": "2025-10-20T09:10:23Z", "sog": 8.0, "cog": 337.6, "heading": 511, "status": "Under maskin"}}, {"type": "Feature", "geometry": {"type": "Point", "coordinates": [8.304613, 63.367683]}, "properties": {"time": "2025-10-20T09:10:51Z", "sog": 7.5, "cog": 333.5, "heading": 511, "status": "Under maskin"}}, {"type": "Feature", "geometry": {"type": "Point", "coordinates": [8.303523, 63.368675]}, "properties": {"time": "2025-10-20T09:11:22Z", "sog": 7.5, "cog": 334.1, "heading": 511, "status": "Under maskin"}}, {"type": "Feature", "geometry": {"type": "Point", "coordinates": [8.302495, 63.369606]}, "properties": {"time": "2025-10-20T09:11:51Z", "sog": 7.8, "cog": 333.9, "heading": 511, "status": "Under maskin"}}, {"type": "Feature", "geometry": {"type": "Point", "coordinates": [8.301416, 63.370602]}, "properties": {"time": "2025-10-20T09:12:22Z", "sog": 8.0, "cog": 333.0, "heading": 511, "status": "Under maskin"}}, {"type": "Feature", "geometry": {"type": "Point", "coordinates": [8.299312, 63.372547]}, "properties": {"time": "2025-10-20T09:13:22Z", "sog": 7.7, "cog": 335.0, "heading": 511, "status": "Under maskin"}}, {"type": "Feature", "geometry": {"type": "Point", "coordinates": [8.2972, 63.374496]}, "properties": {"time": "2025-10-20T09:14:22Z", "sog": 8.1, "cog": 334.6, "heading": 511, "status": "Under maskin"}}, {"type": "Feature", "geometry": {"type": "Point", "coordinates": [8.295067, 63.376469]}, "properties": {"time": "2025-10-20T09:15:22Z", "sog": 7.9, "cog": 333.7, "heading": 511, "status": "Under maskin"}}, {"type": "Feature", "geometry": {"type": "Point", "coordinates": [8.294048, 63.37743]}, "properties": {"time": "2025-10-20T09:15:51Z", "sog": 8.3, "cog": 334.7, "heading": 511, "status": "Under maskin"}}, {"type": "Feature", "geometry": {"type": "Point", "coordinates": [8.265957, 63.324871]}, "properties": {"time": "2025-10-20T19:33:31Z", "sog": 6.6, "cog": 215.4, "heading": 511, "status": "Under maskin"}}, {"type": "Feature", "geometry": {"type": "Point", "coordinates": [8.264651, 63.32412]}, "properties": {"time": "2025-10-20T19:34:02Z", "sog": 6.8, "cog": 215.3, "heading": 511, "status": "Under maskin"}}, {"type": "Feature", "geometry": {"type": "Point", "coordinates": [8.263435, 63.323425]}, "properties": {"time": "2025-10-20T19:34:31Z", "sog": 6.5, "cog": 218.6, "heading": 511, "status": "Under maskin"}}, {"type": "Feature", "geometry": {"type": "Point", "coordinates": [8.262128, 63.322708]}, "properties": {"time": "2025-10-20T19:35:02Z", "sog": 6.5, "cog": 217.7, "heading": 511, "status": "Under maskin"}}, {"type": "Feature", "geometry": {"type": "Point", "coordinates": [8.260867, 63.321995]}, "properties": {"time": "2025-10-20T19:35:31Z", "sog": 6.2, "cog": 216.8, "heading": 511, "status": "Under maskin"}}, {"type": "Feature", "geometry": {"type": "Point", "coordinates": [8.258451, 63.320629]}, "properties": {"time": "2025-10-20T19:36:31Z", "sog": 6.5, "cog": 217.1, "heading": 511, "status": "Under maskin"}}, {"type": "Feature", "geometry": {"type": "Point", "coordinates": [8.257207, 63.319935]}, "properties": {"time": "2025-10-20T19:37:02Z", "sog": 6.6, "cog": 218.2, "heading": 511, "status": "Under maskin"}}, {"type": "Feature", "geometry": {"type": "Point", "coordinates": [8.256008, 63.319241]}, "properties": {"time": "2025-10-20T19:37:31Z", "sog": 6.5, "cog": 219.6, "heading": 511, "status": "Under maskin"}}, {"type": "Feature", "geometry": {"type": "Point", "coordinates": [8.254788, 63.318569]}, "properties": {"time": "2025-10-20T19:38:02Z", "sog": 6.4, "cog": 218.0, "heading": 511, "status": "Under maskin"}}, {"type": "Feature", "geometry": {"type": "Point", "coordinates": [8.253652, 63.317905]}, "properties": {"time": "2025-10-20T19:38:31Z", "sog": 6.3, "cog": 216.0, "heading": 511, "status": "Under maskin"}}, {"type": "Feature", "geometry": {"type": "Point", "coordinates": [8.252407, 63.317223]}, "properties": {"time": "2025-10-20T19:39:02Z", "sog": 6.3, "cog": 219.6, "heading": 511, "status": "Under maskin"}}, {"type": "Feature", "geometry": {"type": "Point", "coordinates": [8.248555, 63.315338]}, "properties": {"time": "2025-10-20T19:40:31Z", "sog": 6.1, "cog": 224.1, "heading": 511, "status": "Under maskin"}}, {"type": "Feature", "geometry": {"type": "Point", "coordinates": [8.247157, 63.314732]}, "properties": {"time": "2025-10-20T19:41:02Z", "sog": 6.3, "cog": 226.4, "heading": 511, "status": "Under maskin"}}, {"type": "Feature", "geometry": {"type": "Point", "coordinates": [8.245802, 63.314152]}, "properties": {"time": "2025-10-20T19:41:31Z", "sog": 6.1, "cog": 225.6, "heading": 511, "status": "Under maskin"}}, {"type": "Feature", "geometry": {"type": "Point", "coordinates": [8.244248, 63.313484]}, "properties": {"time": "2025-10-20T19:42:04Z", "sog": 6.7, "cog": 228.4, "heading": 511, "status": "Under maskin"}}, {"type": "Feature", "geometry": {"type": "Point", "coordinates": [8.24296, 63.31292]}, "properties": {"time": "2025-10-20T19:42:31Z", "sog": 6.4, "cog": 226.2, "heading": 511, "status": "Under maskin"}}, {"type": "Feature", "geometry": {"type": "Point", "coordinates": [8.241502, 63.312263]}, "properties": {"time": "2025-10-20T19:43:04Z", "sog": 6.3, "cog": 227.1, "heading": 511, "status": "Under maskin"}}, {"type": "Feature", "geometry": {"type": "Point", "coordinates": [8.238832, 63.311024]}, "properties": {"time": "2025-10-20T19:44:04Z", "sog": 6.0, "cog": 220.5, "heading": 511, "status": "Under maskin"}}, {"type": "Feature", "geometry": {"type": "Point", "coordinates": [8.23611, 63.309765]}, "properties": {"time": "2025-10-20T19:45:04Z", "sog": 6.0, "cog": 224.3, "heading": 511, "status": "Under maskin"}}, {"type": "Feature", "geometry": {"type": "Point", "coordinates": [8.23484, 63.309196]}, "properties": {"time": "2025-10-20T19:45:33Z", "sog": 6.3, "cog": 223.5, "heading": 511, "status": "Under maskin"}}, {"type": "Feature", "geometry": {"type": "Point", "coordinates": [8.23335, 63.308533]}, "properties": {"time": "2025-10-20T19:46:05Z", "sog": 6.5, "cog": 224.7, "heading": 511, "status": "Under maskin"}}, {"type": "Feature", "geometry": {"type": "Point", "coordinates": [8.232112, 63.307957]}, "properties": {"time": "2025-10-20T19:46:33Z", "sog": 6.1, "cog": 221.8, "heading": 511, "status": "Under maskin"}}, {"type": "Feature", "geometry": {"type": "Point", "coordinates": [8.230725, 63.307278]}, "properties": {"time": "2025-10-20T19:47:05Z", "sog": 6.4, "cog": 223.6, "heading": 511, "status": "Under maskin"}}, {"type": "Feature", "geometry": {"type": "Point", "coordinates": [8.229478, 63.306698]}, "properties": {"time": "2025-10-20T19:47:33Z", "sog": 6.1, "cog": 222.9, "heading": 511, "status": "Under maskin"}}, {"type": "Feature", "geometry": {"type": "Point", "coordinates": [8.223155, 63.304401]}, "properties": {"time": "2025-10-20T19:49:33Z", "sog": 7.0, "cog": 239.7, "heading": 511, "status": "Under maskin"}}, {"type": "Feature", "geometry": {"type": "Point", "coordinates": [8.221316, 63.30389]}, "properties": {"time": "2025-10-20T19:50:02Z", "sog": 7.0, "cog": 237.4, "heading": 511, "status": "Under maskin"}}, {"type": "Feature", "geometry": {"type": "Point", "coordinates": [8.219423, 63.303364]}, "properties": {"time": "2025-10-20T19:50:33Z", "sog": 7.0, "cog": 239.4, "heading": 511, "status": "Under maskin"}}, {"type": "Feature", "geometry": {"type": "Point", "coordinates": [8.215874, 63.302311]}, "properties": {"time": "2025-10-20T19:51:33Z", "sog": 7.1, "cog": 238.0, "heading": 511, "status": "Under maskin"}}, {"type": "Feature", "geometry": {"type": "Point", "coordinates": [8.210657, 63.30072]}, "properties": {"time": "2025-10-20T19:53:02Z", "sog": 7.0, "cog": 234.9, "heading": 511, "status": "Under maskin"}}, {"type": "Feature", "geometry": {"type": "Point", "coordinates": [8.20876, 63.300125]}, "properties": {"time": "2025-10-20T19:53:34Z", "sog": 6.9, "cog": 235.9, "heading": 511, "status": "Under maskin"}}, {"type": "Feature", "geometry": {"type": "Point", "coordinates": [8.201687, 63.29797]}, "properties": {"time": "2025-10-20T19:55:34Z", "sog": 7.0, "cog": 234.8, "heading": 511, "status": "Under maskin"}}, {"type": "Feature", "geometry": {"type": "Point", "coordinates": [8.199959, 63.297424]}, "properties": {"time": "2025-10-20T19:56:04Z", "sog": 6.8, "cog": 235.5, "heading": 511, "status": "Under maskin"}}, {"type": "Feature", "geometry": {"type": "Point", "coordinates": [8.19815, 63.296875]}, "properties": {"time": "2025-10-20T19:56:34Z", "sog": 6.9, "cog": 237.3, "heading": 511, "status": "Under maskin"}}, {"type": "Feature", "geometry": {"type": "Point", "coordinates": [8.196392, 63.296341]}, "properties": {"time": "2025-10-20T19:57:04Z", "sog": 6.8, "cog": 234.2, "heading": 511, "status": "Under maskin"}}, {"type": "Feature", "geometry": {"type": "Point", "coordinates": [8.194828, 63.295856]}, "properties": {"time": "2025-10-20T19:57:32Z", "sog": 6.8, "cog": 235.8, "heading": 511, "status": "Under maskin"}}, {"type": "Feature", "geometry": {"type": "Point", "coordinates": [8.192958, 63.295284]}, "properties": {"time": "2025-10-20T19:58:04Z", "sog": 6.9, "cog": 236.4, "heading": 511, "status": "Under maskin"}}, {"type": "Feature", "geometry": {"type": "Point", "coordinates": [8.191272, 63.294785]}, "properties": {"time": "2025-10-20T19:58:32Z", "sog": 6.8, "cog": 236.3, "heading": 511, "status": "Under maskin"}}, {"type": "Feature", "geometry": {"type": "Point", "coordinates": [8.189379, 63.294201]}, "properties": {"time": "2025-10-20T19:59:04Z", "sog": 7.1, "cog": 235.5, "heading": 511, "status": "Under maskin"}}, {"type": "Feature", "geometry": {"type": "Point", "coordinates": [8.185964, 63.293144]}, "properties": {"time": "2025-10-20T20:00:01Z", "sog": 7.0, "cog": 234.1, "heading": 511, "status": "Under maskin"}}, {"type": "Feature", "geometry": {"type": "Point", "coordinates": [8.184129, 63.292587]}, "properties": {"time": "2025-10-20T20:00:32Z", "sog": 7.2, "cog": 233.9, "heading": 511, "status": "Under maskin"}}, {"type": "Feature", "geometry": {"type": "Point", "coordinates": [8.182411, 63.292068]}, "properties": {"time": "2025-10-20T20:01:01Z", "sog": 7.1, "cog": 236.7, "heading": 511, "status": "Under maskin"}}, {"type": "Feature", "geometry": {"type": "Point", "coordinates": [8.17879, 63.290989]}, "properties": {"time": "2025-10-20T20:02:01Z", "sog": 7.1, "cog": 237.4, "heading": 511, "status": "Under maskin"}}, {"type": "Feature", "geometry": {"type": "Point", "coordinates": [8.162498, 63.285992]}, "properties": {"time": "2025-10-20T20:06:33Z", "sog": 7.1, "cog": 234.7, "heading": 511, "status": "Under maskin"}}, {"type": "Feature", "geometry": {"type": "Point", "coordinates": [8.158876, 63.284885]}, "properties": {"time": "2025-10-20T20:07:33Z", "sog": 7.2, "cog": 236.4, "heading": 511, "status": "Under maskin"}}, {"type": "Feature", "geometry": {"type": "Point", "coordinates": [8.150045, 63.282299]}, "properties": {"time": "2025-10-20T20:09:59Z", "sog": 6.9, "cog": 236.4, "heading": 511, "status": "Under maskin"}}, {"type": "Feature", "geometry": {"type": "Point", "coordinates": [8.146383, 63.281231]}, "properties": {"time": "2025-10-20T20:10:59Z", "sog": 6.9, "cog": 238.2, "heading": 511, "status": "Under maskin"}}, {"type": "Feature", "geometry": {"type": "Point", "coordinates": [8.141048, 63.279644]}, "properties": {"time": "2025-10-20T20:12:29Z", "sog": 6.7, "cog": 238.0, "heading": 511, "status": "Under maskin"}}, {"type": "Feature", "geometry": {"type": "Point", "coordinates": [8.139292, 63.279121]}, "properties": {"time": "2025-10-20T20:12:59Z", "sog": 6.9, "cog": 235.4, "heading": 511, "status": "Under maskin"}}, {"type": "Feature", "geometry": {"type": "Point", "coordinates": [8.135798, 63.278046]}, "properties": {"time": "2025-10-20T20:13:59Z", "sog": 7.0, "cog": 235.1, "heading": 511, "status": "Under maskin"}}, {"type": "Feature", "geometry": {"type": "Point", "coordinates": [8.133993, 63.277485]}, "properties": {"time": "2025-10-20T20:14:30Z", "sog": 6.8, "cog": 235.1, "heading": 511, "status": "Under maskin"}}, {"type": "Feature", "geometry": {"type": "Point", "coordinates": [8.132281, 63.27697]}, "properties": {"time": "2025-10-20T20:14:58Z", "sog": 7.0, "cog": 234.7, "heading": 511, "status": "Under maskin"}}, {"type": "Feature", "geometry": {"type": "Point", "coordinates": [8.130442, 63.276398]}, "properties": {"time": "2025-10-20T20:15:30Z", "sog": 7.1, "cog": 236.1, "heading": 511, "status": "Under maskin"}}, {"type": "Feature", "geometry": {"type": "Point", "coordinates": [8.128728, 63.275852]}, "properties": {"time": "2025-10-20T20:15:58Z", "sog": 7.1, "cog": 235.9, "heading": 511, "status": "Under maskin"}}, {"type": "Feature", "geometry": {"type": "Point", "coordinates": [8.126805, 63.275269]}, "properties": {"time": "2025-10-20T20:16:30Z", "sog": 7.0, "cog": 237.3, "heading": 511, "status": "Under maskin"}}, {"type": "Feature", "geometry": {"type": "Point", "coordinates": [8.125122, 63.274754]}, "properties": {"time": "2025-10-20T20:16:58Z", "sog": 7.0, "cog": 236.0, "heading": 511, "status": "Under maskin"}}, {"type": "Feature", "geometry": {"type": "Point", "coordinates": [8.12322, 63.274178]}, "properties": {"time": "2025-10-20T20:17:30Z", "sog": 7.0, "cog": 236.0, "heading": 511, "status": "Under maskin"}}, {"type": "Feature", "geometry": {"type": "Point", "coordinates": [8.121589, 63.273693]}, "properties": {"time": "2025-10-20T20:17:58Z", "sog": 7.0, "cog": 238.3, "heading": 511, "status": "Under maskin"}}, {"type": "Feature", "geometry": {"type": "Point", "coordinates": [8.11958, 63.273159]}, "properties": {"time": "2025-10-20T20:18:30Z", "sog": 6.9, "cog": 239.3, "heading": 511, "status": "Under maskin"}}, {"type": "Feature", "geometry": {"type": "Point", "coordinates": [8.11777, 63.272671]}, "properties": {"time": "2025-10-20T20:18:58Z", "sog": 7.1, "cog": 239.4, "heading": 511, "status": "Under maskin"}}, {"type": "Feature", "geometry": {"type": "Point", "coordinates": [8.114008, 63.271664]}, "properties": {"time": "2025-10-20T20:19:58Z", "sog": 7.0, "cog": 240.2, "heading": 511, "status": "Under maskin"}}, {"type": "Feature", "geometry": {"type": "Point", "coordinates": [8.110282, 63.270676]}, "properties": {"time": "2025-10-20T20:20:58Z", "sog": 7.3, "cog": 240.9, "heading": 511, "status": "Under maskin"}}, {"type": "Feature", "geometry": {"type": "Point", "coordinates": [8.108111, 63.270115]}, "properties": {"time": "2025-10-20T20:21:32Z", "sog": 7.2, "cog": 239.9, "heading": 511, "status": "Under maskin"}}, {"type": "Feature", "geometry": {"type": "Point", "coordinates": [8.106256, 63.269627]}, "properties": {"time": "2025-10-20T20:22:01Z", "sog": 7.2, "cog": 237.9, "heading": 511, "status": "Under maskin"}}, {"type": "Feature", "geometry": {"type": "Point", "coordinates": [8.104267, 63.2691]}, "properties": {"time": "2025-10-20T20:22:32Z", "sog": 7.4, "cog": 240.5, "heading": 511, "status": "Under maskin"}}, {"type": "Feature", "geometry": {"type": "Point", "coordinates": [8.102413, 63.26862]}, "properties": {"time": "2025-10-20T20:23:01Z", "sog": 7.2, "cog": 239.7, "heading": 511, "status": "Under maskin"}}, {"type": "Feature", "geometry": {"type": "Point", "coordinates": [8.100438, 63.268105]}, "properties": {"time": "2025-10-20T20:23:32Z", "sog": 7.3, "cog": 240.1, "heading": 511, "status": "Under maskin"}}, {"type": "Feature", "geometry": {"type": "Point", "coordinates": [8.09859, 63.26762]}, "properties": {"time": "2025-10-20T20:24:01Z", "sog": 7.3, "cog": 239.3, "heading": 511, "status": "Under maskin"}}, {"type": "Feature", "geometry": {"type": "Point", "coordinates": [8.096588, 63.267082]}, "properties": {"time": "2025-10-20T20:24:32Z", "sog": 7.2, "cog": 238.2, "heading": 511, "status": "Under maskin"}}, {"type": "Feature", "geometry": {"type": "Point", "coordinates": [8.094851, 63.26659]}, "properties": {"time": "2025-10-20T20:25:01Z", "sog": 7.2, "cog": 238.9, "heading": 511, "status": "Under maskin"}}, {"type": "Feature", "geometry": {"type": "Point", "coordinates": [8.092923, 63.266064]}, "properties": {"time": "2025-10-20T20:25:32Z", "sog": 7.2, "cog": 236.6, "heading": 511, "status": "Under maskin"}}, {"type": "Feature", "geometry": {"type": "Point", "coordinates": [8.091122, 63.26556]}, "properties": {"time": "2025-10-20T20:26:01Z", "sog": 7.2, "cog": 240.0, "heading": 511, "status": "Under maskin"}}, {"type": "Feature", "geometry": {"type": "Point", "coordinates": [8.089133, 63.265076]}, "properties": {"time": "2025-10-20T20:26:32Z", "sog": 7.1, "cog": 240.9, "heading": 511, "status": "Under maskin"}}, {"type": "Feature", "geometry": {"type": "Point", "coordinates": [8.087347, 63.26461]}, "properties": {"time": "2025-10-20T20:26:59Z", "sog": 7.0, "cog": 241.0, "heading": 511, "status": "Under maskin"}}, {"type": "Feature", "geometry": {"type": "Point", "coordinates": [8.085508, 63.264133]}, "properties": {"time": "2025-10-20T20:27:29Z", "sog": 7.2, "cog": 239.5, "heading": 511, "status": "Under maskin"}}, {"type": "Feature", "geometry": {"type": "Point", "coordinates": [8.08353, 63.263618]}, "properties": {"time": "2025-10-20T20:27:59Z", "sog": 7.2, "cog": 241.1, "heading": 511, "status": "Under maskin"}}, {"type": "Feature", "geometry": {"type": "Point", "coordinates": [8.079753, 63.26263]}, "properties": {"time": "2025-10-20T20:28:59Z", "sog": 7.3, "cog": 240.9, "heading": 511, "status": "Under maskin"}}, {"type": "Feature", "geometry": {"type": "Point", "coordinates": [8.077837, 63.262131]}, "properties": {"time": "2025-10-20T20:29:29Z", "sog": 7.3, "cog": 240.8, "heading": 511, "status": "Under maskin"}}, {"type": "Feature", "geometry": {"type": "Point", "coordinates": [8.075903, 63.26162]}, "properties": {"time": "2025-10-20T20:29:59Z", "sog": 7.4, "cog": 239.6, "heading": 511, "status": "Under maskin"}}, {"type": "Feature", "geometry": {"type": "Point", "coordinates": [8.07397, 63.261124]}, "properties": {"time": "2025-10-20T20:30:29Z", "sog": 7.1, "cog": 240.9, "heading": 511, "status": "Under maskin"}}, {"type": "Feature", "geometry": {"type": "Point", "coordinates": [8.071974, 63.260605]}, "properties": {"time": "2025-10-20T20:30:59Z", "sog": 7.3, "cog": 239.0, "heading": 511, "status": "Under maskin"}}, {"type": "Feature", "geometry": {"type": "Point", "coordinates": [8.06989, 63.260036]}, "properties": {"time": "2025-10-20T20:31:32Z", "sog": 7.1, "cog": 238.8, "heading": 511, "status": "Under maskin"}}, {"type": "Feature", "geometry": {"type": "Point", "coordinates": [8.068238, 63.25959]}, "properties": {"time": "2025-10-20T20:31:59Z", "sog": 7.1, "cog": 239.8, "heading": 511, "status": "Under maskin"}}, {"type": "Feature", "geometry": {"type": "Point", "coordinates": [8.066147, 63.259003]}, "properties": {"time": "2025-10-20T20:32:32Z", "sog": 7.3, "cog": 237.9, "heading": 511, "status": "Under maskin"}}, {"type": "Feature", "geometry": {"type": "Point", "coordinates": [8.062297, 63.257977]}, "properties": {"time": "2025-10-20T20:33:32Z", "sog": 7.3, "cog": 240.1, "heading": 511, "status": "Under maskin"}}, {"type": "Feature", "geometry": {"type": "Point", "coordinates": [8.058325, 63.256954]}, "properties": {"time": "2025-10-20T20:34:32Z", "sog": 7.3, "cog": 241.7, "heading": 511, "status": "Under maskin"}}, {"type": "Feature", "geometry": {"type": "Point", "coordinates": [8.054327, 63.255997]}, "properties": {"time": "2025-10-20T20:35:32Z", "sog": 7.5, "cog": 241.0, "heading": 511, "status": "Under maskin"}}, {"type": "Feature", "geometry": {"type": "Point", "coordinates": [8.050462, 63.255028]}, "properties": {"time": "2025-10-20T20:36:32Z", "sog": 7.3, "cog": 240.6, "heading": 511, "status": "Under maskin"}}, {"type": "Feature", "geometry": {"type": "Point", "coordinates": [8.04854, 63.25457]}, "properties": {"time": "2025-10-20T20:37:01Z", "sog": 7.3, "cog": 242.9, "heading": 511, "status": "Under maskin"}}, {"type": "Feature", "geometry": {"type": "Point", "coordinates": [8.046507, 63.254078]}, "properties": {"time": "2025-10-20T20:37:32Z", "sog": 7.3, "cog": 242.9, "heading": 511, "status": "Under maskin"}}, {"type": "Feature", "geometry": {"type": "Point", "coordinates": [8.044563, 63.253582]}, "properties": {"time": "2025-10-20T20:38:01Z", "sog": 7.5, "cog": 241.6, "heading": 511, "status": "Under maskin"}}, {"type": "Feature", "geometry": {"type": "Point", "coordinates": [8.042592, 63.253101]}, "properties": {"time": "2025-10-20T20:38:31Z", "sog": 7.2, "cog": 239.5, "heading": 511, "status": "Under maskin"}}, {"type": "Feature", "geometry": {"type": "Point", "coordinates": [8.040664, 63.252598]}, "properties": {"time": "2025-10-20T20:39:01Z", "sog": 7.2, "cog": 240.4, "heading": 511, "status": "Under maskin"}}, {"type": "Feature", "geometry": {"type": "Point", "coordinates": [8.038765, 63.252125]}, "properties": {"time": "2025-10-20T20:39:31Z", "sog": 7.2, "cog": 240.1, "heading": 511, "status": "Under maskin"}}, {"type": "Feature", "geometry": {"type": "Point", "coordinates": [8.036778, 63.251659]}, "properties": {"time": "2025-10-20T20:40:01Z", "sog": 7.2, "cog": 243.4, "heading": 511, "status": "Under maskin"}}, {"type": "Feature", "geometry": {"type": "Point", "coordinates": [8.034823, 63.251175]}, "properties": {"time": "2025-10-20T20:40:31Z", "sog": 7.3, "cog": 241.1, "heading": 511, "status": "Under maskin"}}, {"type": "Feature", "geometry": {"type": "Point", "coordinates": [8.030851, 63.250195]}, "properties": {"time": "2025-10-20T20:41:31Z", "sog": 7.3, "cog": 240.3, "heading": 511, "status": "Under maskin"}}, {"type": "Feature", "geometry": {"type": "Point", "coordinates": [8.018976, 63.247276]}, "properties": {"time": "2025-10-20T20:44:32Z", "sog": 7.2, "cog": 242.2, "heading": 511, "status": "Under maskin"}}, {"type": "Feature", "geometry": {"type": "Point", "coordinates": [8.01497, 63.246315]}, "properties": {"time": "2025-10-20T20:45:32Z", "sog": 7.2, "cog": 241.8, "heading": 511, "status": "Under maskin"}}, {"type": "Feature", "geometry": {"type": "Point", "coordinates": [8.013171, 63.245892]}, "properties": {"time": "2025-10-20T20:45:59Z", "sog": 7.5, "cog": 242.0, "heading": 511, "status": "Under maskin"}}, {"type": "Feature", "geometry": {"type": "Point", "coordinates": [8.010983, 63.245354]}, "properties": {"time": "2025-10-20T20:46:32Z", "sog": 7.4, "cog": 239.4, "heading": 511, "status": "Under maskin"}}, {"type": "Feature", "geometry": {"type": "Point", "coordinates": [8.009033, 63.244846]}, "properties": {"time": "2025-10-20T20:47:01Z", "sog": 7.4, "cog": 238.4, "heading": 511, "status": "Under maskin"}}, {"type": "Feature", "geometry": {"type": "Point", "coordinates": [8.007055, 63.244274]}, "properties": {"time": "2025-10-20T20:47:32Z", "sog": 7.3, "cog": 236.8, "heading": 511, "status": "Under maskin"}}, {"type": "Feature", "geometry": {"type": "Point", "coordinates": [8.00525, 63.243774]}, "properties": {"time": "2025-10-20T20:48:01Z", "sog": 7.3, "cog": 239.4, "heading": 511, "status": "Under maskin"}}, {"type": "Feature", "geometry": {"type": "Point", "coordinates": [8.003255, 63.243229]}, "properties": {"time": "2025-10-20T20:48:32Z", "sog": 7.4, "cog": 237.9, "heading": 511, "status": "Under maskin"}}, {"type": "Feature", "geometry": {"type": "Point", "coordinates": [8.001369, 63.242733]}, "properties": {"time": "2025-10-20T20:49:01Z", "sog": 7.2, "cog": 239.6, "heading": 511, "status": "Under maskin"}}, {"type": "Feature", "geometry": {"type": "Point", "coordinates": [7.999347, 63.242195]}, "properties": {"time": "2025-10-20T20:49:32Z", "sog": 7.5, "cog": 239.6, "heading": 511, "status": "Under maskin"}}, {"type": "Feature", "geometry": {"type": "Point", "coordinates": [7.997402, 63.241661]}, "properties": {"time": "2025-10-20T20:50:01Z", "sog": 7.4, "cog": 238.6, "heading": 511, "status": "Under maskin"}}, {"type": "Feature", "geometry": {"type": "Point", "coordinates": [7.995463, 63.241123]}, "properties": {"time": "2025-10-20T20:50:32Z", "sog": 7.3, "cog": 239.8, "heading": 511, "status": "Under maskin"}}, {"type": "Feature", "geometry": {"type": "Point", "coordinates": [7.99358, 63.240616]}, "properties": {"time": "2025-10-20T20:51:01Z", "sog": 7.2, "cog": 238.7, "heading": 511, "status": "Under maskin"}}, {"type": "Feature", "geometry": {"type": "Point", "coordinates": [7.991585, 63.240067]}, "properties": {"time": "2025-10-20T20:51:32Z", "sog": 7.6, "cog": 239.4, "heading": 511, "status": "Under maskin"}}, {"type": "Feature", "geometry": {"type": "Point", "coordinates": [7.989685, 63.239567]}, "properties": {"time": "2025-10-20T20:52:01Z", "sog": 7.3, "cog": 238.8, "heading": 511, "status": "Under maskin"}}, {"type": "Feature", "geometry": {"type": "Point", "coordinates": [7.987673, 63.239025]}, "properties": {"time": "2025-10-20T20:52:32Z", "sog": 7.4, "cog": 238.9, "heading": 511, "status": "Under maskin"}}, {"type": "Feature", "geometry": {"type": "Point", "coordinates": [7.98576, 63.238487]}, "properties": {"time": "2025-10-20T20:53:01Z", "sog": 7.3, "cog": 238.0, "heading": 511, "status": "Under maskin"}}, {"type": "Feature", "geometry": {"type": "Point", "coordinates": [7.983812, 63.237953]}, "properties": {"time": "2025-10-20T20:53:32Z", "sog": 7.1, "cog": 240.3, "heading": 511, "status": "Under maskin"}}, {"type": "Feature", "geometry": {"type": "Point", "coordinates": [7.981874, 63.237438]}, "properties": {"time": "2025-10-20T20:54:01Z", "sog": 7.5, "cog": 237.4, "heading": 511, "status": "Under maskin"}}, {"type": "Feature", "geometry": {"type": "Point", "coordinates": [7.979952, 63.236893]}, "properties": {"time": "2025-10-20T20:54:32Z", "sog": 7.3, "cog": 238.8, "heading": 511, "status": "Under maskin"}}, {"type": "Feature", "geometry": {"type": "Point", "coordinates": [7.97823, 63.23642]}, "properties": {"time": "2025-10-20T20:54:59Z", "sog": 7.1, "cog": 237.4, "heading": 511, "status": "Under maskin"}}, {"type": "Feature", "geometry": {"type": "Point", "coordinates": [7.976185, 63.235847]}, "properties": {"time": "2025-10-20T20:55:32Z", "sog": 7.5, "cog": 238.1, "heading": 511, "status": "Under maskin"}}, {"type": "Feature", "geometry": {"type": "Point", "coordinates": [7.974433, 63.235344]}, "properties": {"time": "2025-10-20T20:55:59Z", "sog": 7.1, "cog": 237.4, "heading": 511, "status": "Under maskin"}}, {"type": "Feature", "geometry": {"type": "Point", "coordinates": [7.972322, 63.234745]}, "properties": {"time": "2025-10-20T20:56:32Z", "sog": 7.4, "cog": 238.3, "heading": 511, "status": "Under maskin"}}, {"type": "Feature", "geometry": {"type": "Point", "coordinates": [7.97061, 63.234245]}, "properties": {"time": "2025-10-20T20:56:59Z", "sog": 7.3, "cog": 238.1, "heading": 511, "status": "Under maskin"}}, {"type": "Feature", "geometry": {"type": "Point", "coordinates": [7.968482, 63.23365]}, "properties": {"time": "2025-10-20T20:57:32Z", "sog": 7.8, "cog": 238.3, "heading": 511, "status": "Under maskin"}}, {"type": "Feature", "geometry": {"type": "Point", "coordinates": [7.966763, 63.233162]}, "properties": {"time": "2025-10-20T20:57:59Z", "sog": 7.0, "cog": 239.0, "heading": 511, "status": "Under maskin"}}, {"type": "Feature", "geometry": {"type": "Point", "coordinates": [7.964685, 63.232567]}, "properties": {"time": "2025-10-20T20:58:32Z", "sog": 7.4, "cog": 236.0, "heading": 511, "status": "Under maskin"}}, {"type": "Feature", "geometry": {"type": "Point", "coordinates": [7.962947, 63.232079]}, "properties": {"time": "2025-10-20T20:58:59Z", "sog": 7.6, "cog": 238.4, "heading": 511, "status": "Under maskin"}}, {"type": "Feature", "geometry": {"type": "Point", "coordinates": [7.960893, 63.231503]}, "properties": {"time": "2025-10-20T20:59:32Z", "sog": 7.5, "cog": 235.5, "heading": 511, "status": "Under maskin"}}, {"type": "Feature", "geometry": {"type": "Point", "coordinates": [7.959116, 63.230972]}, "properties": {"time": "2025-10-20T20:59:59Z", "sog": 7.5, "cog": 237.4, "heading": 511, "status": "Under maskin"}}, {"type": "Feature", "geometry": {"type": "Point", "coordinates": [7.956993, 63.230358]}, "properties": {"time": "2025-10-20T21:00:32Z", "sog": 7.7, "cog": 237.5, "heading": 511, "status": "Under maskin"}}, {"type": "Feature", "geometry": {"type": "Point", "coordinates": [7.955272, 63.229858]}, "properties": {"time": "2025-10-20T21:00:59Z", "sog": 7.4, "cog": 237.3, "heading": 511, "status": "Under maskin"}}, {"type": "Feature", "geometry": {"type": "Point", "coordinates": [7.953094, 63.229218]}, "properties": {"time": "2025-10-20T21:01:32Z", "sog": 7.5, "cog": 237.6, "heading": 511, "status": "Under maskin"}}, {"type": "Feature", "geometry": {"type": "Point", "coordinates": [7.951463, 63.228733]}, "properties": {"time": "2025-10-20T21:01:59Z", "sog": 7.3, "cog": 236.6, "heading": 511, "status": "Under maskin"}}, {"type": "Feature", "geometry": {"type": "Point", "coordinates": [7.949347, 63.228085]}, "properties": {"time": "2025-10-20T21:02:32Z", "sog": 7.4, "cog": 238.1, "heading": 511, "status": "Under maskin"}}, {"type": "Feature", "geometry": {"type": "Point", "coordinates": [7.947639, 63.227596]}, "properties": {"time": "2025-10-20T21:03:00Z", "sog": 7.5, "cog": 238.3, "heading": 511, "status": "Under maskin"}}, {"type": "Feature", "geometry": {"type": "Point", "coordinates": [7.94563, 63.22702]}, "properties": {"time": "2025-10-20T21:03:32Z", "sog": 7.2, "cog": 237.4, "heading": 511, "status": "Under maskin"}}, {"type": "Feature", "geometry": {"type": "Point", "coordinates": [7.943799, 63.226501]}, "properties": {"time": "2025-10-20T21:04:00Z", "sog": 7.5, "cog": 237.3, "heading": 511, "status": "Under maskin"}}, {"type": "Feature", "geometry": {"type": "Point", "coordinates": [7.941878, 63.225937]}, "properties": {"time": "2025-10-20T21:04:32Z", "sog": 7.3, "cog": 235.7, "heading": 511, "status": "Under maskin"}}, {"type": "Feature", "geometry": {"type": "Point", "coordinates": [7.94007, 63.225407]}, "properties": {"time": "2025-10-20T21:05:00Z", "sog": 7.2, "cog": 236.7, "heading": 511, "status": "Under maskin"}}, {"type": "Feature", "geometry": {"type": "Point", "coordinates": [7.938052, 63.224846]}, "properties": {"time": "2025-10-20T21:05:32Z", "sog": 7.0, "cog": 236.6, "heading": 511, "status": "Under maskin"}}, {"type": "Feature", "geometry": {"type": "Point", "coordinates": [7.936293, 63.224354]}, "properties": {"time": "2025-10-20T21:06:00Z", "sog": 7.4, "cog": 237.3, "heading": 511, "status": "Under maskin"}}, {"type": "Feature", "geometry": {"type": "Point", "coordinates": [7.934333, 63.223797]}, "properties": {"time": "2025-10-20T21:06:32Z", "sog": 7.1, "cog": 237.4, "heading": 511, "status": "Under maskin"}}, {"type": "Feature", "geometry": {"type": "Point", "coordinates": [7.932697, 63.223343]}, "properties": {"time": "2025-10-20T21:07:00Z", "sog": 6.9, "cog": 237.2, "heading": 511, "status": "Under maskin"}}, {"type": "Feature", "geometry": {"type": "Point", "coordinates": [7.93076, 63.222816]}, "properties": {"time": "2025-10-20T21:07:32Z", "sog": 6.8, "cog": 239.9, "heading": 511, "status": "Under maskin"}}, {"type": "Feature", "geometry": {"type": "Point", "coordinates": [7.929003, 63.222343]}, "properties": {"time": "2025-10-20T21:08:00Z", "sog": 6.6, "cog": 239.1, "heading": 511, "status": "Under maskin"}}, {"type": "Feature", "geometry": {"type": "Point", "coordinates": [7.92726, 63.221874]}, "properties": {"time": "2025-10-20T21:08:30Z", "sog": 6.5, "cog": 238.7, "heading": 511, "status": "Under maskin"}}, {"type": "Feature", "geometry": {"type": "Point", "coordinates": [7.925435, 63.221355]}, "properties": {"time": "2025-10-20T21:09:00Z", "sog": 6.8, "cog": 238.1, "heading": 511, "status": "Under maskin"}}, {"type": "Feature", "geometry": {"type": "Point", "coordinates": [7.92363, 63.220875]}, "properties": {"time": "2025-10-20T21:09:30Z", "sog": 6.7, "cog": 239.1, "heading": 511, "status": "Under maskin"}}, {"type": "Feature", "geometry": {"type": "Point", "coordinates": [7.921898, 63.220398]}, "properties": {"time": "2025-10-20T21:09:59Z", "sog": 7.0, "cog": 239.7, "heading": 511, "status": "Under maskin"}}, {"type": "Feature", "geometry": {"type": "Point", "coordinates": [7.92003, 63.219902]}, "properties": {"time": "2025-10-20T21:10:30Z", "sog": 6.8, "cog": 237.9, "heading": 511, "status": "Under maskin"}}, {"type": "Feature", "geometry": {"type": "Point", "coordinates": [7.918347, 63.219437]}, "properties": {"time": "2025-10-20T21:10:59Z", "sog": 6.8, "cog": 238.8, "heading": 511, "status": "Under maskin"}}, {"type": "Feature", "geometry": {"type": "Point", "coordinates": [7.91651, 63.218918]}, "properties": {"time": "2025-10-20T21:11:30Z", "sog": 7.0, "cog": 238.8, "heading": 511, "status": "Under maskin"}}, {"type": "Feature", "geometry": {"type": "Point", "coordinates": [7.914728, 63.218418]}, "properties": {"time": "2025-10-20T21:11:59Z", "sog": 6.9, "cog": 238.5, "heading": 511, "status": "Under maskin"}}, {"type": "Feature", "geometry": {"type": "Point", "coordinates": [7.912928, 63.217945]}, "properties": {"time": "2025-10-20T21:12:30Z", "sog": 6.8, "cog": 238.2, "heading": 511, "status": "Under maskin"}}, {"type": "Feature", "geometry": {"type": "Point", "coordinates": [7.91114, 63.217449]}, "properties": {"time": "2025-10-20T21:12:59Z", "sog": 6.5, "cog": 239.2, "heading": 511, "status": "Under maskin"}}, {"type": "Feature", "geometry": {"type": "Point", "coordinates": [7.909252, 63.216965]}, "properties": {"time": "2025-10-20T21:13:30Z", "sog": 6.9, "cog": 238.2, "heading": 511, "status": "Under maskin"}}, {"type": "Feature", "geometry": {"type": "Point", "coordinates": [7.907477, 63.216473]}, "properties": {"time": "2025-10-20T21:13:59Z", "sog": 7.3, "cog": 236.9, "heading": 511, "status": "Under maskin"}}, {"type": "Feature", "geometry": {"type": "Point", "coordinates": [7.905682, 63.215931]}, "properties": {"time": "2025-10-20T21:14:30Z", "sog": 6.8, "cog": 233.8, "heading": 511, "status": "Under maskin"}}, {"type": "Feature", "geometry": {"type": "Point", "coordinates": [7.903954, 63.215435]}, "properties": {"time": "2025-10-20T21:14:59Z", "sog": 6.8, "cog": 235.4, "heading": 511, "status": "Under maskin"}}, {"type": "Feature", "geometry": {"type": "Point", "coordinates": [7.9021, 63.214916]}, "properties": {"time": "2025-10-20T21:15:30Z", "sog": 6.7, "cog": 239.8, "heading": 511, "status": "Under maskin"}}, {"type": "Feature", "geometry": {"type": "Point", "coordinates": [7.90031, 63.214401]}, "properties": {"time": "2025-10-20T21:15:59Z", "sog": 7.2, "cog": 237.0, "heading": 511, "status": "Under maskin"}}, {"type": "Feature", "geometry": {"type": "Point", "coordinates": [7.898573, 63.213894]}, "properties": {"time": "2025-10-20T21:16:29Z", "sog": 6.8, "cog": 234.5, "heading": 511, "status": "Under maskin"}}, {"type": "Feature", "geometry": {"type": "Point", "coordinates": [7.896646, 63.213314]}, "properties": {"time": "2025-10-20T21:17:02Z", "sog": 6.9, "cog": 238.3, "heading": 511, "status": "Under maskin"}}, {"type": "Feature", "geometry": {"type": "Point", "coordinates": [7.89509, 63.21283]}, "properties": {"time": "2025-10-20T21:17:29Z", "sog": 6.9, "cog": 235.4, "heading": 511, "status": "Under maskin"}}, {"type": "Feature", "geometry": {"type": "Point", "coordinates": [7.893195, 63.212242]}, "properties": {"time": "2025-10-20T21:18:02Z", "sog": 6.3, "cog": 238.2, "heading": 511, "status": "Under maskin"}}, {"type": "Feature", "geometry": {"type": "Point", "coordinates": [7.891655, 63.211781]}, "properties": {"time": "2025-10-20T21:18:29Z", "sog": 6.6, "cog": 236.9, "heading": 511, "status": "Under maskin"}}, {"type": "Feature", "geometry": {"type": "Point", "coordinates": [7.889767, 63.211216]}, "properties": {"time": "2025-10-20T21:19:02Z", "sog": 6.9, "cog": 236.1, "heading": 511, "status": "Under maskin"}}, {"type": "Feature", "geometry": {"type": "Point", "coordinates": [7.888218, 63.210747]}, "properties": {"time": "2025-10-20T21:19:29Z", "sog": 6.8, "cog": 235.1, "heading": 511, "status": "Under maskin"}}, {"type": "Feature", "geometry": {"type": "Point", "coordinates": [7.886438, 63.210163]}, "properties": {"time": "2025-10-20T21:20:02Z", "sog": 6.8, "cog": 234.5, "heading": 511, "status": "Under maskin"}}, {"type": "Feature", "geometry": {"type": "Point", "coordinates": [7.884668, 63.209599]}, "properties": {"time": "2025-10-20T21:20:32Z", "sog": 6.6, "cog": 233.5, "heading": 511, "status": "Under maskin"}}, {"type": "Feature", "geometry": {"type": "Point", "coordinates": [7.883018, 63.209099]}, "properties": {"time": "2025-10-20T21:21:02Z", "sog": 6.7, "cog": 237.1, "heading": 511, "status": "Under maskin"}}, {"type": "Feature", "geometry": {"type": "Point", "coordinates": [7.88135, 63.20858]}, "properties": {"time": "2025-10-20T21:21:32Z", "sog": 6.5, "cog": 233.3, "heading": 511, "status": "Under maskin"}}, {"type": "Feature", "geometry": {"type": "Point", "coordinates": [7.87968, 63.208065]}, "properties": {"time": "2025-10-20T21:22:02Z", "sog": 6.9, "cog": 235.8, "heading": 511, "status": "Under maskin"}}, {"type": "Feature", "geometry": {"type": "Point", "coordinates": [7.877974, 63.20755]}, "properties": {"time": "2025-10-20T21:22:32Z", "sog": 6.7, "cog": 234.9, "heading": 511, "status": "Under maskin"}}, {"type": "Feature", "geometry": {"type": "Point", "coordinates": [7.876265, 63.207035]}, "properties": {"time": "2025-10-20T21:23:02Z", "sog": 6.7, "cog": 238.6, "heading": 511, "status": "Under maskin"}}, {"type": "Feature", "geometry": {"type": "Point", "coordinates": [7.874573, 63.206512]}, "properties": {"time": "2025-10-20T21:23:32Z", "sog": 6.6, "cog": 231.6, "heading": 511, "status": "Under maskin"}}, {"type": "Feature", "geometry": {"type": "Point", "coordinates": [7.87291, 63.20599]}, "properties": {"time": "2025-10-20T21:24:02Z", "sog": 6.6, "cog": 232.1, "heading": 511, "status": "Under maskin"}}, {"type": "Feature", "geometry": {"type": "Point", "coordinates": [7.871198, 63.205448]}, "properties": {"time": "2025-10-20T21:24:32Z", "sog": 6.8, "cog": 235.7, "heading": 511, "status": "Under maskin"}}, {"type": "Feature", "geometry": {"type": "Point", "coordinates": [7.86963, 63.204933]}, "properties": {"time": "2025-10-20T21:25:02Z", "sog": 6.8, "cog": 237.2, "heading": 511, "status": "Under maskin"}}, {"type": "Feature", "geometry": {"type": "Point", "coordinates": [7.867945, 63.204422]}, "properties": {"time": "2025-10-20T21:25:32Z", "sog": 6.7, "cog": 239.1, "heading": 511, "status": "Under maskin"}}, {"type": "Feature", "geometry": {"type": "Point", "coordinates": [7.866213, 63.203911]}, "properties": {"time": "2025-10-20T21:26:02Z", "sog": 6.5, "cog": 235.6, "heading": 511, "status": "Under maskin"}}, {"type": "Feature", "geometry": {"type": "Point", "coordinates": [7.864508, 63.203403]}, "properties": {"time": "2025-10-20T21:26:31Z", "sog": 6.6, "cog": 235.0, "heading": 511, "status": "Under maskin"}}, {"type": "Feature", "geometry": {"type": "Point", "coordinates": [7.862798, 63.202888]}, "properties": {"time": "2025-10-20T21:27:02Z", "sog": 6.5, "cog": 238.3, "heading": 511, "status": "Under maskin"}}, {"type": "Feature", "geometry": {"type": "Point", "coordinates": [7.86106, 63.202374]}, "properties": {"time": "2025-10-20T21:27:31Z", "sog": 6.7, "cog": 238.1, "heading": 511, "status": "Under maskin"}}, {"type": "Feature", "geometry": {"type": "Point", "coordinates": [7.859305, 63.201832]}, "properties": {"time": "2025-10-20T21:28:02Z", "sog": 6.6, "cog": 238.1, "heading": 511, "status": "Under maskin"}}, {"type": "Feature", "geometry": {"type": "Point", "coordinates": [7.857687, 63.201351]}, "properties": {"time": "2025-10-20T21:28:31Z", "sog": 6.9, "cog": 235.2, "heading": 511, "status": "Under maskin"}}, {"type": "Feature", "geometry": {"type": "Point", "coordinates": [7.855908, 63.200787]}, "properties": {"time": "2025-10-20T21:29:02Z", "sog": 6.7, "cog": 233.6, "heading": 511, "status": "Under maskin"}}, {"type": "Feature", "geometry": {"type": "Point", "coordinates": [7.854237, 63.200291]}, "properties": {"time": "2025-10-20T21:29:31Z", "sog": 6.6, "cog": 236.2, "heading": 511, "status": "Under maskin"}}, {"type": "Feature", "geometry": {"type": "Point", "coordinates": [7.852473, 63.199749]}, "properties": {"time": "2025-10-20T21:30:02Z", "sog": 6.8, "cog": 235.2, "heading": 511, "status": "Under maskin"}}, {"type": "Feature", "geometry": {"type": "Point", "coordinates": [7.850702, 63.199203]}, "properties": {"time": "2025-10-20T21:30:31Z", "sog": 6.9, "cog": 237.4, "heading": 511, "status": "Under maskin"}}, {"type": "Feature", "geometry": {"type": "Point", "coordinates": [7.849068, 63.198689]}, "properties": {"time": "2025-10-20T21:30:59Z", "sog": 6.8, "cog": 234.9, "heading": 511, "status": "Under maskin"}}, {"type": "Feature", "geometry": {"type": "Point", "coordinates": [7.847126, 63.198105]}, "properties": {"time": "2025-10-20T21:31:31Z", "sog": 7.2, "cog": 234.6, "heading": 511, "status": "Under maskin"}}, {"type": "Feature", "geometry": {"type": "Point", "coordinates": [7.845533, 63.19762]}, "properties": {"time": "2025-10-20T21:31:59Z", "sog": 7.1, "cog": 235.9, "heading": 511, "status": "Under maskin"}}, {"type": "Feature", "geometry": {"type": "Point", "coordinates": [7.84368, 63.197102]}, "properties": {"time": "2025-10-20T21:32:28Z", "sog": 7.4, "cog": 241.5, "heading": 511, "status": "Under maskin"}}, {"type": "Feature", "geometry": {"type": "Point", "coordinates": [7.841818, 63.196602]}, "properties": {"time": "2025-10-20T21:32:59Z", "sog": 6.8, "cog": 240.2, "heading": 511, "status": "Under maskin"}}, {"type": "Feature", "geometry": {"type": "Point", "coordinates": [7.839978, 63.196098]}, "properties": {"time": "2025-10-20T21:33:28Z", "sog": 6.8, "cog": 236.0, "heading": 511, "status": "Under maskin"}}, {"type": "Feature", "geometry": {"type": "Point", "coordinates": [7.838057, 63.19556]}, "properties": {"time": "2025-10-20T21:33:59Z", "sog": 7.2, "cog": 238.1, "heading": 511, "status": "Under maskin"}}, {"type": "Feature", "geometry": {"type": "Point", "coordinates": [7.836252, 63.195045]}, "properties": {"time": "2025-10-20T21:34:28Z", "sog": 7.1, "cog": 232.6, "heading": 511, "status": "Under maskin"}}, {"type": "Feature", "geometry": {"type": "Point", "coordinates": [7.834373, 63.194511]}, "properties": {"time": "2025-10-20T21:34:59Z", "sog": 7.1, "cog": 239.7, "heading": 511, "status": "Under maskin"}}, {"type": "Feature", "geometry": {"type": "Point", "coordinates": [7.83249, 63.193989]}, "properties": {"time": "2025-10-20T21:35:28Z", "sog": 7.2, "cog": 238.2, "heading": 511, "status": "Under maskin"}}, {"type": "Feature", "geometry": {"type": "Point", "coordinates": [7.830542, 63.193462]}, "properties": {"time": "2025-10-20T21:36:00Z", "sog": 6.9, "cog": 241.4, "heading": 511, "status": "Under maskin"}}, {"type": "Feature", "geometry": {"type": "Point", "coordinates": [7.828727, 63.192963]}, "properties": {"time": "2025-10-20T21:36:28Z", "sog": 7.4, "cog": 239.6, "heading": 511, "status": "Under maskin"}}, {"type": "Feature", "geometry": {"type": "Point", "coordinates": [7.826712, 63.192417]}, "properties": {"time": "2025-10-20T21:37:00Z", "sog": 7.4, "cog": 238.7, "heading": 511, "status": "Under maskin"}}, {"type": "Feature", "geometry": {"type": "Point", "coordinates": [7.82489, 63.191948]}, "properties": {"time": "2025-10-20T21:37:28Z", "sog": 7.3, "cog": 241.2, "heading": 511, "status": "Under maskin"}}, {"type": "Feature", "geometry": {"type": "Point", "coordinates": [7.822857, 63.19141]}, "properties": {"time": "2025-10-20T21:38:00Z", "sog": 7.4, "cog": 238.5, "heading": 511, "status": "Under maskin"}}, {"type": "Feature", "geometry": {"type": "Point", "coordinates": [7.820922, 63.190868]}, "properties": {"time": "2025-10-20T21:38:32Z", "sog": 7.3, "cog": 242.0, "heading": 511, "status": "Under maskin"}}, {"type": "Feature", "geometry": {"type": "Point", "coordinates": [7.819153, 63.190388]}, "properties": {"time": "2025-10-20T21:39:00Z", "sog": 7.2, "cog": 234.1, "heading": 511, "status": "Under maskin"}}, {"type": "Feature", "geometry": {"type": "Point", "coordinates": [7.817157, 63.189857]}, "properties": {"time": "2025-10-20T21:39:32Z", "sog": 7.1, "cog": 241.1, "heading": 511, "status": "Under maskin"}}, {"type": "Feature", "geometry": {"type": "Point", "coordinates": [7.815395, 63.189381]}, "properties": {"time": "2025-10-20T21:40:00Z", "sog": 7.2, "cog": 234.6, "heading": 511, "status": "Under maskin"}}, {"type": "Feature", "geometry": {"type": "Point", "coordinates": [7.813342, 63.18882]}, "properties": {"time": "2025-10-20T21:40:32Z", "sog": 7.0, "cog": 235.2, "heading": 511, "status": "Under maskin"}}, {"type": "Feature", "geometry": {"type": "Point", "coordinates": [7.811708, 63.188416]}, "properties": {"time": "2025-10-20T21:40:59Z", "sog": 7.3, "cog": 239.7, "heading": 511, "status": "Under maskin"}}, {"type": "Feature", "geometry": {"type": "Point", "coordinates": [7.809595, 63.187881]}, "properties": {"time": "2025-10-20T21:41:32Z", "sog": 7.0, "cog": 239.8, "heading": 511, "status": "Under maskin"}}, {"type": "Feature", "geometry": {"type": "Point", "coordinates": [7.807932, 63.187496]}, "properties": {"time": "2025-10-20T21:41:59Z", "sog": 6.7, "cog": 241.0, "heading": 511, "status": "Under maskin"}}, {"type": "Feature", "geometry": {"type": "Point", "coordinates": [7.805807, 63.186981]}, "properties": {"time": "2025-10-20T21:42:32Z", "sog": 7.3, "cog": 239.0, "heading": 511, "status": "Under maskin"}}, {"type": "Feature", "geometry": {"type": "Point", "coordinates": [7.80416, 63.186588]}, "properties": {"time": "2025-10-20T21:42:59Z", "sog": 7.1, "cog": 244.9, "heading": 511, "status": "Under maskin"}}, {"type": "Feature", "geometry": {"type": "Point", "coordinates": [7.802078, 63.186104]}, "properties": {"time": "2025-10-20T21:43:32Z", "sog": 6.7, "cog": 245.6, "heading": 511, "status": "Under maskin"}}, {"type": "Feature", "geometry": {"type": "Point", "coordinates": [7.800378, 63.185703]}, "properties": {"time": "2025-10-20T21:43:59Z", "sog": 6.4, "cog": 242.1, "heading": 511, "status": "Under maskin"}}, {"type": "Feature", "geometry": {"type": "Point", "coordinates": [7.79823, 63.185215]}, "properties": {"time": "2025-10-20T21:44:32Z", "sog": 7.0, "cog": 247.8, "heading": 511, "status": "Under maskin"}}, {"type": "Feature", "geometry": {"type": "Point", "coordinates": [7.796593, 63.184834]}, "properties": {"time": "2025-10-20T21:44:59Z", "sog": 7.1, "cog": 246.4, "heading": 511, "status": "Under maskin"}}, {"type": "Feature", "geometry": {"type": "Point", "coordinates": [7.794453, 63.184353]}, "properties": {"time": "2025-10-20T21:45:32Z", "sog": 7.0, "cog": 243.9, "heading": 511, "status": "Under maskin"}}, {"type": "Feature", "geometry": {"type": "Point", "coordinates": [7.7928, 63.183987]}, "properties": {"time": "2025-10-20T21:45:59Z", "sog": 7.0, "cog": 242.5, "heading": 511, "status": "Under maskin"}}, {"type": "Feature", "geometry": {"type": "Point", "coordinates": [7.790825, 63.183544]}, "properties": {"time": "2025-10-20T21:46:29Z", "sog": 7.0, "cog": 242.1, "heading": 511, "status": "Under maskin"}}, {"type": "Feature", "geometry": {"type": "Point", "coordinates": [7.788784, 63.183098]}, "properties": {"time": "2025-10-20T21:47:02Z", "sog": 6.9, "cog": 243.3, "heading": 511, "status": "Under maskin"}}, {"type": "Feature", "geometry": {"type": "Point", "coordinates": [7.78699, 63.182705]}, "properties": {"time": "2025-10-20T21:47:29Z", "sog": 7.0, "cog": 240.2, "heading": 511, "status": "Under maskin"}}, {"type": "Feature", "geometry": {"type": "Point", "coordinates": [7.784885, 63.182232]}, "properties": {"time": "2025-10-20T21:48:02Z", "sog": 7.0, "cog": 238.6, "heading": 511, "status": "Under maskin"}}, {"type": "Feature", "geometry": {"type": "Point", "coordinates": [7.783178, 63.181881]}, "properties": {"time": "2025-10-20T21:48:29Z", "sog": 7.1, "cog": 246.8, "heading": 511, "status": "Under maskin"}}, {"type": "Feature", "geometry": {"type": "Point", "coordinates": [7.78103, 63.181419]}, "properties": {"time": "2025-10-20T21:49:02Z", "sog": 6.6, "cog": 245.1, "heading": 511, "status": "Under maskin"}}, {"type": "Feature", "geometry": {"type": "Point", "coordinates": [7.779235, 63.18103]}, "properties": {"time": "2025-10-20T21:49:29Z", "sog": 7.6, "cog": 247.6, "heading": 511, "status": "Under maskin"}}, {"type": "Feature", "geometry": {"type": "Point", "coordinates": [7.77711, 63.180584]}, "properties": {"time": "2025-10-20T21:50:02Z", "sog": 7.2, "cog": 245.8, "heading": 511, "status": "Under maskin"}}, {"type": "Feature", "geometry": {"type": "Point", "coordinates": [7.7753, 63.180206]}, "properties": {"time": "2025-10-20T21:50:29Z", "sog": 7.3, "cog": 248.2, "heading": 511, "status": "Under maskin"}}, {"type": "Feature", "geometry": {"type": "Point", "coordinates": [7.773227, 63.179756]}, "properties": {"time": "2025-10-20T21:51:02Z", "sog": 7.0, "cog": 243.3, "heading": 511, "status": "Under maskin"}}, {"type": "Feature", "geometry": {"type": "Point", "coordinates": [7.77148, 63.179375]}, "properties": {"time": "2025-10-20T21:51:29Z", "sog": 6.7, "cog": 241.1, "heading": 511, "status": "Under maskin"}}, {"type": "Feature", "geometry": {"type": "Point", "coordinates": [7.769262, 63.178886]}, "properties": {"time": "2025-10-20T21:52:02Z", "sog": 7.5, "cog": 247.6, "heading": 511, "status": "Under maskin"}}, {"type": "Feature", "geometry": {"type": "Point", "coordinates": [7.767488, 63.178505]}, "properties": {"time": "2025-10-20T21:52:29Z", "sog": 6.9, "cog": 242.3, "heading": 511, "status": "Under maskin"}}, {"type": "Feature", "geometry": {"type": "Point", "coordinates": [7.76543, 63.178055]}, "properties": {"time": "2025-10-20T21:53:02Z", "sog": 7.3, "cog": 245.5, "heading": 511, "status": "Under maskin"}}, {"type": "Feature", "geometry": {"type": "Point", "coordinates": [7.763484, 63.177643]}, "properties": {"time": "2025-10-20T21:53:31Z", "sog": 7.4, "cog": 243.4, "heading": 511, "status": "Under maskin"}}, {"type": "Feature", "geometry": {"type": "Point", "coordinates": [7.761348, 63.177177]}, "properties": {"time": "2025-10-20T21:54:02Z", "sog": 7.4, "cog": 247.2, "heading": 511, "status": "Under maskin"}}, {"type": "Feature", "geometry": {"type": "Point", "coordinates": [7.759472, 63.176785]}, "properties": {"time": "2025-10-20T21:54:31Z", "sog": 6.8, "cog": 247.9, "heading": 511, "status": "Under maskin"}}, {"type": "Feature", "geometry": {"type": "Point", "coordinates": [7.757585, 63.176365]}, "properties": {"time": "2025-10-20T21:55:00Z", "sog": 7.6, "cog": 242.2, "heading": 511, "status": "Under maskin"}}, {"type": "Feature", "geometry": {"type": "Point", "coordinates": [7.755518, 63.175926]}, "properties": {"time": "2025-10-20T21:55:31Z", "sog": 7.1, "cog": 241.6, "heading": 511, "status": "Under maskin"}}, {"type": "Feature", "geometry": {"type": "Point", "coordinates": [7.75357, 63.175507]}, "properties": {"time": "2025-10-20T21:56:00Z", "sog": 7.6, "cog": 244.4, "heading": 511, "status": "Under maskin"}}, {"type": "Feature", "geometry": {"type": "Point", "coordinates": [7.751505, 63.17506]}, "properties": {"time": "2025-10-20T21:56:31Z", "sog": 7.5, "cog": 245.6, "heading": 511, "status": "Under maskin"}}, {"type": "Feature", "geometry": {"type": "Point", "coordinates": [7.749575, 63.17466]}, "properties": {"time": "2025-10-20T21:57:00Z", "sog": 7.4, "cog": 244.0, "heading": 511, "status": "Under maskin"}}, {"type": "Feature", "geometry": {"type": "Point", "coordinates": [7.747509, 63.174213]}, "properties": {"time": "2025-10-20T21:57:31Z", "sog": 7.2, "cog": 248.8, "heading": 511, "status": "Under maskin"}}, {"type": "Feature", "geometry": {"type": "Point", "coordinates": [7.745604, 63.173809]}, "properties": {"time": "2025-10-20T21:58:00Z", "sog": 7.6, "cog": 241.8, "heading": 511, "status": "Under maskin"}}, {"type": "Feature", "geometry": {"type": "Point", "coordinates": [7.743677, 63.173401]}, "properties": {"time": "2025-10-20T21:58:29Z", "sog": 7.6, "cog": 242.1, "heading": 511, "status": "Under maskin"}}, {"type": "Feature", "geometry": {"type": "Point", "coordinates": [7.741615, 63.172962]}, "properties": {"time": "2025-10-20T21:59:00Z", "sog": 6.7, "cog": 243.1, "heading": 511, "status": "Under maskin"}}, {"type": "Feature", "geometry": {"type": "Point", "coordinates": [7.739686, 63.172527]}, "properties": {"time": "2025-10-20T21:59:29Z", "sog": 7.8, "cog": 246.6, "heading": 511, "status": "Under maskin"}}, {"type": "Feature", "geometry": {"type": "Point", "coordinates": [7.737608, 63.172085]}, "properties": {"time": "2025-10-20T22:00:00Z", "sog": 6.7, "cog": 244.6, "heading": 511, "status": "Under maskin"}}, {"type": "Feature", "geometry": {"type": "Point", "coordinates": [7.735695, 63.171654]}, "properties": {"time": "2025-10-20T22:00:29Z", "sog": 7.4, "cog": 241.5, "heading": 511, "status": "Under maskin"}}, {"type": "Feature", "geometry": {"type": "Point", "coordinates": [7.73365, 63.171204]}, "properties": {"time": "2025-10-20T22:01:01Z", "sog": 7.0, "cog": 242.5, "heading": 511, "status": "Under maskin"}}, {"type": "Feature", "geometry": {"type": "Point", "coordinates": [7.731712, 63.17078]}, "properties": {"time": "2025-10-20T22:01:29Z", "sog": 7.3, "cog": 248.2, "heading": 511, "status": "Under maskin"}}, {"type": "Feature", "geometry": {"type": "Point", "coordinates": [7.729558, 63.170319]}, "properties": {"time": "2025-10-20T22:02:01Z", "sog": 7.6, "cog": 242.1, "heading": 511, "status": "Under maskin"}}, {"type": "Feature", "geometry": {"type": "Point", "coordinates": [7.72766, 63.169895]}, "properties": {"time": "2025-10-20T22:02:29Z", "sog": 7.2, "cog": 243.2, "heading": 511, "status": "Under maskin"}}, {"type": "Feature", "geometry": {"type": "Point", "coordinates": [7.725595, 63.169426]}, "properties": {"time": "2025-10-20T22:03:01Z", "sog": 7.1, "cog": 244.2, "heading": 511, "status": "Under maskin"}}, {"type": "Feature", "geometry": {"type": "Point", "coordinates": [7.723711, 63.168983]}, "properties": {"time": "2025-10-20T22:03:29Z", "sog": 7.6, "cog": 244.6, "heading": 511, "status": "Under maskin"}}, {"type": "Feature", "geometry": {"type": "Point", "coordinates": [7.721652, 63.16851]}, "properties": {"time": "2025-10-20T22:04:01Z", "sog": 7.3, "cog": 244.2, "heading": 511, "status": "Under maskin"}}, {"type": "Feature", "geometry": {"type": "Point", "coordinates": [7.719802, 63.168091]}, "properties": {"time": "2025-10-20T22:04:29Z", "sog": 7.3, "cog": 242.5, "heading": 511, "status": "Under maskin"}}, {"type": "Feature", "geometry": {"type": "Point", "coordinates": [7.717797, 63.167641]}, "properties": {"time": "2025-10-20T22:04:59Z", "sog": 7.5, "cog": 247.9, "heading": 511, "status": "Under maskin"}}, {"type": "Feature", "geometry": {"type": "Point", "coordinates": [7.71571, 63.167175]}, "properties": {"time": "2025-10-20T22:05:29Z", "sog": 7.4, "cog": 241.6, "heading": 511, "status": "Under maskin"}}, {"type": "Feature", "geometry": {"type": "Point", "coordinates": [7.713722, 63.166718]}, "properties": {"time": "2025-10-20T22:05:59Z", "sog": 6.7, "cog": 239.9, "heading": 511, "status": "Under maskin"}}, {"type": "Feature", "geometry": {"type": "Point", "coordinates": [7.711763, 63.166267]}, "properties": {"time": "2025-10-20T22:06:29Z", "sog": 6.9, "cog": 240.8, "heading": 511, "status": "Under maskin"}}, {"type": "Feature", "geometry": {"type": "Point", "coordinates": [7.70984, 63.165825]}, "properties": {"time": "2025-10-20T22:06:59Z", "sog": 7.6, "cog": 240.0, "heading": 511, "status": "Under maskin"}}, {"type": "Feature", "geometry": {"type": "Point", "coordinates": [7.707891, 63.165359]}, "properties": {"time": "2025-10-20T22:07:29Z", "sog": 7.2, "cog": 240.3, "heading": 511, "status": "Under maskin"}}, {"type": "Feature", "geometry": {"type": "Point", "coordinates": [7.705898, 63.16486]}, "properties": {"time": "2025-10-20T22:07:59Z", "sog": 7.8, "cog": 245.6, "heading": 511, "status": "Under maskin"}}, {"type": "Feature", "geometry": {"type": "Point", "coordinates": [7.703917, 63.164375]}, "properties": {"time": "2025-10-20T22:08:29Z", "sog": 7.3, "cog": 241.8, "heading": 511, "status": "Under maskin"}}, {"type": "Feature", "geometry": {"type": "Point", "coordinates": [7.701933, 63.163891]}, "properties": {"time": "2025-10-20T22:08:59Z", "sog": 7.8, "cog": 240.9, "heading": 511, "status": "Under maskin"}}, {"type": "Feature", "geometry": {"type": "Point", "coordinates": [7.699975, 63.163395]}, "properties": {"time": "2025-10-20T22:09:29Z", "sog": 7.6, "cog": 238.3, "heading": 511, "status": "Under maskin"}}, {"type": "Feature", "geometry": {"type": "Point", "coordinates": [7.697854, 63.162868]}, "properties": {"time": "2025-10-20T22:10:02Z", "sog": 7.8, "cog": 244.8, "heading": 511, "status": "Under maskin"}}, {"type": "Feature", "geometry": {"type": "Point", "coordinates": [7.696058, 63.162415]}, "properties": {"time": "2025-10-20T22:10:29Z", "sog": 7.5, "cog": 244.2, "heading": 511, "status": "Under maskin"}}, {"type": "Feature", "geometry": {"type": "Point", "coordinates": [7.693882, 63.161873]}, "properties": {"time": "2025-10-20T22:11:02Z", "sog": 7.3, "cog": 240.0, "heading": 511, "status": "Under maskin"}}, {"type": "Feature", "geometry": {"type": "Point", "coordinates": [7.692035, 63.161404]}, "properties": {"time": "2025-10-20T22:11:29Z", "sog": 7.9, "cog": 240.5, "heading": 511, "status": "Under maskin"}}, {"type": "Feature", "geometry": {"type": "Point", "coordinates": [7.69, 63.160835]}, "properties": {"time": "2025-10-20T22:12:02Z", "sog": 7.2, "cog": 234.6, "heading": 511, "status": "Under maskin"}}, {"type": "Feature", "geometry": {"type": "Point", "coordinates": [7.688428, 63.160324]}, "properties": {"time": "2025-10-20T22:12:29Z", "sog": 6.1, "cog": 231.4, "heading": 511, "status": "Under maskin"}}, {"type": "Feature", "geometry": {"type": "Point", "coordinates": [7.686852, 63.159809]}, "properties": {"time": "2025-10-20T22:13:02Z", "sog": 5.8, "cog": 238.8, "heading": 511, "status": "Under maskin"}}, {"type": "Feature", "geometry": {"type": "Point", "coordinates": [7.685677, 63.159409]}, "properties": {"time": "2025-10-20T22:13:29Z", "sog": 5.2, "cog": 229.3, "heading": 511, "status": "Under maskin"}}, {"type": "Feature", "geometry": {"type": "Point", "coordinates": [7.684345, 63.158916]}, "properties": {"time": "2025-10-20T22:14:02Z", "sog": 4.7, "cog": 226.6, "heading": 511, "status": "Under maskin"}}, {"type": "Feature", "geometry": {"type": "Point", "coordinates": [7.683148, 63.158485]}, "properties": {"time": "2025-10-20T22:14:32Z", "sog": 4.8, "cog": 237.6, "heading": 511, "status": "Under maskin"}}, {"type": "Feature", "geometry": {"type": "Point", "coordinates": [7.681967, 63.158043]}, "properties": {"time": "2025-10-20T22:15:02Z", "sog": 5.0, "cog": 237.0, "heading": 511, "status": "Under maskin"}}, {"type": "Feature", "geometry": {"type": "Point", "coordinates": [7.680742, 63.157589]}, "properties": {"time": "2025-10-20T22:15:32Z", "sog": 4.9, "cog": 230.7, "heading": 511, "status": "Under maskin"}}, {"type": "Feature", "geometry": {"type": "Point", "coordinates": [7.679512, 63.157135]}, "properties": {"time": "2025-10-20T22:16:01Z", "sog": 4.6, "cog": 231.7, "heading": 511, "status": "Under maskin"}}, {"type": "Feature", "geometry": {"type": "Point", "coordinates": [7.678343, 63.156704]}, "properties": {"time": "2025-10-20T22:16:32Z", "sog": 4.7, "cog": 230.0, "heading": 511, "status": "Under maskin"}}, {"type": "Feature", "geometry": {"type": "Point", "coordinates": [7.677245, 63.1563]}, "properties": {"time": "2025-10-20T22:17:01Z", "sog": 4.9, "cog": 234.8, "heading": 511, "status": "Under maskin"}}, {"type": "Feature", "geometry": {"type": "Point", "coordinates": [7.676072, 63.155869]}, "properties": {"time": "2025-10-20T22:17:32Z", "sog": 4.5, "cog": 230.3, "heading": 511, "status": "Under maskin"}}, {"type": "Feature", "geometry": {"type": "Point", "coordinates": [7.674965, 63.155445]}, "properties": {"time": "2025-10-20T22:18:01Z", "sog": 4.3, "cog": 230.6, "heading": 511, "status": "Under maskin"}}, {"type": "Feature", "geometry": {"type": "Point", "coordinates": [7.67388, 63.155045]}, "properties": {"time": "2025-10-20T22:18:32Z", "sog": 4.5, "cog": 224.4, "heading": 511, "status": "Under maskin"}}, {"type": "Feature", "geometry": {"type": "Point", "coordinates": [7.672775, 63.154636]}, "properties": {"time": "2025-10-20T22:19:01Z", "sog": 5.0, "cog": 227.1, "heading": 511, "status": "Under maskin"}}, {"type": "Feature", "geometry": {"type": "Point", "coordinates": [7.671632, 63.154202]}, "properties": {"time": "2025-10-20T22:19:32Z", "sog": 5.3, "cog": 230.6, "heading": 511, "status": "Under maskin"}}, {"type": "Feature", "geometry": {"type": "Point", "coordinates": [7.670252, 63.153763]}, "properties": {"time": "2025-10-20T22:20:01Z", "sog": 5.0, "cog": 237.4, "heading": 511, "status": "Under maskin"}}, {"type": "Feature", "geometry": {"type": "Point", "coordinates": [7.66886, 63.153316]}, "properties": {"time": "2025-10-20T22:20:32Z", "sog": 5.3, "cog": 234.6, "heading": 511, "status": "Under maskin"}}, {"type": "Feature", "geometry": {"type": "Point", "coordinates": [7.667511, 63.152889]}, "properties": {"time": "2025-10-20T22:21:01Z", "sog": 5.7, "cog": 236.7, "heading": 511, "status": "Under maskin"}}, {"type": "Feature", "geometry": {"type": "Point", "coordinates": [7.666028, 63.15242]}, "properties": {"time": "2025-10-20T22:21:32Z", "sog": 5.5, "cog": 233.1, "heading": 511, "status": "Under maskin"}}, {"type": "Feature", "geometry": {"type": "Point", "coordinates": [7.664723, 63.151997]}, "properties": {"time": "2025-10-20T22:21:59Z", "sog": 5.8, "cog": 236.4, "heading": 511, "status": "Under maskin"}}, {"type": "Feature", "geometry": {"type": "Point", "coordinates": [7.663142, 63.151482]}, "properties": {"time": "2025-10-20T22:22:32Z", "sog": 6.2, "cog": 238.2, "heading": 511, "status": "Under maskin"}}, {"type": "Feature", "geometry": {"type": "Point", "coordinates": [7.661832, 63.151081]}, "properties": {"time": "2025-10-20T22:22:59Z", "sog": 6.2, "cog": 235.1, "heading": 511, "status": "Under maskin"}}, {"type": "Feature", "geometry": {"type": "Point", "coordinates": [7.660242, 63.150581]}, "properties": {"time": "2025-10-20T22:23:32Z", "sog": 5.6, "cog": 235.2, "heading": 511, "status": "Under maskin"}}, {"type": "Feature", "geometry": {"type": "Point", "coordinates": [7.658913, 63.150181]}, "properties": {"time": "2025-10-20T22:23:59Z", "sog": 5.8, "cog": 230.1, "heading": 511, "status": "Under maskin"}}, {"type": "Feature", "geometry": {"type": "Point", "coordinates": [7.6573, 63.149689]}, "properties": {"time": "2025-10-20T22:24:32Z", "sog": 5.7, "cog": 237.6, "heading": 511, "status": "Under maskin"}}, {"type": "Feature", "geometry": {"type": "Point", "coordinates": [7.655977, 63.149288]}, "properties": {"time": "2025-10-20T22:24:59Z", "sog": 6.1, "cog": 235.1, "heading": 511, "status": "Under maskin"}}, {"type": "Feature", "geometry": {"type": "Point", "coordinates": [7.654305, 63.148769]}, "properties": {"time": "2025-10-20T22:25:32Z", "sog": 6.0, "cog": 234.0, "heading": 511, "status": "Under maskin"}}, {"type": "Feature", "geometry": {"type": "Point", "coordinates": [7.652803, 63.1483]}, "properties": {"time": "2025-10-20T22:25:59Z", "sog": 6.2, "cog": 227.8, "heading": 511, "status": "Under maskin"}}, {"type": "Feature", "geometry": {"type": "Point", "coordinates": [7.651107, 63.147739]}, "properties": {"time": "2025-10-20T22:26:30Z", "sog": 6.7, "cog": 236.5, "heading": 511, "status": "Under maskin"}}, {"type": "Feature", "geometry": {"type": "Point", "coordinates": [7.649478, 63.147205]}, "properties": {"time": "2025-10-20T22:26:59Z", "sog": 7.0, "cog": 238.5, "heading": 511, "status": "Under maskin"}}, {"type": "Feature", "geometry": {"type": "Point", "coordinates": [7.64771, 63.146637]}, "properties": {"time": "2025-10-20T22:27:30Z", "sog": 6.5, "cog": 233.1, "heading": 511, "status": "Under maskin"}}, {"type": "Feature", "geometry": {"type": "Point", "coordinates": [7.646113, 63.146126]}, "properties": {"time": "2025-10-20T22:27:59Z", "sog": 6.5, "cog": 236.0, "heading": 511, "status": "Under maskin"}}, {"type": "Feature", "geometry": {"type": "Point", "coordinates": [7.644348, 63.145561]}, "properties": {"time": "2025-10-20T22:28:30Z", "sog": 6.7, "cog": 232.5, "heading": 511, "status": "Under maskin"}}, {"type": "Feature", "geometry": {"type": "Point", "coordinates": [7.642702, 63.145023]}, "properties": {"time": "2025-10-20T22:28:59Z", "sog": 6.7, "cog": 232.2, "heading": 511, "status": "Under maskin"}}, {"type": "Feature", "geometry": {"type": "Point", "coordinates": [7.64092, 63.144459]}, "properties": {"time": "2025-10-20T22:29:30Z", "sog": 6.9, "cog": 230.8, "heading": 511, "status": "Under maskin"}}, {"type": "Feature", "geometry": {"type": "Point", "coordinates": [7.63894, 63.143837]}, "properties": {"time": "2025-10-20T22:30:01Z", "sog": 7.8, "cog": 232.5, "heading": 511, "status": "Under maskin"}}, {"type": "Feature", "geometry": {"type": "Point", "coordinates": [7.637182, 63.143276]}, "properties": {"time": "2025-10-20T22:30:30Z", "sog": 7.7, "cog": 229.7, "heading": 511, "status": "Under maskin"}}, {"type": "Feature", "geometry": {"type": "Point", "coordinates": [7.635253, 63.142658]}, "properties": {"time": "2025-10-20T22:31:01Z", "sog": 7.5, "cog": 234.5, "heading": 511, "status": "Under maskin"}}, {"type": "Feature", "geometry": {"type": "Point", "coordinates": [7.633463, 63.142082]}, "properties": {"time": "2025-10-20T22:31:30Z", "sog": 7.9, "cog": 233.7, "heading": 511, "status": "Under maskin"}}, {"type": "Feature", "geometry": {"type": "Point", "coordinates": [7.631458, 63.141464]}, "properties": {"time": "2025-10-20T22:32:01Z", "sog": 7.6, "cog": 238.1, "heading": 511, "status": "Under maskin"}}, {"type": "Feature", "geometry": {"type": "Point", "coordinates": [7.62968, 63.140884]}, "properties": {"time": "2025-10-20T22:32:30Z", "sog": 7.3, "cog": 231.6, "heading": 511, "status": "Under maskin"}}, {"type": "Feature", "geometry": {"type": "Point", "coordinates": [7.627772, 63.14027]}, "properties": {"time": "2025-10-20T22:33:01Z", "sog": 7.7, "cog": 235.6, "heading": 511, "status": "Under maskin"}}, {"type": "Feature", "geometry": {"type": "Point", "coordinates": [7.626019, 63.139732]}, "properties": {"time": "2025-10-20T22:33:30Z", "sog": 7.5, "cog": 234.7, "heading": 511, "status": "Under maskin"}}, {"type": "Feature", "geometry": {"type": "Point", "coordinates": [7.624077, 63.139122]}, "properties": {"time": "2025-10-20T22:34:01Z", "sog": 7.3, "cog": 238.6, "heading": 511, "status": "Under maskin"}}, {"type": "Feature", "geometry": {"type": "Point", "coordinates": [7.62221, 63.138538]}, "properties": {"time": "2025-10-20T22:34:30Z", "sog": 7.6, "cog": 235.6, "heading": 511, "status": "Under maskin"}}, {"type": "Feature", "geometry": {"type": "Point", "coordinates": [7.620252, 63.137939]}, "properties": {"time": "2025-10-20T22:35:01Z", "sog": 7.2, "cog": 234.3, "heading": 511, "status": "Under maskin"}}, {"type": "Feature", "geometry": {"type": "Point", "coordinates": [7.618506, 63.13739]}, "properties": {"time": "2025-10-20T22:35:30Z", "sog": 8.0, "cog": 238.8, "heading": 511, "status": "Under maskin"}}, {"type": "Feature", "geometry": {"type": "Point", "coordinates": [7.616577, 63.136795]}, "properties": {"time": "2025-10-20T22:36:01Z", "sog": 7.9, "cog": 228.5, "heading": 511, "status": "Under maskin"}}, {"type": "Feature", "geometry": {"type": "Point", "coordinates": [7.614762, 63.136219]}, "properties": {"time": "2025-10-20T22:36:30Z", "sog": 7.0, "cog": 235.9, "heading": 511, "status": "Under maskin"}}, {"type": "Feature", "geometry": {"type": "Point", "coordinates": [7.612763, 63.135609]}, "properties": {"time": "2025-10-20T22:37:02Z", "sog": 7.3, "cog": 233.5, "heading": 511, "status": "Under maskin"}}, {"type": "Feature", "geometry": {"type": "Point", "coordinates": [7.611023, 63.135025]}, "properties": {"time": "2025-10-20T22:37:30Z", "sog": 7.7, "cog": 235.3, "heading": 511, "status": "Under maskin"}}, {"type": "Feature", "geometry": {"type": "Point", "coordinates": [7.609113, 63.134411]}, "properties": {"time": "2025-10-20T22:38:02Z", "sog": 7.6, "cog": 236.4, "heading": 511, "status": "Under maskin"}}, {"type": "Feature", "geometry": {"type": "Point", "coordinates": [7.607285, 63.13385]}, "properties": {"time": "2025-10-20T22:38:30Z", "sog": 7.4, "cog": 238.2, "heading": 511, "status": "Under maskin"}}, {"type": "Feature", "geometry": {"type": "Point", "coordinates": [7.605381, 63.133244]}, "properties": {"time": "2025-10-20T22:39:02Z", "sog": 7.3, "cog": 240.3, "heading": 511, "status": "Under maskin"}}, {"type": "Feature", "geometry": {"type": "Point", "coordinates": [7.603668, 63.132702]}, "properties": {"time": "2025-10-20T22:39:30Z", "sog": 7.6, "cog": 230.0, "heading": 511, "status": "Under maskin"}}, {"type": "Feature", "geometry": {"type": "Point", "coordinates": [7.60169, 63.132065]}, "properties": {"time": "2025-10-20T22:40:02Z", "sog": 7.3, "cog": 233.9, "heading": 511, "status": "Under maskin"}}, {"type": "Feature", "geometry": {"type": "Point", "coordinates": [7.59989, 63.131493]}, "properties": {"time": "2025-10-20T22:40:30Z", "sog": 7.8, "cog": 233.3, "heading": 511, "status": "Under maskin"}}, {"type": "Feature", "geometry": {"type": "Point", "coordinates": [7.598005, 63.130894]}, "properties": {"time": "2025-10-20T22:41:02Z", "sog": 7.0, "cog": 234.0, "heading": 511, "status": "Under maskin"}}, {"type": "Feature", "geometry": {"type": "Point", "coordinates": [7.596227, 63.130318]}, "properties": {"time": "2025-10-20T22:41:30Z", "sog": 7.2, "cog": 235.4, "heading": 511, "status": "Under maskin"}}, {"type": "Feature", "geometry": {"type": "Point", "coordinates": [7.594323, 63.129696]}, "properties": {"time": "2025-10-20T22:42:02Z", "sog": 7.5, "cog": 235.2, "heading": 511, "status": "Under maskin"}}, {"type": "Feature", "geometry": {"type": "Point", "coordinates": [7.592526, 63.129108]}, "properties": {"time": "2025-10-20T22:42:30Z", "sog": 7.5, "cog": 236.7, "heading": 511, "status": "Under maskin"}}, {"type": "Feature", "geometry": {"type": "Point", "coordinates": [7.590712, 63.128525]}, "properties": {"time": "2025-10-20T22:42:59Z", "sog": 7.6, "cog": 234.0, "heading": 511, "status": "Under maskin"}}, {"type": "Feature", "geometry": {"type": "Point", "coordinates": [7.588782, 63.127892]}, "properties": {"time": "2025-10-20T22:43:30Z", "sog": 7.9, "cog": 234.1, "heading": 511, "status": "Under maskin"}}, {"type": "Feature", "geometry": {"type": "Point", "coordinates": [7.587047, 63.127331]}, "properties": {"time": "2025-10-20T22:43:59Z", "sog": 7.5, "cog": 239.3, "heading": 511, "status": "Under maskin"}}, {"type": "Feature", "geometry": {"type": "Point", "coordinates": [7.585087, 63.126709]}, "properties": {"time": "2025-10-20T22:44:30Z", "sog": 7.1, "cog": 238.0, "heading": 511, "status": "Under maskin"}}, {"type": "Feature", "geometry": {"type": "Point", "coordinates": [7.583203, 63.12611]}, "properties": {"time": "2025-10-20T22:44:59Z", "sog": 7.4, "cog": 231.9, "heading": 511, "status": "Under maskin"}}, {"type": "Feature", "geometry": {"type": "Point", "coordinates": [7.581245, 63.125492]}, "properties": {"time": "2025-10-20T22:45:30Z", "sog": 7.4, "cog": 235.5, "heading": 511, "status": "Under maskin"}}, {"type": "Feature", "geometry": {"type": "Point", "coordinates": [7.579435, 63.12492]}, "properties": {"time": "2025-10-20T22:45:59Z", "sog": 7.6, "cog": 235.0, "heading": 511, "status": "Under maskin"}}, {"type": "Feature", "geometry": {"type": "Point", "coordinates": [7.577522, 63.124283]}, "properties": {"time": "2025-10-20T22:46:30Z", "sog": 7.8, "cog": 233.8, "heading": 511, "status": "Under maskin"}}, {"type": "Feature", "geometry": {"type": "Point", "coordinates": [7.575795, 63.123707]}, "properties": {"time": "2025-10-20T22:46:59Z", "sog": 7.3, "cog": 236.2, "heading": 511, "status": "Under maskin"}}, {"type": "Feature", "geometry": {"type": "Point", "coordinates": [7.573865, 63.12307]}, "properties": {"time": "2025-10-20T22:47:30Z", "sog": 7.2, "cog": 239.8, "heading": 511, "status": "Under maskin"}}, {"type": "Feature", "geometry": {"type": "Point", "coordinates": [7.571959, 63.122444]}, "properties": {"time": "2025-10-20T22:47:59Z", "sog": 7.6, "cog": 236.5, "heading": 511, "status": "Under maskin"}}, {"type": "Feature", "geometry": {"type": "Point", "coordinates": [7.570052, 63.121807]}, "properties": {"time": "2025-10-20T22:48:30Z", "sog": 8.2, "cog": 235.0, "heading": 511, "status": "Under maskin"}}, {"type": "Feature", "geometry": {"type": "Point", "coordinates": [7.568175, 63.121178]}, "properties": {"time": "2025-10-20T22:48:59Z", "sog": 7.6, "cog": 236.5, "heading": 511, "status": "Under maskin"}}, {"type": "Feature", "geometry": {"type": "Point", "coordinates": [7.56631, 63.120533]}, "properties": {"time": "2025-10-20T22:49:30Z", "sog": 7.8, "cog": 232.2, "heading": 511, "status": "Under maskin"}}, {"type": "Feature", "geometry": {"type": "Point", "coordinates": [7.564482, 63.119904]}, "properties": {"time": "2025-10-20T22:49:59Z", "sog": 8.0, "cog": 237.0, "heading": 511, "status": "Under maskin"}}, {"type": "Feature", "geometry": {"type": "Point", "coordinates": [7.562573, 63.119251]}, "properties": {"time": "2025-10-20T22:50:30Z", "sog": 8.2, "cog": 231.6, "heading": 511, "status": "Under maskin"}}, {"type": "Feature", "geometry": {"type": "Point", "coordinates": [7.560882, 63.118652]}, "properties": {"time": "2025-10-20T22:50:58Z", "sog": 7.6, "cog": 234.8, "heading": 511, "status": "Under maskin"}}, {"type": "Feature", "geometry": {"type": "Point", "coordinates": [7.559125, 63.118034]}, "properties": {"time": "2025-10-20T22:51:29Z", "sog": 7.2, "cog": 234.5, "heading": 511, "status": "Under maskin"}}, {"type": "Feature", "geometry": {"type": "Point", "coordinates": [7.557428, 63.117424]}, "properties": {"time": "2025-10-20T22:51:58Z", "sog": 6.5, "cog": 232.4, "heading": 511, "status": "Under maskin"}}, {"type": "Feature", "geometry": {"type": "Point", "coordinates": [7.555768, 63.116817]}, "properties": {"time": "2025-10-20T22:52:29Z", "sog": 7.2, "cog": 230.7, "heading": 511, "status": "Under maskin"}}, {"type": "Feature", "geometry": {"type": "Point", "coordinates": [7.554132, 63.116226]}, "properties": {"time": "2025-10-20T22:52:58Z", "sog": 6.4, "cog": 235.8, "heading": 511, "status": "Under maskin"}}, {"type": "Feature", "geometry": {"type": "Point", "coordinates": [7.552467, 63.115616]}, "properties": {"time": "2025-10-20T22:53:29Z", "sog": 7.3, "cog": 235.2, "heading": 511, "status": "Under maskin"}}, {"type": "Feature", "geometry": {"type": "Point", "coordinates": [7.550823, 63.115025]}, "properties": {"time": "2025-10-20T22:53:58Z", "sog": 7.2, "cog": 229.8, "heading": 511, "status": "Under maskin"}}, {"type": "Feature", "geometry": {"type": "Point", "coordinates": [7.549147, 63.114429]}, "properties": {"time": "2025-10-20T22:54:29Z", "sog": 7.3, "cog": 228.1, "heading": 511, "status": "Under maskin"}}, {"type": "Feature", "geometry": {"type": "Point", "coordinates": [7.547498, 63.113834]}, "properties": {"time": "2025-10-20T22:54:58Z", "sog": 6.6, "cog": 228.5, "heading": 511, "status": "Under maskin"}}, {"type": "Feature", "geometry": {"type": "Point", "coordinates": [7.54588, 63.113243]}, "properties": {"time": "2025-10-20T22:55:29Z", "sog": 7.3, "cog": 233.2, "heading": 511, "status": "Under maskin"}}, {"type": "Feature", "geometry": {"type": "Point", "coordinates": [7.544241, 63.112648]}, "properties": {"time": "2025-10-20T22:55:58Z", "sog": 6.6, "cog": 228.9, "heading": 511, "status": "Under maskin"}}, {"type": "Feature", "geometry": {"type": "Point", "coordinates": [7.542423, 63.112]}, "properties": {"time": "2025-10-20T22:56:30Z", "sog": 7.0, "cog": 230.8, "heading": 511, "status": "Under maskin"}}, {"type": "Feature", "geometry": {"type": "Point", "coordinates": [7.54074, 63.111416]}, "properties": {"time": "2025-10-20T22:57:01Z", "sog": 7.3, "cog": 235.1, "heading": 511, "status": "Under maskin"}}, {"type": "Feature", "geometry": {"type": "Point", "coordinates": [7.539168, 63.110867]}, "properties": {"time": "2025-10-20T22:57:30Z", "sog": 6.9, "cog": 231.7, "heading": 511, "status": "Under maskin"}}, {"type": "Feature", "geometry": {"type": "Point", "coordinates": [7.537482, 63.110271]}, "properties": {"time": "2025-10-20T22:58:01Z", "sog": 6.8, "cog": 228.4, "heading": 511, "status": "Under maskin"}}, {"type": "Feature", "geometry": {"type": "Point", "coordinates": [7.535887, 63.109703]}, "properties": {"time": "2025-10-20T22:58:30Z", "sog": 7.2, "cog": 230.7, "heading": 511, "status": "Under maskin"}}, {"type": "Feature", "geometry": {"type": "Point", "coordinates": [7.534167, 63.109123]}, "properties": {"time": "2025-10-20T22:59:01Z", "sog": 6.8, "cog": 234.2, "heading": 511, "status": "Under maskin"}}, {"type": "Feature", "geometry": {"type": "Point", "coordinates": [7.532565, 63.108578]}, "properties": {"time": "2025-10-20T22:59:30Z", "sog": 6.6, "cog": 233.3, "heading": 511, "status": "Under maskin"}}, {"type": "Feature", "geometry": {"type": "Point", "coordinates": [7.530867, 63.108002]}, "properties": {"time": "2025-10-20T23:00:01Z", "sog": 7.2, "cog": 231.8, "heading": 511, "status": "Under maskin"}}, {"type": "Feature", "geometry": {"type": "Point", "coordinates": [7.52935, 63.107471]}, "properties": {"time": "2025-10-20T23:00:30Z", "sog": 6.4, "cog": 230.1, "heading": 511, "status": "Under maskin"}}, {"type": "Feature", "geometry": {"type": "Point", "coordinates": [7.527778, 63.106873]}, "properties": {"time": "2025-10-20T23:01:01Z", "sog": 6.5, "cog": 232.6, "heading": 511, "status": "Under maskin"}}, {"type": "Feature", "geometry": {"type": "Point", "coordinates": [7.526217, 63.1063]}, "properties": {"time": "2025-10-20T23:01:30Z", "sog": 6.8, "cog": 237.7, "heading": 511, "status": "Under maskin"}}, {"type": "Feature", "geometry": {"type": "Point", "coordinates": [7.524573, 63.105701]}, "properties": {"time": "2025-10-20T23:02:01Z", "sog": 6.2, "cog": 233.3, "heading": 511, "status": "Under maskin"}}, {"type": "Feature", "geometry": {"type": "Point", "coordinates": [7.522978, 63.105122]}, "properties": {"time": "2025-10-20T23:02:30Z", "sog": 7.4, "cog": 226.5, "heading": 511, "status": "Under maskin"}}, {"type": "Feature", "geometry": {"type": "Point", "coordinates": [7.521382, 63.104515]}, "properties": {"time": "2025-10-20T23:03:01Z", "sog": 6.8, "cog": 229.8, "heading": 511, "status": "Under maskin"}}, {"type": "Feature", "geometry": {"type": "Point", "coordinates": [7.519792, 63.103943]}, "properties": {"time": "2025-10-20T23:03:29Z", "sog": 6.5, "cog": 234.5, "heading": 511, "status": "Under maskin"}}, {"type": "Feature", "geometry": {"type": "Point", "coordinates": [7.518085, 63.103325]}, "properties": {"time": "2025-10-20T23:04:01Z", "sog": 6.9, "cog": 230.0, "heading": 511, "status": "Under maskin"}}, {"type": "Feature", "geometry": {"type": "Point", "coordinates": [7.51673, 63.102806]}, "properties": {"time": "2025-10-20T23:04:29Z", "sog": 6.5, "cog": 232.1, "heading": 511, "status": "Under maskin"}}, {"type": "Feature", "geometry": {"type": "Point", "coordinates": [7.515145, 63.102253]}, "properties": {"time": "2025-10-20T23:04:59Z", "sog": 6.7, "cog": 225.0, "heading": 511, "status": "Under maskin"}}, {"type": "Feature", "geometry": {"type": "Point", "coordinates": [7.513562, 63.101673]}, "properties": {"time": "2025-10-20T23:05:29Z", "sog": 6.9, "cog": 236.2, "heading": 511, "status": "Under maskin"}}, {"type": "Feature", "geometry": {"type": "Point", "coordinates": [7.511932, 63.101089]}, "properties": {"time": "2025-10-20T23:05:59Z", "sog": 6.3, "cog": 230.3, "heading": 511, "status": "Under maskin"}}, {"type": "Feature", "geometry": {"type": "Point", "coordinates": [7.510344, 63.100513]}, "properties": {"time": "2025-10-20T23:06:29Z", "sog": 6.4, "cog": 236.8, "heading": 511, "status": "Under maskin"}}, {"type": "Feature", "geometry": {"type": "Point", "coordinates": [7.508749, 63.099945]}, "properties": {"time": "2025-10-20T23:06:59Z", "sog": 6.5, "cog": 229.6, "heading": 511, "status": "Under maskin"}}, {"type": "Feature", "geometry": {"type": "Point", "coordinates": [7.507087, 63.099342]}, "properties": {"time": "2025-10-20T23:07:29Z", "sog": 6.7, "cog": 233.7, "heading": 511, "status": "Under maskin"}}, {"type": "Feature", "geometry": {"type": "Point", "coordinates": [7.505538, 63.098782]}, "properties": {"time": "2025-10-20T23:07:59Z", "sog": 6.7, "cog": 238.3, "heading": 511, "status": "Under maskin"}}, {"type": "Feature", "geometry": {"type": "Point", "coordinates": [7.503948, 63.098209]}, "properties": {"time": "2025-10-20T23:08:29Z", "sog": 6.6, "cog": 230.1, "heading": 511, "status": "Under maskin"}}, {"type": "Feature", "geometry": {"type": "Point", "coordinates": [7.502427, 63.09763]}, "properties": {"time": "2025-10-20T23:08:59Z", "sog": 7.0, "cog": 231.9, "heading": 511, "status": "Under maskin"}}, {"type": "Feature", "geometry": {"type": "Point", "coordinates": [7.500875, 63.097057]}, "properties": {"time": "2025-10-20T23:09:29Z", "sog": 6.4, "cog": 239.9, "heading": 511, "status": "Under maskin"}}, {"type": "Feature", "geometry": {"type": "Point", "coordinates": [7.499118, 63.096413]}, "properties": {"time": "2025-10-20T23:10:02Z", "sog": 6.6, "cog": 233.8, "heading": 511, "status": "Under maskin"}}, {"type": "Feature", "geometry": {"type": "Point", "coordinates": [7.497687, 63.095898]}, "properties": {"time": "2025-10-20T23:10:29Z", "sog": 7.2, "cog": 235.1, "heading": 511, "status": "Under maskin"}}, {"type": "Feature", "geometry": {"type": "Point", "coordinates": [7.495986, 63.095276]}, "properties": {"time": "2025-10-20T23:11:02Z", "sog": 6.7, "cog": 243.0, "heading": 511, "status": "Under maskin"}}, {"type": "Feature", "geometry": {"type": "Point", "coordinates": [7.494635, 63.094799]}, "properties": {"time": "2025-10-20T23:11:29Z", "sog": 6.5, "cog": 232.5, "heading": 511, "status": "Under maskin"}}, {"type": "Feature", "geometry": {"type": "Point", "coordinates": [7.492915, 63.094181]}, "properties": {"time": "2025-10-20T23:12:02Z", "sog": 6.5, "cog": 226.7, "heading": 511, "status": "Under maskin"}}, {"type": "Feature", "geometry": {"type": "Point", "coordinates": [7.491562, 63.09367]}, "properties": {"time": "2025-10-20T23:12:29Z", "sog": 7.2, "cog": 223.9, "heading": 511, "status": "Under maskin"}}, {"type": "Feature", "geometry": {"type": "Point", "coordinates": [7.489789, 63.093033]}, "properties": {"time": "2025-10-20T23:13:02Z", "sog": 6.4, "cog": 232.2, "heading": 511, "status": "Under maskin"}}, {"type": "Feature", "geometry": {"type": "Point", "coordinates": [7.488407, 63.092552]}, "properties": {"time": "2025-10-20T23:13:29Z", "sog": 6.7, "cog": 233.7, "heading": 511, "status": "Under maskin"}}, {"type": "Feature", "geometry": {"type": "Point", "coordinates": [7.48664, 63.091923]}, "properties": {"time": "2025-10-20T23:14:02Z", "sog": 6.4, "cog": 232.1, "heading": 511, "status": "Under maskin"}}, {"type": "Feature", "geometry": {"type": "Point", "coordinates": [7.4853, 63.09145]}, "properties": {"time": "2025-10-20T23:14:29Z", "sog": 6.2, "cog": 227.0, "heading": 511, "status": "Under maskin"}}, {"type": "Feature", "geometry": {"type": "Point", "coordinates": [7.483662, 63.090874]}, "properties": {"time": "2025-10-20T23:15:00Z", "sog": 6.3, "cog": 236.9, "heading": 511, "status": "Under maskin"}}, {"type": "Feature", "geometry": {"type": "Point", "coordinates": [7.48217, 63.090313]}, "properties": {"time": "2025-10-20T23:15:29Z", "sog": 6.5, "cog": 238.1, "heading": 511, "status": "Under maskin"}}, {"type": "Feature", "geometry": {"type": "Point", "coordinates": [7.480538, 63.089725]}, "properties": {"time": "2025-10-20T23:16:00Z", "sog": 7.1, "cog": 234.5, "heading": 511, "status": "Under maskin"}}, {"type": "Feature", "geometry": {"type": "Point", "coordinates": [7.479065, 63.089188]}, "properties": {"time": "2025-10-20T23:16:29Z", "sog": 6.9, "cog": 233.5, "heading": 511, "status": "Under maskin"}}, {"type": "Feature", "geometry": {"type": "Point", "coordinates": [7.47744, 63.088612]}, "properties": {"time": "2025-10-20T23:17:00Z", "sog": 6.6, "cog": 243.9, "heading": 511, "status": "Under maskin"}}, {"type": "Feature", "geometry": {"type": "Point", "coordinates": [7.475765, 63.088093]}, "properties": {"time": "2025-10-20T23:17:29Z", "sog": 6.3, "cog": 235.4, "heading": 511, "status": "Under maskin"}}, {"type": "Feature", "geometry": {"type": "Point", "coordinates": [7.474043, 63.08757]}, "properties": {"time": "2025-10-20T23:18:00Z", "sog": 6.5, "cog": 240.8, "heading": 511, "status": "Under maskin"}}, {"type": "Feature", "geometry": {"type": "Point", "coordinates": [7.472402, 63.087074]}, "properties": {"time": "2025-10-20T23:18:29Z", "sog": 5.9, "cog": 234.7, "heading": 511, "status": "Under maskin"}}, {"type": "Feature", "geometry": {"type": "Point", "coordinates": [7.470742, 63.086563]}, "properties": {"time": "2025-10-20T23:19:00Z", "sog": 5.8, "cog": 238.2, "heading": 511, "status": "Under maskin"}}, {"type": "Feature", "geometry": {"type": "Point", "coordinates": [7.469057, 63.08606]}, "properties": {"time": "2025-10-20T23:19:29Z", "sog": 6.5, "cog": 238.0, "heading": 511, "status": "Under maskin"}}, {"type": "Feature", "geometry": {"type": "Point", "coordinates": [7.467225, 63.085514]}, "properties": {"time": "2025-10-20T23:20:02Z", "sog": 6.6, "cog": 235.8, "heading": 511, "status": "Under maskin"}}, {"type": "Feature", "geometry": {"type": "Point", "coordinates": [7.465803, 63.085079]}, "properties": {"time": "2025-10-20T23:20:29Z", "sog": 6.6, "cog": 235.1, "heading": 511, "status": "Under maskin"}}, {"type": "Feature", "geometry": {"type": "Point", "coordinates": [7.463978, 63.084526]}, "properties": {"time": "2025-10-20T23:21:02Z", "sog": 6.0, "cog": 239.7, "heading": 511, "status": "Under maskin"}}, {"type": "Feature", "geometry": {"type": "Point", "coordinates": [7.462375, 63.084106]}, "properties": {"time": "2025-10-20T23:21:29Z", "sog": 6.4, "cog": 246.7, "heading": 511, "status": "Under maskin"}}, {"type": "Feature", "geometry": {"type": "Point", "coordinates": [7.460353, 63.083683]}, "properties": {"time": "2025-10-20T23:22:02Z", "sog": 6.6, "cog": 242.4, "heading": 511, "status": "Under maskin"}}, {"type": "Feature", "geometry": {"type": "Point", "coordinates": [7.45867, 63.083351]}, "properties": {"time": "2025-10-20T23:22:29Z", "sog": 6.2, "cog": 249.2, "heading": 511, "status": "Under maskin"}}, {"type": "Feature", "geometry": {"type": "Point", "coordinates": [7.456642, 63.082939]}, "properties": {"time": "2025-10-20T23:23:02Z", "sog": 5.7, "cog": 245.7, "heading": 511, "status": "Under maskin"}}, {"type": "Feature", "geometry": {"type": "Point", "coordinates": [7.454942, 63.082581]}, "properties": {"time": "2025-10-20T23:23:31Z", "sog": 6.9, "cog": 252.0, "heading": 511, "status": "Under maskin"}}, {"type": "Feature", "geometry": {"type": "Point", "coordinates": [7.45294, 63.08218]}, "properties": {"time": "2025-10-20T23:24:02Z", "sog": 6.7, "cog": 248.2, "heading": 511, "status": "Under maskin"}}, {"type": "Feature", "geometry": {"type": "Point", "coordinates": [7.451211, 63.081821]}, "properties": {"time": "2025-10-20T23:24:31Z", "sog": 7.0, "cog": 248.8, "heading": 511, "status": "Under maskin"}}, {"type": "Feature", "geometry": {"type": "Point", "coordinates": [7.449205, 63.081406]}, "properties": {"time": "2025-10-20T23:25:02Z", "sog": 7.1, "cog": 246.0, "heading": 511, "status": "Under maskin"}}, {"type": "Feature", "geometry": {"type": "Point", "coordinates": [7.447397, 63.081047]}, "properties": {"time": "2025-10-20T23:25:31Z", "sog": 7.1, "cog": 250.9, "heading": 511, "status": "Under maskin"}}, {"type": "Feature", "geometry": {"type": "Point", "coordinates": [7.44552, 63.080662]}, "properties": {"time": "2025-10-20T23:26:02Z", "sog": 6.6, "cog": 244.6, "heading": 511, "status": "Under maskin"}}, {"type": "Feature", "geometry": {"type": "Point", "coordinates": [7.443698, 63.080311]}, "properties": {"time": "2025-10-20T23:26:31Z", "sog": 6.6, "cog": 245.6, "heading": 511, "status": "Under maskin"}}, {"type": "Feature", "geometry": {"type": "Point", "coordinates": [7.441697, 63.079906]}, "properties": {"time": "2025-10-20T23:27:02Z", "sog": 6.6, "cog": 244.2, "heading": 511, "status": "Under maskin"}}, {"type": "Feature", "geometry": {"type": "Point", "coordinates": [7.439835, 63.079529]}, "properties": {"time": "2025-10-20T23:27:32Z", "sog": 6.7, "cog": 250.3, "heading": 511, "status": "Under maskin"}}, {"type": "Feature", "geometry": {"type": "Point", "coordinates": [7.437995, 63.079163]}, "properties": {"time": "2025-10-20T23:28:01Z", "sog": 6.8, "cog": 249.9, "heading": 511, "status": "Under maskin"}}, {"type": "Feature", "geometry": {"type": "Point", "coordinates": [7.436123, 63.078785]}, "properties": {"time": "2025-10-20T23:28:32Z", "sog": 6.7, "cog": 251.2, "heading": 511, "status": "Under maskin"}}, {"type": "Feature", "geometry": {"type": "Point", "coordinates": [7.434351, 63.078415]}, "properties": {"time": "2025-10-20T23:29:01Z", "sog": 6.4, "cog": 246.1, "heading": 511, "status": "Under maskin"}}, {"type": "Feature", "geometry": {"type": "Point", "coordinates": [7.432456, 63.078037]}, "properties": {"time": "2025-10-20T23:29:32Z", "sog": 7.1, "cog": 239.6, "heading": 511, "status": "Under maskin"}}, {"type": "Feature", "geometry": {"type": "Point", "coordinates": [7.430634, 63.077675]}, "properties": {"time": "2025-10-20T23:30:01Z", "sog": 6.4, "cog": 247.7, "heading": 511, "status": "Under maskin"}}, {"type": "Feature", "geometry": {"type": "Point", "coordinates": [7.428818, 63.077297]}, "properties": {"time": "2025-10-20T23:30:32Z", "sog": 6.5, "cog": 246.1, "heading": 511, "status": "Under maskin"}}, {"type": "Feature", "geometry": {"type": "Point", "coordinates": [7.426973, 63.076908]}, "properties": {"time": "2025-10-20T23:31:01Z", "sog": 6.9, "cog": 248.4, "heading": 511, "status": "Under maskin"}}, {"type": "Feature", "geometry": {"type": "Point", "coordinates": [7.425073, 63.076508]}, "properties": {"time": "2025-10-20T23:31:32Z", "sog": 6.6, "cog": 241.4, "heading": 511, "status": "Under maskin"}}, {"type": "Feature", "geometry": {"type": "Point", "coordinates": [7.423372, 63.076183]}, "properties": {"time": "2025-10-20T23:32:01Z", "sog": 6.7, "cog": 254.5, "heading": 511, "status": "Under maskin"}}, {"type": "Feature", "geometry": {"type": "Point", "coordinates": [7.421598, 63.075836]}, "properties": {"time": "2025-10-20T23:32:30Z", "sog": 6.9, "cog": 239.3, "heading": 511, "status": "Under maskin"}}, {"type": "Feature", "geometry": {"type": "Point", "coordinates": [7.419653, 63.07547]}, "properties": {"time": "2025-10-20T23:33:01Z", "sog": 6.8, "cog": 247.0, "heading": 511, "status": "Under maskin"}}, {"type": "Feature", "geometry": {"type": "Point", "coordinates": [7.417997, 63.075142]}, "properties": {"time": "2025-10-20T23:33:30Z", "sog": 6.0, "cog": 241.8, "heading": 511, "status": "Under maskin"}}, {"type": "Feature", "geometry": {"type": "Point", "coordinates": [7.416095, 63.074768]}, "properties": {"time": "2025-10-20T23:34:01Z", "sog": 6.2, "cog": 248.0, "heading": 511, "status": "Under maskin"}}, {"type": "Feature", "geometry": {"type": "Point", "coordinates": [7.4144, 63.07444]}, "properties": {"time": "2025-10-20T23:34:30Z", "sog": 6.8, "cog": 243.8, "heading": 511, "status": "Under maskin"}}, {"type": "Feature", "geometry": {"type": "Point", "coordinates": [7.412657, 63.074104]}, "properties": {"time": "2025-10-20T23:34:59Z", "sog": 6.1, "cog": 247.4, "heading": 511, "status": "Under maskin"}}, {"type": "Feature", "geometry": {"type": "Point", "coordinates": [7.409107, 63.073395]}, "properties": {"time": "2025-10-20T23:35:59Z", "sog": 6.6, "cog": 240.3, "heading": 511, "status": "Under maskin"}}, {"type": "Feature", "geometry": {"type": "Point", "coordinates": [7.40721, 63.073036]}, "properties": {"time": "2025-10-20T23:36:30Z", "sog": 6.4, "cog": 250.0, "heading": 511, "status": "Under maskin"}}, {"type": "Feature", "geometry": {"type": "Point", "coordinates": [7.405462, 63.072704]}, "properties": {"time": "2025-10-20T23:36:59Z", "sog": 6.8, "cog": 245.4, "heading": 511, "status": "Under maskin"}}, {"type": "Feature", "geometry": {"type": "Point", "coordinates": [7.403582, 63.072334]}, "properties": {"time": "2025-10-20T23:37:30Z", "sog": 5.9, "cog": 254.9, "heading": 511, "status": "Under maskin"}}, {"type": "Feature", "geometry": {"type": "Point", "coordinates": [7.401855, 63.072021]}, "properties": {"time": "2025-10-20T23:37:59Z", "sog": 6.6, "cog": 247.6, "heading": 511, "status": "Under maskin"}}, {"type": "Feature", "geometry": {"type": "Point", "coordinates": [7.399978, 63.071667]}, "properties": {"time": "2025-10-20T23:38:30Z", "sog": 6.4, "cog": 249.9, "heading": 511, "status": "Under maskin"}}, {"type": "Feature", "geometry": {"type": "Point", "coordinates": [7.398238, 63.071339]}, "properties": {"time": "2025-10-20T23:38:59Z", "sog": 6.4, "cog": 251.3, "heading": 511, "status": "Under maskin"}}, {"type": "Feature", "geometry": {"type": "Point", "coordinates": [7.396323, 63.070995]}, "properties": {"time": "2025-10-20T23:39:30Z", "sog": 6.7, "cog": 256.2, "heading": 511, "status": "Under maskin"}}, {"type": "Feature", "geometry": {"type": "Point", "coordinates": [7.394587, 63.070679]}, "properties": {"time": "2025-10-20T23:39:59Z", "sog": 6.7, "cog": 243.3, "heading": 511, "status": "Under maskin"}}, {"type": "Feature", "geometry": {"type": "Point", "coordinates": [7.392627, 63.07032]}, "properties": {"time": "2025-10-20T23:40:31Z", "sog": 6.2, "cog": 254.5, "heading": 511, "status": "Under maskin"}}, {"type": "Feature", "geometry": {"type": "Point", "coordinates": [7.390993, 63.070015]}, "properties": {"time": "2025-10-20T23:40:59Z", "sog": 6.9, "cog": 251.0, "heading": 511, "status": "Under maskin"}}, {"type": "Feature", "geometry": {"type": "Point", "coordinates": [7.38898, 63.069656]}, "properties": {"time": "2025-10-20T23:41:31Z", "sog": 6.2, "cog": 256.0, "heading": 511, "status": "Under maskin"}}, {"type": "Feature", "geometry": {"type": "Point", "coordinates": [7.387301, 63.069336]}, "properties": {"time": "2025-10-20T23:42:00Z", "sog": 6.7, "cog": 252.4, "heading": 511, "status": "Under maskin"}}, {"type": "Feature", "geometry": {"type": "Point", "coordinates": [7.38541, 63.068989]}, "properties": {"time": "2025-10-20T23:42:31Z", "sog": 6.5, "cog": 251.6, "heading": 511, "status": "Under maskin"}}, {"type": "Feature", "geometry": {"type": "Point", "coordinates": [7.383598, 63.068653]}, "properties": {"time": "2025-10-20T23:43:00Z", "sog": 6.6, "cog": 246.6, "heading": 511, "status": "Under maskin"}}, {"type": "Feature", "geometry": {"type": "Point", "coordinates": [7.381752, 63.068275]}, "properties": {"time": "2025-10-20T23:43:31Z", "sog": 6.6, "cog": 244.8, "heading": 511, "status": "Under maskin"}}, {"type": "Feature", "geometry": {"type": "Point", "coordinates": [7.379941, 63.067947]}, "properties": {"time": "2025-10-20T23:44:00Z", "sog": 6.0, "cog": 253.1, "heading": 511, "status": "Under maskin"}}, {"type": "Feature", "geometry": {"type": "Point", "coordinates": [7.378143, 63.067631]}, "properties": {"time": "2025-10-20T23:44:31Z", "sog": 6.4, "cog": 244.5, "heading": 511, "status": "Under maskin"}}, {"type": "Feature", "geometry": {"type": "Point", "coordinates": [7.376327, 63.067326]}, "properties": {"time": "2025-10-20T23:45:00Z", "sog": 6.7, "cog": 255.7, "heading": 511, "status": "Under maskin"}}, {"type": "Feature", "geometry": {"type": "Point", "coordinates": [7.3744, 63.067005]}, "properties": {"time": "2025-10-20T23:45:31Z", "sog": 6.5, "cog": 247.1, "heading": 511, "status": "Under maskin"}}, {"type": "Feature", "geometry": {"type": "Point", "coordinates": [7.372613, 63.066696]}, "properties": {"time": "2025-10-20T23:46:00Z", "sog": 6.7, "cog": 245.5, "heading": 511, "status": "Under maskin"}}, {"type": "Feature", "geometry": {"type": "Point", "coordinates": [7.370687, 63.066357]}, "properties": {"time": "2025-10-20T23:46:31Z", "sog": 7.1, "cog": 242.8, "heading": 511, "status": "Under maskin"}}, {"type": "Feature", "geometry": {"type": "Point", "coordinates": [7.368955, 63.066055]}, "properties": {"time": "2025-10-20T23:47:00Z", "sog": 6.5, "cog": 243.9, "heading": 511, "status": "Under maskin"}}, {"type": "Feature", "geometry": {"type": "Point", "coordinates": [7.366997, 63.065727]}, "properties": {"time": "2025-10-20T23:47:30Z", "sog": 6.7, "cog": 249.5, "heading": 511, "status": "Under maskin"}}, {"type": "Feature", "geometry": {"type": "Point", "coordinates": [7.36507, 63.065411]}, "properties": {"time": "2025-10-20T23:48:00Z", "sog": 6.9, "cog": 247.2, "heading": 511, "status": "Under maskin"}}, {"type": "Feature", "geometry": {"type": "Point", "coordinates": [7.36324, 63.065052]}, "properties": {"time": "2025-10-20T23:48:30Z", "sog": 6.6, "cog": 239.2, "heading": 511, "status": "Under maskin"}}, {"type": "Feature", "geometry": {"type": "Point", "coordinates": [7.361457, 63.064636]}, "properties": {"time": "2025-10-20T23:49:01Z", "sog": 7.1, "cog": 241.7, "heading": 511, "status": "Under maskin"}}, {"type": "Feature", "geometry": {"type": "Point", "coordinates": [7.359718, 63.064255]}, "properties": {"time": "2025-10-20T23:49:30Z", "sog": 5.5, "cog": 245.7, "heading": 511, "status": "Under maskin"}}, {"type": "Feature", "geometry": {"type": "Point", "coordinates": [7.35794, 63.063839]}, "properties": {"time": "2025-10-20T23:50:01Z", "sog": 6.6, "cog": 242.0, "heading": 511, "status": "Under maskin"}}, {"type": "Feature", "geometry": {"type": "Point", "coordinates": [7.356158, 63.063419]}, "properties": {"time": "2025-10-20T23:50:30Z", "sog": 6.4, "cog": 242.6, "heading": 511, "status": "Under maskin"}}, {"type": "Feature", "geometry": {"type": "Point", "coordinates": [7.35432, 63.062973]}, "properties": {"time": "2025-10-20T23:51:01Z", "sog": 6.7, "cog": 252.1, "heading": 511, "status": "Under maskin"}}, {"type": "Feature", "geometry": {"type": "Point", "coordinates": [7.352588, 63.062553]}, "properties": {"time": "2025-10-20T23:51:30Z", "sog": 6.5, "cog": 238.9, "heading": 511, "status": "Under maskin"}}, {"type": "Feature", "geometry": {"type": "Point", "coordinates": [7.350808, 63.062126]}, "properties": {"time": "2025-10-20T23:52:01Z", "sog": 6.9, "cog": 242.1, "heading": 511, "status": "Under maskin"}}, {"type": "Feature", "geometry": {"type": "Point", "coordinates": [7.349123, 63.061707]}, "properties": {"time": "2025-10-20T23:52:30Z", "sog": 7.2, "cog": 236.3, "heading": 511, "status": "Under maskin"}}, {"type": "Feature", "geometry": {"type": "Point", "coordinates": [7.347261, 63.061237]}, "properties": {"time": "2025-10-20T23:53:01Z", "sog": 6.5, "cog": 243.5, "heading": 511, "status": "Under maskin"}}, {"type": "Feature", "geometry": {"type": "Point", "coordinates": [7.345597, 63.060837]}, "properties": {"time": "2025-10-20T23:53:29Z", "sog": 6.1, "cog": 246.2, "heading": 511, "status": "Under maskin"}}, {"type": "Feature", "geometry": {"type": "Point", "coordinates": [7.343648, 63.060368]}, "properties": {"time": "2025-10-20T23:54:01Z", "sog": 6.9, "cog": 238.2, "heading": 511, "status": "Under maskin"}}, {"type": "Feature", "geometry": {"type": "Point", "coordinates": [7.342033, 63.059944]}, "properties": {"time": "2025-10-20T23:54:29Z", "sog": 6.7, "cog": 235.2, "heading": 511, "status": "Under maskin"}}, {"type": "Feature", "geometry": {"type": "Point", "coordinates": [7.340108, 63.059475]}, "properties": {"time": "2025-10-20T23:55:01Z", "sog": 7.4, "cog": 240.3, "heading": 511, "status": "Under maskin"}}, {"type": "Feature", "geometry": {"type": "Point", "coordinates": [7.338463, 63.059063]}, "properties": {"time": "2025-10-20T23:55:29Z", "sog": 6.5, "cog": 243.0, "heading": 511, "status": "Under maskin"}}, {"type": "Feature", "geometry": {"type": "Point", "coordinates": [7.336556, 63.058567]}, "properties": {"time": "2025-10-20T23:56:01Z", "sog": 7.0, "cog": 239.1, "heading": 511, "status": "Under maskin"}}, {"type": "Feature", "geometry": {"type": "Point", "coordinates": [7.334828, 63.058128]}, "properties": {"time": "2025-10-20T23:56:29Z", "sog": 7.0, "cog": 242.9, "heading": 511, "status": "Under maskin"}}, {"type": "Feature", "geometry": {"type": "Point", "coordinates": [7.332917, 63.057663]}, "properties": {"time": "2025-10-20T23:57:01Z", "sog": 6.8, "cog": 244.9, "heading": 511, "status": "Under maskin"}}, {"type": "Feature", "geometry": {"type": "Point", "coordinates": [7.331234, 63.057251]}, "properties": {"time": "2025-10-20T23:57:29Z", "sog": 6.0, "cog": 246.0, "heading": 511, "status": "Under maskin"}}, {"type": "Feature", "geometry": {"type": "Point", "coordinates": [7.329437, 63.056808]}, "properties": {"time": "2025-10-20T23:58:01Z", "sog": 7.2, "cog": 235.6, "heading": 511, "status": "Under maskin"}}, {"type": "Feature", "geometry": {"type": "Point", "coordinates": [7.327735, 63.056385]}, "properties": {"time": "2025-10-20T23:58:29Z", "sog": 6.5, "cog": 241.1, "heading": 511, "status": "Under maskin"}}, {"type": "Feature", "geometry": {"type": "Point", "coordinates": [7.325857, 63.055904]}, "properties": {"time": "2025-10-20T23:59:01Z", "sog": 6.7, "cog": 246.1, "heading": 511, "status": "Under maskin"}}, {"type": "Feature", "geometry": {"type": "Point", "coordinates": [7.32413, 63.055573]}, "properties": {"time": "2025-10-20T23:59:29Z", "sog": 6.3, "cog": 258.1, "heading": 511, "status": "Under maskin"}}, {"type": "Feature", "geometry": {"type": "Point", "coordinates": [7.296543, 63.052956]}, "properties": {"time": "2025-10-21T00:06:29Z", "sog": 6.6, "cog": 254.0, "heading": 511, "status": "Under maskin"}}, {"type": "Feature", "geometry": {"type": "Point", "coordinates": [7.294418, 63.052757]}, "properties": {"time": "2025-10-21T00:07:01Z", "sog": 6.6, "cog": 259.8, "heading": 511, "status": "Under maskin"}}, {"type": "Feature", "geometry": {"type": "Point", "coordinates": [7.292598, 63.052586]}, "properties": {"time": "2025-10-21T00:07:29Z", "sog": 6.5, "cog": 261.7, "heading": 511, "status": "Under maskin"}}, {"type": "Feature", "geometry": {"type": "Point", "coordinates": [7.290488, 63.05238]}, "properties": {"time": "2025-10-21T00:08:01Z", "sog": 6.7, "cog": 252.6, "heading": 511, "status": "Under maskin"}}, {"type": "Feature", "geometry": {"type": "Point", "coordinates": [7.288787, 63.052212]}, "properties": {"time": "2025-10-21T00:08:29Z", "sog": 6.6, "cog": 262.8, "heading": 511, "status": "Under maskin"}}, {"type": "Feature", "geometry": {"type": "Point", "coordinates": [7.286582, 63.05201]}, "properties": {"time": "2025-10-21T00:09:01Z", "sog": 6.5, "cog": 264.0, "heading": 511, "status": "Under maskin"}}, {"type": "Feature", "geometry": {"type": "Point", "coordinates": [7.2849, 63.051796]}, "properties": {"time": "2025-10-21T00:09:29Z", "sog": 6.5, "cog": 249.2, "heading": 511, "status": "Under maskin"}}, {"type": "Feature", "geometry": {"type": "Point", "coordinates": [7.282843, 63.05143]}, "properties": {"time": "2025-10-21T00:10:01Z", "sog": 6.8, "cog": 250.5, "heading": 511, "status": "Under maskin"}}, {"type": "Feature", "geometry": {"type": "Point", "coordinates": [7.281068, 63.051136]}, "properties": {"time": "2025-10-21T00:10:29Z", "sog": 6.4, "cog": 256.3, "heading": 511, "status": "Under maskin"}}, {"type": "Feature", "geometry": {"type": "Point", "coordinates": [7.279003, 63.050777]}, "properties": {"time": "2025-10-21T00:11:01Z", "sog": 6.4, "cog": 249.7, "heading": 511, "status": "Under maskin"}}, {"type": "Feature", "geometry": {"type": "Point", "coordinates": [7.277297, 63.050488]}, "properties": {"time": "2025-10-21T00:11:29Z", "sog": 6.9, "cog": 248.1, "heading": 511, "status": "Under maskin"}}, {"type": "Feature", "geometry": {"type": "Point", "coordinates": [7.275212, 63.050121]}, "properties": {"time": "2025-10-21T00:12:01Z", "sog": 6.3, "cog": 250.8, "heading": 511, "status": "Under maskin"}}, {"type": "Feature", "geometry": {"type": "Point", "coordinates": [7.273497, 63.049816]}, "properties": {"time": "2025-10-21T00:12:29Z", "sog": 6.8, "cog": 245.3, "heading": 511, "status": "Under maskin"}}, {"type": "Feature", "geometry": {"type": "Point", "coordinates": [7.271633, 63.04948]}, "properties": {"time": "2025-10-21T00:13:00Z", "sog": 6.0, "cog": 249.2, "heading": 511, "status": "Under maskin"}}, {"type": "Feature", "geometry": {"type": "Point", "coordinates": [7.269747, 63.049164]}, "properties": {"time": "2025-10-21T00:13:29Z", "sog": 6.6, "cog": 250.1, "heading": 511, "status": "Under maskin"}}, {"type": "Feature", "geometry": {"type": "Point", "coordinates": [7.2678, 63.048836]}, "properties": {"time": "2025-10-21T00:14:00Z", "sog": 6.5, "cog": 250.0, "heading": 511, "status": "Under maskin"}}, {"type": "Feature", "geometry": {"type": "Point", "coordinates": [7.26591, 63.0485]}, "properties": {"time": "2025-10-21T00:14:31Z", "sog": 6.4, "cog": 246.2, "heading": 511, "status": "Under maskin"}}, {"type": "Feature", "geometry": {"type": "Point", "coordinates": [7.264087, 63.048187]}, "properties": {"time": "2025-10-21T00:15:00Z", "sog": 6.9, "cog": 251.2, "heading": 511, "status": "Under maskin"}}, {"type": "Feature", "geometry": {"type": "Point", "coordinates": [7.262143, 63.047852]}, "properties": {"time": "2025-10-21T00:15:31Z", "sog": 6.5, "cog": 253.1, "heading": 511, "status": "Under maskin"}}, {"type": "Feature", "geometry": {"type": "Point", "coordinates": [7.260288, 63.047527]}, "properties": {"time": "2025-10-21T00:16:00Z", "sog": 6.7, "cog": 249.9, "heading": 511, "status": "Under maskin"}}, {"type": "Feature", "geometry": {"type": "Point", "coordinates": [7.258258, 63.047153]}, "properties": {"time": "2025-10-21T00:16:31Z", "sog": 7.1, "cog": 252.0, "heading": 511, "status": "Under maskin"}}, {"type": "Feature", "geometry": {"type": "Point", "coordinates": [7.256632, 63.046864]}, "properties": {"time": "2025-10-21T00:16:59Z", "sog": 7.0, "cog": 242.6, "heading": 511, "status": "Under maskin"}}, {"type": "Feature", "geometry": {"type": "Point", "coordinates": [7.25463, 63.046478]}, "properties": {"time": "2025-10-21T00:17:31Z", "sog": 6.5, "cog": 246.7, "heading": 511, "status": "Under maskin"}}, {"type": "Feature", "geometry": {"type": "Point", "coordinates": [7.252907, 63.046165]}, "properties": {"time": "2025-10-21T00:17:59Z", "sog": 6.8, "cog": 258.0, "heading": 511, "status": "Under maskin"}}, {"type": "Feature", "geometry": {"type": "Point", "coordinates": [7.250928, 63.045811]}, "properties": {"time": "2025-10-21T00:18:31Z", "sog": 6.3, "cog": 247.2, "heading": 511, "status": "Under maskin"}}, {"type": "Feature", "geometry": {"type": "Point", "coordinates": [7.249198, 63.045498]}, "properties": {"time": "2025-10-21T00:18:59Z", "sog": 5.9, "cog": 249.7, "heading": 511, "status": "Under maskin"}}, {"type": "Feature", "geometry": {"type": "Point", "coordinates": [7.24724, 63.04512]}, "properties": {"time": "2025-10-21T00:19:31Z", "sog": 6.4, "cog": 246.0, "heading": 511, "status": "Under maskin"}}, {"type": "Feature", "geometry": {"type": "Point", "coordinates": [7.24556, 63.044804]}, "properties": {"time": "2025-10-21T00:19:59Z", "sog": 6.3, "cog": 253.1, "heading": 511, "status": "Under maskin"}}, {"type": "Feature", "geometry": {"type": "Point", "coordinates": [7.243608, 63.044426]}, "properties": {"time": "2025-10-21T00:20:31Z", "sog": 6.7, "cog": 246.5, "heading": 511, "status": "Under maskin"}}, {"type": "Feature", "geometry": {"type": "Point", "coordinates": [7.242062, 63.044136]}, "properties": {"time": "2025-10-21T00:20:59Z", "sog": 6.5, "cog": 243.9, "heading": 511, "status": "Under maskin"}}, {"type": "Feature", "geometry": {"type": "Point", "coordinates": [7.240228, 63.043766]}, "properties": {"time": "2025-10-21T00:21:29Z", "sog": 6.4, "cog": 245.5, "heading": 511, "status": "Under maskin"}}, {"type": "Feature", "geometry": {"type": "Point", "coordinates": [7.238463, 63.043427]}, "properties": {"time": "2025-10-21T00:21:59Z", "sog": 6.5, "cog": 234.0, "heading": 511, "status": "Under maskin"}}, {"type": "Feature", "geometry": {"type": "Point", "coordinates": [7.23657, 63.043072]}, "properties": {"time": "2025-10-21T00:22:29Z", "sog": 6.4, "cog": 248.4, "heading": 511, "status": "Under maskin"}}, {"type": "Feature", "geometry": {"type": "Point", "coordinates": [7.234797, 63.042744]}, "properties": {"time": "2025-10-21T00:22:59Z", "sog": 5.8, "cog": 248.2, "heading": 511, "status": "Under maskin"}}, {"type": "Feature", "geometry": {"type": "Point", "coordinates": [7.232934, 63.042381]}, "properties": {"time": "2025-10-21T00:23:29Z", "sog": 6.3, "cog": 245.3, "heading": 511, "status": "Under maskin"}}, {"type": "Feature", "geometry": {"type": "Point", "coordinates": [7.231253, 63.042057]}, "properties": {"time": "2025-10-21T00:23:59Z", "sog": 6.7, "cog": 241.5, "heading": 511, "status": "Under maskin"}}, {"type": "Feature", "geometry": {"type": "Point", "coordinates": [7.22938, 63.041687]}, "properties": {"time": "2025-10-21T00:24:29Z", "sog": 6.3, "cog": 242.0, "heading": 511, "status": "Under maskin"}}, {"type": "Feature", "geometry": {"type": "Point", "coordinates": [7.227353, 63.041317]}, "properties": {"time": "2025-10-21T00:25:01Z", "sog": 6.2, "cog": 251.0, "heading": 511, "status": "Under maskin"}}, {"type": "Feature", "geometry": {"type": "Point", "coordinates": [7.225543, 63.040997]}, "properties": {"time": "2025-10-21T00:25:30Z", "sog": 6.6, "cog": 241.8, "heading": 511, "status": "Under maskin"}}, {"type": "Feature", "geometry": {"type": "Point", "coordinates": [7.223645, 63.040638]}, "properties": {"time": "2025-10-21T00:26:01Z", "sog": 6.0, "cog": 250.2, "heading": 511, "status": "Under maskin"}}, {"type": "Feature", "geometry": {"type": "Point", "coordinates": [7.221872, 63.040287]}, "properties": {"time": "2025-10-21T00:26:30Z", "sog": 6.5, "cog": 254.0, "heading": 511, "status": "Under maskin"}}, {"type": "Feature", "geometry": {"type": "Point", "coordinates": [7.219967, 63.03994]}, "properties": {"time": "2025-10-21T00:27:01Z", "sog": 6.8, "cog": 248.4, "heading": 511, "status": "Under maskin"}}, {"type": "Feature", "geometry": {"type": "Point", "coordinates": [7.218108, 63.039585]}, "properties": {"time": "2025-10-21T00:27:30Z", "sog": 6.6, "cog": 249.7, "heading": 511, "status": "Under maskin"}}, {"type": "Feature", "geometry": {"type": "Point", "coordinates": [7.21625, 63.039227]}, "properties": {"time": "2025-10-21T00:28:01Z", "sog": 6.8, "cog": 249.8, "heading": 511, "status": "Under maskin"}}, {"type": "Feature", "geometry": {"type": "Point", "coordinates": [7.214452, 63.038879]}, "properties": {"time": "2025-10-21T00:28:30Z", "sog": 6.9, "cog": 247.2, "heading": 511, "status": "Under maskin"}}, {"type": "Feature", "geometry": {"type": "Point", "coordinates": [7.21244, 63.038502]}, "properties": {"time": "2025-10-21T00:29:01Z", "sog": 7.3, "cog": 238.8, "heading": 511, "status": "Under maskin"}}, {"type": "Feature", "geometry": {"type": "Point", "coordinates": [7.210767, 63.038189]}, "properties": {"time": "2025-10-21T00:29:29Z", "sog": 6.3, "cog": 250.6, "heading": 511, "status": "Under maskin"}}, {"type": "Feature", "geometry": {"type": "Point", "coordinates": [7.208756, 63.03783]}, "properties": {"time": "2025-10-21T00:30:01Z", "sog": 6.3, "cog": 246.8, "heading": 511, "status": "Under maskin"}}, {"type": "Feature", "geometry": {"type": "Point", "coordinates": [7.207097, 63.037521]}, "properties": {"time": "2025-10-21T00:30:29Z", "sog": 6.5, "cog": 248.3, "heading": 511, "status": "Under maskin"}}, {"type": "Feature", "geometry": {"type": "Point", "coordinates": [7.205061, 63.03714]}, "properties": {"time": "2025-10-21T00:31:01Z", "sog": 7.1, "cog": 243.3, "heading": 511, "status": "Under maskin"}}, {"type": "Feature", "geometry": {"type": "Point", "coordinates": [7.203445, 63.036831]}, "properties": {"time": "2025-10-21T00:31:29Z", "sog": 6.6, "cog": 249.4, "heading": 511, "status": "Under maskin"}}, {"type": "Feature", "geometry": {"type": "Point", "coordinates": [7.201522, 63.036469]}, "properties": {"time": "2025-10-21T00:32:01Z", "sog": 7.2, "cog": 242.5, "heading": 511, "status": "Under maskin"}}, {"type": "Feature", "geometry": {"type": "Point", "coordinates": [7.19984, 63.036133]}, "properties": {"time": "2025-10-21T00:32:29Z", "sog": 6.7, "cog": 242.3, "heading": 511, "status": "Under maskin"}}, {"type": "Feature", "geometry": {"type": "Point", "coordinates": [7.197798, 63.035751]}, "properties": {"time": "2025-10-21T00:33:01Z", "sog": 7.7, "cog": 248.2, "heading": 511, "status": "Under maskin"}}, {"type": "Feature", "geometry": {"type": "Point", "coordinates": [7.196183, 63.035427]}, "properties": {"time": "2025-10-21T00:33:29Z", "sog": 5.9, "cog": 254.9, "heading": 511, "status": "Under maskin"}}, {"type": "Feature", "geometry": {"type": "Point", "coordinates": [7.194187, 63.035053]}, "properties": {"time": "2025-10-21T00:34:01Z", "sog": 5.7, "cog": 247.5, "heading": 511, "status": "Under maskin"}}, {"type": "Feature", "geometry": {"type": "Point", "coordinates": [7.192405, 63.034702]}, "properties": {"time": "2025-10-21T00:34:31Z", "sog": 6.2, "cog": 245.3, "heading": 511, "status": "Under maskin"}}, {"type": "Feature", "geometry": {"type": "Point", "coordinates": [7.190685, 63.034363]}, "properties": {"time": "2025-10-21T00:35:00Z", "sog": 5.8, "cog": 243.7, "heading": 511, "status": "Under maskin"}}, {"type": "Feature", "geometry": {"type": "Point", "coordinates": [7.18876, 63.033985]}, "properties": {"time": "2025-10-21T00:35:31Z", "sog": 5.6, "cog": 244.9, "heading": 511, "status": "Under maskin"}}, {"type": "Feature", "geometry": {"type": "Point", "coordinates": [7.186992, 63.033653]}, "properties": {"time": "2025-10-21T00:36:00Z", "sog": 6.8, "cog": 247.8, "heading": 511, "status": "Under maskin"}}, {"type": "Feature", "geometry": {"type": "Point", "coordinates": [7.18509, 63.033253]}, "properties": {"time": "2025-10-21T00:36:31Z", "sog": 6.7, "cog": 252.8, "heading": 511, "status": "Under maskin"}}, {"type": "Feature", "geometry": {"type": "Point", "coordinates": [7.183293, 63.032875]}, "properties": {"time": "2025-10-21T00:37:00Z", "sog": 6.2, "cog": 248.1, "heading": 511, "status": "Under maskin"}}, {"type": "Feature", "geometry": {"type": "Point", "coordinates": [7.181376, 63.032463]}, "properties": {"time": "2025-10-21T00:37:31Z", "sog": 7.3, "cog": 241.6, "heading": 511, "status": "Under maskin"}}, {"type": "Feature", "geometry": {"type": "Point", "coordinates": [7.179623, 63.032082]}, "properties": {"time": "2025-10-21T00:38:00Z", "sog": 6.3, "cog": 243.3, "heading": 511, "status": "Under maskin"}}, {"type": "Feature", "geometry": {"type": "Point", "coordinates": [7.177649, 63.031658]}, "properties": {"time": "2025-10-21T00:38:31Z", "sog": 7.5, "cog": 247.2, "heading": 511, "status": "Under maskin"}}, {"type": "Feature", "geometry": {"type": "Point", "coordinates": [7.17595, 63.031284]}, "properties": {"time": "2025-10-21T00:39:00Z", "sog": 7.0, "cog": 236.5, "heading": 511, "status": "Under maskin"}}, {"type": "Feature", "geometry": {"type": "Point", "coordinates": [7.174002, 63.030903]}, "properties": {"time": "2025-10-21T00:39:31Z", "sog": 7.2, "cog": 244.1, "heading": 511, "status": "Under maskin"}}, {"type": "Feature", "geometry": {"type": "Point", "coordinates": [7.172033, 63.030502]}, "properties": {"time": "2025-10-21T00:40:02Z", "sog": 7.1, "cog": 252.6, "heading": 511, "status": "Under maskin"}}, {"type": "Feature", "geometry": {"type": "Point", "coordinates": [7.170173, 63.03014]}, "properties": {"time": "2025-10-21T00:40:31Z", "sog": 6.7, "cog": 244.2, "heading": 511, "status": "Under maskin"}}, {"type": "Feature", "geometry": {"type": "Point", "coordinates": [7.168253, 63.029732]}, "properties": {"time": "2025-10-21T00:41:02Z", "sog": 6.9, "cog": 247.7, "heading": 511, "status": "Under maskin"}}, {"type": "Feature", "geometry": {"type": "Point", "coordinates": [7.166244, 63.029354]}, "properties": {"time": "2025-10-21T00:41:32Z", "sog": 7.2, "cog": 246.9, "heading": 511, "status": "Under maskin"}}, {"type": "Feature", "geometry": {"type": "Point", "coordinates": [7.164438, 63.028984]}, "properties": {"time": "2025-10-21T00:42:02Z", "sog": 6.9, "cog": 239.9, "heading": 511, "status": "Under maskin"}}, {"type": "Feature", "geometry": {"type": "Point", "coordinates": [7.16254, 63.028591]}, "properties": {"time": "2025-10-21T00:42:32Z", "sog": 7.5, "cog": 256.8, "heading": 511, "status": "Under maskin"}}, {"type": "Feature", "geometry": {"type": "Point", "coordinates": [7.160643, 63.028214]}, "properties": {"time": "2025-10-21T00:43:02Z", "sog": 6.5, "cog": 242.6, "heading": 511, "status": "Under maskin"}}, {"type": "Feature", "geometry": {"type": "Point", "coordinates": [7.158735, 63.027817]}, "properties": {"time": "2025-10-21T00:43:32Z", "sog": 6.4, "cog": 245.8, "heading": 511, "status": "Under maskin"}}, {"type": "Feature", "geometry": {"type": "Point", "coordinates": [7.156975, 63.027443]}, "properties": {"time": "2025-10-21T00:44:02Z", "sog": 6.9, "cog": 251.4, "heading": 511, "status": "Under maskin"}}, {"type": "Feature", "geometry": {"type": "Point", "coordinates": [7.15511, 63.027027]}, "properties": {"time": "2025-10-21T00:44:32Z", "sog": 6.8, "cog": 241.3, "heading": 511, "status": "Under maskin"}}, {"type": "Feature", "geometry": {"type": "Point", "coordinates": [7.153337, 63.026623]}, "properties": {"time": "2025-10-21T00:45:02Z", "sog": 7.0, "cog": 244.5, "heading": 511, "status": "Under maskin"}}, {"type": "Feature", "geometry": {"type": "Point", "coordinates": [7.1516, 63.026215]}, "properties": {"time": "2025-10-21T00:45:30Z", "sog": 7.3, "cog": 245.1, "heading": 511, "status": "Under maskin"}}, {"type": "Feature", "geometry": {"type": "Point", "coordinates": [7.149588, 63.02573]}, "properties": {"time": "2025-10-21T00:46:02Z", "sog": 6.8, "cog": 249.9, "heading": 511, "status": "Under maskin"}}, {"type": "Feature", "geometry": {"type": "Point", "coordinates": [7.147877, 63.025326]}, "properties": {"time": "2025-10-21T00:46:30Z", "sog": 7.0, "cog": 240.8, "heading": 511, "status": "Under maskin"}}, {"type": "Feature", "geometry": {"type": "Point", "coordinates": [7.145898, 63.024845]}, "properties": {"time": "2025-10-21T00:47:02Z", "sog": 6.9, "cog": 250.2, "heading": 511, "status": "Under maskin"}}, {"type": "Feature", "geometry": {"type": "Point", "coordinates": [7.144097, 63.024422]}, "properties": {"time": "2025-10-21T00:47:30Z", "sog": 6.4, "cog": 236.6, "heading": 511, "status": "Under maskin"}}, {"type": "Feature", "geometry": {"type": "Point", "coordinates": [7.142338, 63.024006]}, "properties": {"time": "2025-10-21T00:47:59Z", "sog": 7.1, "cog": 249.7, "heading": 511, "status": "Under maskin"}}, {"type": "Feature", "geometry": {"type": "Point", "coordinates": [7.140407, 63.023563]}, "properties": {"time": "2025-10-21T00:48:30Z", "sog": 7.1, "cog": 243.7, "heading": 511, "status": "Under maskin"}}, {"type": "Feature", "geometry": {"type": "Point", "coordinates": [7.13859, 63.02314]}, "properties": {"time": "2025-10-21T00:48:59Z", "sog": 6.9, "cog": 245.0, "heading": 511, "status": "Under maskin"}}, {"type": "Feature", "geometry": {"type": "Point", "coordinates": [7.136708, 63.02269]}, "properties": {"time": "2025-10-21T00:49:30Z", "sog": 6.4, "cog": 241.3, "heading": 511, "status": "Under maskin"}}, {"type": "Feature", "geometry": {"type": "Point", "coordinates": [7.13493, 63.02227]}, "properties": {"time": "2025-10-21T00:49:59Z", "sog": 7.0, "cog": 236.2, "heading": 511, "status": "Under maskin"}}, {"type": "Feature", "geometry": {"type": "Point", "coordinates": [7.13299, 63.021812]}, "properties": {"time": "2025-10-21T00:50:30Z", "sog": 6.7, "cog": 254.9, "heading": 511, "status": "Under maskin"}}, {"type": "Feature", "geometry": {"type": "Point", "coordinates": [7.131252, 63.021439]}, "properties": {"time": "2025-10-21T00:50:59Z", "sog": 6.5, "cog": 247.3, "heading": 511, "status": "Under maskin"}}, {"type": "Feature", "geometry": {"type": "Point", "coordinates": [7.129345, 63.021027]}, "properties": {"time": "2025-10-21T00:51:30Z", "sog": 6.3, "cog": 248.7, "heading": 511, "status": "Under maskin"}}, {"type": "Feature", "geometry": {"type": "Point", "coordinates": [7.127528, 63.020649]}, "properties": {"time": "2025-10-21T00:51:59Z", "sog": 7.0, "cog": 243.0, "heading": 511, "status": "Under maskin"}}, {"type": "Feature", "geometry": {"type": "Point", "coordinates": [7.125607, 63.020248]}, "properties": {"time": "2025-10-21T00:52:30Z", "sog": 6.3, "cog": 245.3, "heading": 511, "status": "Under maskin"}}, {"type": "Feature", "geometry": {"type": "Point", "coordinates": [7.123757, 63.019867]}, "properties": {"time": "2025-10-21T00:52:59Z", "sog": 6.7, "cog": 245.3, "heading": 511, "status": "Under maskin"}}, {"type": "Feature", "geometry": {"type": "Point", "coordinates": [7.12169, 63.019455]}, "properties": {"time": "2025-10-21T00:53:31Z", "sog": 6.9, "cog": 239.4, "heading": 511, "status": "Under maskin"}}, {"type": "Feature", "geometry": {"type": "Point", "coordinates": [7.119862, 63.019077]}, "properties": {"time": "2025-10-21T00:53:59Z", "sog": 6.8, "cog": 245.6, "heading": 511, "status": "Under maskin"}}, {"type": "Feature", "geometry": {"type": "Point", "coordinates": [7.117833, 63.018642]}, "properties": {"time": "2025-10-21T00:54:31Z", "sog": 6.5, "cog": 247.0, "heading": 511, "status": "Under maskin"}}, {"type": "Feature", "geometry": {"type": "Point", "coordinates": [7.115952, 63.018265]}, "properties": {"time": "2025-10-21T00:55:01Z", "sog": 7.0, "cog": 247.4, "heading": 511, "status": "Under maskin"}}, {"type": "Feature", "geometry": {"type": "Point", "coordinates": [7.114035, 63.017868]}, "properties": {"time": "2025-10-21T00:55:31Z", "sog": 6.9, "cog": 238.9, "heading": 511, "status": "Under maskin"}}, {"type": "Feature", "geometry": {"type": "Point", "coordinates": [7.112148, 63.017467]}, "properties": {"time": "2025-10-21T00:56:01Z", "sog": 7.5, "cog": 239.0, "heading": 511, "status": "Under maskin"}}, {"type": "Feature", "geometry": {"type": "Point", "coordinates": [7.110197, 63.017063]}, "properties": {"time": "2025-10-21T00:56:31Z", "sog": 7.0, "cog": 249.7, "heading": 511, "status": "Under maskin"}}, {"type": "Feature", "geometry": {"type": "Point", "coordinates": [7.108253, 63.016674]}, "properties": {"time": "2025-10-21T00:57:01Z", "sog": 6.7, "cog": 250.7, "heading": 511, "status": "Under maskin"}}, {"type": "Feature", "geometry": {"type": "Point", "coordinates": [7.106307, 63.016277]}, "properties": {"time": "2025-10-21T00:57:31Z", "sog": 7.4, "cog": 240.2, "heading": 511, "status": "Under maskin"}}, {"type": "Feature", "geometry": {"type": "Point", "coordinates": [7.10436, 63.015896]}, "properties": {"time": "2025-10-21T00:58:01Z", "sog": 7.3, "cog": 245.1, "heading": 511, "status": "Under maskin"}}, {"type": "Feature", "geometry": {"type": "Point", "coordinates": [7.10253, 63.015522]}, "properties": {"time": "2025-10-21T00:58:31Z", "sog": 7.1, "cog": 246.5, "heading": 511, "status": "Under maskin"}}, {"type": "Feature", "geometry": {"type": "Point", "coordinates": [7.100535, 63.015129]}, "properties": {"time": "2025-10-21T00:59:01Z", "sog": 6.9, "cog": 245.1, "heading": 511, "status": "Under maskin"}}, {"type": "Feature", "geometry": {"type": "Point", "coordinates": [7.098562, 63.014744]}, "properties": {"time": "2025-10-21T00:59:31Z", "sog": 6.9, "cog": 238.6, "heading": 511, "status": "Under maskin"}}, {"type": "Feature", "geometry": {"type": "Point", "coordinates": [7.096642, 63.014351]}, "properties": {"time": "2025-10-21T01:00:01Z", "sog": 6.7, "cog": 243.3, "heading": 511, "status": "Under maskin"}}, {"type": "Feature", "geometry": {"type": "Point", "coordinates": [7.09473, 63.013981]}, "properties": {"time": "2025-10-21T01:00:31Z", "sog": 6.4, "cog": 244.1, "heading": 511, "status": "Under maskin"}}, {"type": "Feature", "geometry": {"type": "Point", "coordinates": [7.092848, 63.013599]}, "properties": {"time": "2025-10-21T01:01:01Z", "sog": 6.8, "cog": 245.7, "heading": 511, "status": "Under maskin"}}, {"type": "Feature", "geometry": {"type": "Point", "coordinates": [7.090833, 63.013226]}, "properties": {"time": "2025-10-21T01:01:31Z", "sog": 6.7, "cog": 248.1, "heading": 511, "status": "Under maskin"}}, {"type": "Feature", "geometry": {"type": "Point", "coordinates": [7.089058, 63.012897]}, "properties": {"time": "2025-10-21T01:01:59Z", "sog": 7.1, "cog": 247.2, "heading": 511, "status": "Under maskin"}}, {"type": "Feature", "geometry": {"type": "Point", "coordinates": [7.086958, 63.012505]}, "properties": {"time": "2025-10-21T01:02:31Z", "sog": 7.7, "cog": 239.2, "heading": 511, "status": "Under maskin"}}, {"type": "Feature", "geometry": {"type": "Point", "coordinates": [7.085115, 63.012165]}, "properties": {"time": "2025-10-21T01:02:59Z", "sog": 7.1, "cog": 242.8, "heading": 511, "status": "Under maskin"}}, {"type": "Feature", "geometry": {"type": "Point", "coordinates": [7.082962, 63.011768]}, "properties": {"time": "2025-10-21T01:03:31Z", "sog": 6.9, "cog": 251.2, "heading": 511, "status": "Under maskin"}}, {"type": "Feature", "geometry": {"type": "Point", "coordinates": [7.081141, 63.01144]}, "properties": {"time": "2025-10-21T01:03:59Z", "sog": 6.7, "cog": 252.1, "heading": 511, "status": "Under maskin"}}, {"type": "Feature", "geometry": {"type": "Point", "coordinates": [7.079041, 63.011059]}, "properties": {"time": "2025-10-21T01:04:31Z", "sog": 7.3, "cog": 243.7, "heading": 511, "status": "Under maskin"}}, {"type": "Feature", "geometry": {"type": "Point", "coordinates": [7.077291, 63.010738]}, "properties": {"time": "2025-10-21T01:04:59Z", "sog": 7.0, "cog": 245.6, "heading": 511, "status": "Under maskin"}}, {"type": "Feature", "geometry": {"type": "Point", "coordinates": [7.07522, 63.010342]}, "properties": {"time": "2025-10-21T01:05:31Z", "sog": 7.4, "cog": 245.8, "heading": 511, "status": "Under maskin"}}, {"type": "Feature", "geometry": {"type": "Point", "coordinates": [7.073347, 63.009983]}, "properties": {"time": "2025-10-21T01:05:59Z", "sog": 6.6, "cog": 249.0, "heading": 511, "status": "Under maskin"}}, {"type": "Feature", "geometry": {"type": "Point", "coordinates": [7.071227, 63.009602]}, "properties": {"time": "2025-10-21T01:06:31Z", "sog": 7.2, "cog": 243.8, "heading": 511, "status": "Under maskin"}}, {"type": "Feature", "geometry": {"type": "Point", "coordinates": [7.069375, 63.009258]}, "properties": {"time": "2025-10-21T01:06:59Z", "sog": 7.2, "cog": 250.9, "heading": 511, "status": "Under maskin"}}, {"type": "Feature", "geometry": {"type": "Point", "coordinates": [7.067123, 63.00885]}, "properties": {"time": "2025-10-21T01:07:31Z", "sog": 6.9, "cog": 250.7, "heading": 511, "status": "Under maskin"}}, {"type": "Feature", "geometry": {"type": "Point", "coordinates": [7.065283, 63.008518]}, "properties": {"time": "2025-10-21T01:07:59Z", "sog": 8.3, "cog": 240.7, "heading": 511, "status": "Under maskin"}}, {"type": "Feature", "geometry": {"type": "Point", "coordinates": [7.063192, 63.008125]}, "properties": {"time": "2025-10-21T01:08:31Z", "sog": 7.4, "cog": 243.7, "heading": 511, "status": "Under maskin"}}, {"type": "Feature", "geometry": {"type": "Point", "coordinates": [7.061272, 63.007774]}, "properties": {"time": "2025-10-21T01:08:59Z", "sog": 7.4, "cog": 252.4, "heading": 511, "status": "Under maskin"}}, {"type": "Feature", "geometry": {"type": "Point", "coordinates": [7.059178, 63.007397]}, "properties": {"time": "2025-10-21T01:09:31Z", "sog": 6.5, "cog": 253.3, "heading": 511, "status": "Under maskin"}}, {"type": "Feature", "geometry": {"type": "Point", "coordinates": [7.057263, 63.007061]}, "properties": {"time": "2025-10-21T01:09:59Z", "sog": 6.7, "cog": 246.6, "heading": 511, "status": "Under maskin"}}, {"type": "Feature", "geometry": {"type": "Point", "coordinates": [7.055177, 63.00671]}, "properties": {"time": "2025-10-21T01:10:31Z", "sog": 6.4, "cog": 251.0, "heading": 511, "status": "Under maskin"}}, {"type": "Feature", "geometry": {"type": "Point", "coordinates": [7.053267, 63.006359]}, "properties": {"time": "2025-10-21T01:10:59Z", "sog": 7.0, "cog": 251.6, "heading": 511, "status": "Under maskin"}}, {"type": "Feature", "geometry": {"type": "Point", "coordinates": [7.051219, 63.005993]}, "properties": {"time": "2025-10-21T01:11:31Z", "sog": 7.7, "cog": 250.8, "heading": 511, "status": "Under maskin"}}, {"type": "Feature", "geometry": {"type": "Point", "coordinates": [7.049233, 63.005642]}, "properties": {"time": "2025-10-21T01:12:00Z", "sog": 7.3, "cog": 257.6, "heading": 511, "status": "Under maskin"}}, {"type": "Feature", "geometry": {"type": "Point", "coordinates": [7.047233, 63.005283]}, "properties": {"time": "2025-10-21T01:12:31Z", "sog": 7.3, "cog": 245.3, "heading": 511, "status": "Under maskin"}}, {"type": "Feature", "geometry": {"type": "Point", "coordinates": [7.045275, 63.004921]}, "properties": {"time": "2025-10-21T01:13:00Z", "sog": 7.0, "cog": 248.4, "heading": 511, "status": "Under maskin"}}, {"type": "Feature", "geometry": {"type": "Point", "coordinates": [7.043322, 63.004566]}, "properties": {"time": "2025-10-21T01:13:29Z", "sog": 7.0, "cog": 252.6, "heading": 511, "status": "Under maskin"}}, {"type": "Feature", "geometry": {"type": "Point", "coordinates": [7.041337, 63.0042]}, "properties": {"time": "2025-10-21T01:14:00Z", "sog": 6.8, "cog": 246.8, "heading": 511, "status": "Under maskin"}}, {"type": "Feature", "geometry": {"type": "Point", "coordinates": [7.039418, 63.003864]}, "properties": {"time": "2025-10-21T01:14:29Z", "sog": 7.1, "cog": 244.6, "heading": 511, "status": "Under maskin"}}, {"type": "Feature", "geometry": {"type": "Point", "coordinates": [7.037327, 63.00351]}, "properties": {"time": "2025-10-21T01:15:00Z", "sog": 6.6, "cog": 250.9, "heading": 511, "status": "Under maskin"}}, {"type": "Feature", "geometry": {"type": "Point", "coordinates": [7.035392, 63.00317]}, "properties": {"time": "2025-10-21T01:15:29Z", "sog": 6.9, "cog": 252.5, "heading": 511, "status": "Under maskin"}}, {"type": "Feature", "geometry": {"type": "Point", "coordinates": [7.033245, 63.002823]}, "properties": {"time": "2025-10-21T01:16:00Z", "sog": 6.6, "cog": 251.3, "heading": 511, "status": "Under maskin"}}, {"type": "Feature", "geometry": {"type": "Point", "coordinates": [7.031342, 63.002502]}, "properties": {"time": "2025-10-21T01:16:29Z", "sog": 6.8, "cog": 247.8, "heading": 511, "status": "Under maskin"}}, {"type": "Feature", "geometry": {"type": "Point", "coordinates": [7.029477, 63.002167]}, "properties": {"time": "2025-10-21T01:16:59Z", "sog": 6.8, "cog": 251.7, "heading": 511, "status": "Under maskin"}}, {"type": "Feature", "geometry": {"type": "Point", "coordinates": [7.027503, 63.001812]}, "properties": {"time": "2025-10-21T01:17:29Z", "sog": 7.2, "cog": 245.0, "heading": 511, "status": "Under maskin"}}, {"type": "Feature", "geometry": {"type": "Point", "coordinates": [7.025562, 63.001446]}, "properties": {"time": "2025-10-21T01:17:59Z", "sog": 6.9, "cog": 253.0, "heading": 511, "status": "Under maskin"}}, {"type": "Feature", "geometry": {"type": "Point", "coordinates": [7.023541, 63.001083]}, "properties": {"time": "2025-10-21T01:18:29Z", "sog": 6.9, "cog": 244.1, "heading": 511, "status": "Under maskin"}}, {"type": "Feature", "geometry": {"type": "Point", "coordinates": [7.021513, 63.000748]}, "properties": {"time": "2025-10-21T01:18:59Z", "sog": 7.4, "cog": 256.9, "heading": 511, "status": "Under maskin"}}, {"type": "Feature", "geometry": {"type": "Point", "coordinates": [7.01933, 63.000374]}, "properties": {"time": "2025-10-21T01:19:32Z", "sog": 6.6, "cog": 261.9, "heading": 511, "status": "Under maskin"}}, {"type": "Feature", "geometry": {"type": "Point", "coordinates": [7.017657, 63.000092]}, "properties": {"time": "2025-10-21T01:19:59Z", "sog": 6.5, "cog": 256.9, "heading": 511, "status": "Under maskin"}}, {"type": "Feature", "geometry": {"type": "Point", "coordinates": [7.015449, 62.999725]}, "properties": {"time": "2025-10-21T01:20:32Z", "sog": 7.1, "cog": 253.7, "heading": 511, "status": "Under maskin"}}, {"type": "Feature", "geometry": {"type": "Point", "coordinates": [7.01342, 62.999382]}, "properties": {"time": "2025-10-21T01:21:02Z", "sog": 8.3, "cog": 242.9, "heading": 511, "status": "Under maskin"}}, {"type": "Feature", "geometry": {"type": "Point", "coordinates": [7.011395, 62.999008]}, "properties": {"time": "2025-10-21T01:21:32Z", "sog": 7.0, "cog": 254.6, "heading": 511, "status": "Under maskin"}}, {"type": "Feature", "geometry": {"type": "Point", "coordinates": [7.009513, 62.99865]}, "properties": {"time": "2025-10-21T01:22:02Z", "sog": 7.5, "cog": 241.1, "heading": 511, "status": "Under maskin"}}, {"type": "Feature", "geometry": {"type": "Point", "coordinates": [7.007472, 62.998287]}, "properties": {"time": "2025-10-21T01:22:32Z", "sog": 6.3, "cog": 253.9, "heading": 511, "status": "Under maskin"}}, {"type": "Feature", "geometry": {"type": "Point", "coordinates": [7.005553, 62.997944]}, "properties": {"time": "2025-10-21T01:23:02Z", "sog": 6.3, "cog": 245.8, "heading": 511, "status": "Under maskin"}}, {"type": "Feature", "geometry": {"type": "Point", "coordinates": [7.003572, 62.997581]}, "properties": {"time": "2025-10-21T01:23:32Z", "sog": 6.8, "cog": 251.9, "heading": 511, "status": "Under maskin"}}, {"type": "Feature", "geometry": {"type": "Point", "coordinates": [7.001545, 62.997227]}, "properties": {"time": "2025-10-21T01:24:02Z", "sog": 7.5, "cog": 248.2, "heading": 511, "status": "Under maskin"}}, {"type": "Feature", "geometry": {"type": "Point", "coordinates": [6.999468, 62.996861]}, "properties": {"time": "2025-10-21T01:24:32Z", "sog": 7.0, "cog": 251.9, "heading": 511, "status": "Under maskin"}}, {"type": "Feature", "geometry": {"type": "Point", "coordinates": [6.997529, 62.996513]}, "properties": {"time": "2025-10-21T01:25:02Z", "sog": 6.8, "cog": 245.7, "heading": 511, "status": "Under maskin"}}, {"type": "Feature", "geometry": {"type": "Point", "coordinates": [6.995435, 62.996143]}, "properties": {"time": "2025-10-21T01:25:32Z", "sog": 7.5, "cog": 248.5, "heading": 511, "status": "Under maskin"}}, {"type": "Feature", "geometry": {"type": "Point", "coordinates": [6.993478, 62.995804]}, "properties": {"time": "2025-10-21T01:26:02Z", "sog": 6.9, "cog": 253.6, "heading": 511, "status": "Under maskin"}}, {"type": "Feature", "geometry": {"type": "Point", "coordinates": [6.991607, 62.995495]}, "properties": {"time": "2025-10-21T01:26:30Z", "sog": 6.9, "cog": 250.3, "heading": 511, "status": "Under maskin"}}, {"type": "Feature", "geometry": {"type": "Point", "coordinates": [6.989475, 62.995125]}, "properties": {"time": "2025-10-21T01:27:02Z", "sog": 7.3, "cog": 257.1, "heading": 511, "status": "Under maskin"}}, {"type": "Feature", "geometry": {"type": "Point", "coordinates": [6.987655, 62.994789]}, "properties": {"time": "2025-10-21T01:27:30Z", "sog": 6.6, "cog": 253.1, "heading": 511, "status": "Under maskin"}}, {"type": "Feature", "geometry": {"type": "Point", "coordinates": [6.985645, 62.994438]}, "properties": {"time": "2025-10-21T01:28:01Z", "sog": 6.8, "cog": 254.9, "heading": 511, "status": "Under maskin"}}, {"type": "Feature", "geometry": {"type": "Point", "coordinates": [6.983716, 62.99411]}, "properties": {"time": "2025-10-21T01:28:30Z", "sog": 7.4, "cog": 254.2, "heading": 511, "status": "Under maskin"}}, {"type": "Feature", "geometry": {"type": "Point", "coordinates": [6.979794, 62.993439]}, "properties": {"time": "2025-10-21T01:29:30Z", "sog": 6.8, "cog": 250.0, "heading": 511, "status": "Under maskin"}}, {"type": "Feature", "geometry": {"type": "Point", "coordinates": [6.97597, 62.992779]}, "properties": {"time": "2025-10-21T01:30:30Z", "sog": 7.0, "cog": 248.8, "heading": 511, "status": "Under maskin"}}, {"type": "Feature", "geometry": {"type": "Point", "coordinates": [6.972092, 62.992085]}, "properties": {"time": "2025-10-21T01:31:31Z", "sog": 7.1, "cog": 244.0, "heading": 511, "status": "Under maskin"}}, {"type": "Feature", "geometry": {"type": "Point", "coordinates": [6.970197, 62.991756]}, "properties": {"time": "2025-10-21T01:32:02Z", "sog": 7.1, "cog": 244.3, "heading": 511, "status": "Under maskin"}}, {"type": "Feature", "geometry": {"type": "Point", "coordinates": [6.968307, 62.991413]}, "properties": {"time": "2025-10-21T01:32:31Z", "sog": 7.1, "cog": 250.4, "heading": 511, "status": "Under maskin"}}, {"type": "Feature", "geometry": {"type": "Point", "coordinates": [6.966382, 62.99107]}, "properties": {"time": "2025-10-21T01:33:02Z", "sog": 6.1, "cog": 249.6, "heading": 511, "status": "Under maskin"}}, {"type": "Feature", "geometry": {"type": "Point", "coordinates": [6.964585, 62.990757]}, "properties": {"time": "2025-10-21T01:33:31Z", "sog": 6.5, "cog": 249.8, "heading": 511, "status": "Under maskin"}}, {"type": "Feature", "geometry": {"type": "Point", "coordinates": [6.962625, 62.99041]}, "properties": {"time": "2025-10-21T01:34:02Z", "sog": 6.8, "cog": 246.1, "heading": 511, "status": "Under maskin"}}, {"type": "Feature", "geometry": {"type": "Point", "coordinates": [6.960732, 62.990097]}, "properties": {"time": "2025-10-21T01:34:31Z", "sog": 6.4, "cog": 247.9, "heading": 511, "status": "Under maskin"}}, {"type": "Feature", "geometry": {"type": "Point", "coordinates": [6.958835, 62.989765]}, "properties": {"time": "2025-10-21T01:35:02Z", "sog": 6.1, "cog": 251.7, "heading": 511, "status": "Under maskin"}}, {"type": "Feature", "geometry": {"type": "Point", "coordinates": [6.95697, 62.989437]}, "properties": {"time": "2025-10-21T01:35:31Z", "sog": 6.4, "cog": 246.1, "heading": 511, "status": "Under maskin"}}, {"type": "Feature", "geometry": {"type": "Point", "coordinates": [6.955188, 62.98912]}, "properties": {"time": "2025-10-21T01:36:02Z", "sog": 6.2, "cog": 254.7, "heading": 511, "status": "Under maskin"}}, {"type": "Feature", "geometry": {"type": "Point", "coordinates": [6.953315, 62.988827]}, "properties": {"time": "2025-10-21T01:36:31Z", "sog": 6.5, "cog": 250.6, "heading": 511, "status": "Under maskin"}}, {"type": "Feature", "geometry": {"type": "Point", "coordinates": [6.951697, 62.988544]}, "properties": {"time": "2025-10-21T01:36:59Z", "sog": 6.0, "cog": 247.5, "heading": 511, "status": "Under maskin"}}, {"type": "Feature", "geometry": {"type": "Point", "coordinates": [6.949743, 62.988213]}, "properties": {"time": "2025-10-21T01:37:31Z", "sog": 6.5, "cog": 245.8, "heading": 511, "status": "Under maskin"}}, {"type": "Feature", "geometry": {"type": "Point", "coordinates": [6.94806, 62.987934]}, "properties": {"time": "2025-10-21T01:37:59Z", "sog": 6.5, "cog": 250.2, "heading": 511, "status": "Under maskin"}}, {"type": "Feature", "geometry": {"type": "Point", "coordinates": [6.946138, 62.987617]}, "properties": {"time": "2025-10-21T01:38:30Z", "sog": 5.9, "cog": 256.5, "heading": 511, "status": "Under maskin"}}, {"type": "Feature", "geometry": {"type": "Point", "coordinates": [6.94433, 62.987331]}, "properties": {"time": "2025-10-21T01:38:59Z", "sog": 6.1, "cog": 246.4, "heading": 511, "status": "Under maskin"}}, {"type": "Feature", "geometry": {"type": "Point", "coordinates": [6.942412, 62.987026]}, "properties": {"time": "2025-10-21T01:39:30Z", "sog": 6.4, "cog": 250.6, "heading": 511, "status": "Under maskin"}}, {"type": "Feature", "geometry": {"type": "Point", "coordinates": [6.940625, 62.986725]}, "properties": {"time": "2025-10-21T01:39:59Z", "sog": 6.4, "cog": 251.2, "heading": 511, "status": "Under maskin"}}, {"type": "Feature", "geometry": {"type": "Point", "coordinates": [6.938712, 62.98642]}, "properties": {"time": "2025-10-21T01:40:30Z", "sog": 6.7, "cog": 250.0, "heading": 511, "status": "Under maskin"}}, {"type": "Feature", "geometry": {"type": "Point", "coordinates": [6.936928, 62.986145]}, "properties": {"time": "2025-10-21T01:40:59Z", "sog": 6.1, "cog": 257.7, "heading": 511, "status": "Under maskin"}}, {"type": "Feature", "geometry": {"type": "Point", "coordinates": [6.934999, 62.985855]}, "properties": {"time": "2025-10-21T01:41:30Z", "sog": 6.0, "cog": 251.0, "heading": 511, "status": "Under maskin"}}, {"type": "Feature", "geometry": {"type": "Point", "coordinates": [6.933297, 62.985577]}, "properties": {"time": "2025-10-21T01:41:59Z", "sog": 6.0, "cog": 252.6, "heading": 511, "status": "Under maskin"}}, {"type": "Feature", "geometry": {"type": "Point", "coordinates": [6.931442, 62.98526]}, "properties": {"time": "2025-10-21T01:42:30Z", "sog": 7.0, "cog": 246.6, "heading": 511, "status": "Under maskin"}}, {"type": "Feature", "geometry": {"type": "Point", "coordinates": [6.929705, 62.984978]}, "properties": {"time": "2025-10-21T01:42:59Z", "sog": 5.5, "cog": 247.6, "heading": 511, "status": "Under maskin"}}, {"type": "Feature", "geometry": {"type": "Point", "coordinates": [6.927875, 62.984688]}, "properties": {"time": "2025-10-21T01:43:30Z", "sog": 6.4, "cog": 250.1, "heading": 511, "status": "Under maskin"}}, {"type": "Feature", "geometry": {"type": "Point", "coordinates": [6.925945, 62.984383]}, "properties": {"time": "2025-10-21T01:44:02Z", "sog": 5.9, "cog": 252.5, "heading": 511, "status": "Under maskin"}}, {"type": "Feature", "geometry": {"type": "Point", "coordinates": [6.924242, 62.984112]}, "properties": {"time": "2025-10-21T01:44:30Z", "sog": 5.6, "cog": 251.7, "heading": 511, "status": "Under maskin"}}, {"type": "Feature", "geometry": {"type": "Point", "coordinates": [6.922379, 62.983814]}, "properties": {"time": "2025-10-21T01:45:02Z", "sog": 6.4, "cog": 258.3, "heading": 511, "status": "Under maskin"}}, {"type": "Feature", "geometry": {"type": "Point", "coordinates": [6.920595, 62.983559]}, "properties": {"time": "2025-10-21T01:45:30Z", "sog": 6.0, "cog": 257.2, "heading": 511, "status": "Under maskin"}}, {"type": "Feature", "geometry": {"type": "Point", "coordinates": [6.918662, 62.983257]}, "properties": {"time": "2025-10-21T01:46:02Z", "sog": 6.8, "cog": 249.2, "heading": 511, "status": "Under maskin"}}, {"type": "Feature", "geometry": {"type": "Point", "coordinates": [6.916828, 62.982979]}, "properties": {"time": "2025-10-21T01:46:31Z", "sog": 6.5, "cog": 249.4, "heading": 511, "status": "Under maskin"}}, {"type": "Feature", "geometry": {"type": "Point", "coordinates": [6.91494, 62.982677]}, "properties": {"time": "2025-10-21T01:47:02Z", "sog": 6.3, "cog": 257.2, "heading": 511, "status": "Under maskin"}}, {"type": "Feature", "geometry": {"type": "Point", "coordinates": [6.91331, 62.982376]}, "properties": {"time": "2025-10-21T01:47:31Z", "sog": 6.4, "cog": 241.1, "heading": 511, "status": "Under maskin"}}, {"type": "Feature", "geometry": {"type": "Point", "coordinates": [6.911538, 62.982037]}, "properties": {"time": "2025-10-21T01:48:02Z", "sog": 6.8, "cog": 253.1, "heading": 511, "status": "Under maskin"}}, {"type": "Feature", "geometry": {"type": "Point", "coordinates": [6.909853, 62.981735]}, "properties": {"time": "2025-10-21T01:48:31Z", "sog": 6.2, "cog": 249.1, "heading": 511, "status": "Under maskin"}}, {"type": "Feature", "geometry": {"type": "Point", "coordinates": [6.908035, 62.981415]}, "properties": {"time": "2025-10-21T01:49:02Z", "sog": 5.6, "cog": 249.9, "heading": 511, "status": "Under maskin"}}, {"type": "Feature", "geometry": {"type": "Point", "coordinates": [6.906313, 62.981117]}, "properties": {"time": "2025-10-21T01:49:31Z", "sog": 6.2, "cog": 251.0, "heading": 511, "status": "Under maskin"}}, {"type": "Feature", "geometry": {"type": "Point", "coordinates": [6.904548, 62.980793]}, "properties": {"time": "2025-10-21T01:50:02Z", "sog": 6.1, "cog": 249.7, "heading": 511, "status": "Under maskin"}}, {"type": "Feature", "geometry": {"type": "Point", "coordinates": [6.902878, 62.980461]}, "properties": {"time": "2025-10-21T01:50:31Z", "sog": 6.6, "cog": 250.0, "heading": 511, "status": "Under maskin"}}, {"type": "Feature", "geometry": {"type": "Point", "coordinates": [6.90122, 62.980091]}, "properties": {"time": "2025-10-21T01:51:02Z", "sog": 6.4, "cog": 244.2, "heading": 511, "status": "Under maskin"}}, {"type": "Feature", "geometry": {"type": "Point", "coordinates": [6.899738, 62.979759]}, "properties": {"time": "2025-10-21T01:51:31Z", "sog": 5.9, "cog": 245.5, "heading": 511, "status": "Under maskin"}}, {"type": "Feature", "geometry": {"type": "Point", "coordinates": [6.898067, 62.97937]}, "properties": {"time": "2025-10-21T01:52:02Z", "sog": 5.6, "cog": 250.6, "heading": 511, "status": "Under maskin"}}, {"type": "Feature", "geometry": {"type": "Point", "coordinates": [6.896477, 62.979]}, "properties": {"time": "2025-10-21T01:52:31Z", "sog": 5.8, "cog": 248.5, "heading": 511, "status": "Under maskin"}}, {"type": "Feature", "geometry": {"type": "Point", "coordinates": [6.894775, 62.978622]}, "properties": {"time": "2025-10-21T01:53:02Z", "sog": 6.1, "cog": 251.8, "heading": 511, "status": "Under maskin"}}, {"type": "Feature", "geometry": {"type": "Point", "coordinates": [6.893128, 62.978222]}, "properties": {"time": "2025-10-21T01:53:31Z", "sog": 5.8, "cog": 238.7, "heading": 511, "status": "Under maskin"}}, {"type": "Feature", "geometry": {"type": "Point", "coordinates": [6.89146, 62.977772]}, "properties": {"time": "2025-10-21T01:54:02Z", "sog": 5.8, "cog": 245.5, "heading": 511, "status": "Under maskin"}}, {"type": "Feature", "geometry": {"type": "Point", "coordinates": [6.889958, 62.977398]}, "properties": {"time": "2025-10-21T01:54:30Z", "sog": 5.6, "cog": 245.2, "heading": 511, "status": "Under maskin"}}, {"type": "Feature", "geometry": {"type": "Point", "coordinates": [6.888351, 62.976936]}, "properties": {"time": "2025-10-21T01:55:01Z", "sog": 6.2, "cog": 234.5, "heading": 511, "status": "Under maskin"}}, {"type": "Feature", "geometry": {"type": "Point", "coordinates": [6.886885, 62.976448]}, "properties": {"time": "2025-10-21T01:55:30Z", "sog": 6.4, "cog": 231.0, "heading": 511, "status": "Under maskin"}}, {"type": "Feature", "geometry": {"type": "Point", "coordinates": [6.88535, 62.975956]}, "properties": {"time": "2025-10-21T01:56:01Z", "sog": 5.9, "cog": 220.9, "heading": 511, "status": "Under maskin"}}, {"type": "Feature", "geometry": {"type": "Point", "coordinates": [6.883947, 62.975487]}, "properties": {"time": "2025-10-21T01:56:30Z", "sog": 6.2, "cog": 232.2, "heading": 511, "status": "Under maskin"}}, {"type": "Feature", "geometry": {"type": "Point", "coordinates": [6.882518, 62.975021]}, "properties": {"time": "2025-10-21T01:57:01Z", "sog": 5.3, "cog": 231.4, "heading": 511, "status": "Under maskin"}}, {"type": "Feature", "geometry": {"type": "Point", "coordinates": [6.881152, 62.974548]}, "properties": {"time": "2025-10-21T01:57:30Z", "sog": 6.8, "cog": 232.1, "heading": 511, "status": "Under maskin"}}, {"type": "Feature", "geometry": {"type": "Point", "coordinates": [6.879658, 62.97401]}, "properties": {"time": "2025-10-21T01:58:01Z", "sog": 6.2, "cog": 229.3, "heading": 511, "status": "Under maskin"}}, {"type": "Feature", "geometry": {"type": "Point", "coordinates": [6.878284, 62.973492]}, "properties": {"time": "2025-10-21T01:58:30Z", "sog": 5.6, "cog": 225.2, "heading": 511, "status": "Under maskin"}}, {"type": "Feature", "geometry": {"type": "Point", "coordinates": [6.876898, 62.97298]}, "properties": {"time": "2025-10-21T01:59:01Z", "sog": 5.5, "cog": 230.2, "heading": 511, "status": "Under maskin"}}, {"type": "Feature", "geometry": {"type": "Point", "coordinates": [6.875494, 62.972469]}, "properties": {"time": "2025-10-21T01:59:30Z", "sog": 6.2, "cog": 240.7, "heading": 511, "status": "Under maskin"}}, {"type": "Feature", "geometry": {"type": "Point", "coordinates": [6.874145, 62.97197]}, "properties": {"time": "2025-10-21T02:00:01Z", "sog": 4.6, "cog": 228.9, "heading": 511, "status": "Under maskin"}}, {"type": "Feature", "geometry": {"type": "Point", "coordinates": [6.872911, 62.971493]}, "properties": {"time": "2025-10-21T02:00:30Z", "sog": 5.5, "cog": 232.1, "heading": 511, "status": "Under maskin"}}, {"type": "Feature", "geometry": {"type": "Point", "coordinates": [6.87147, 62.970982]}, "properties": {"time": "2025-10-21T02:01:01Z", "sog": 5.7, "cog": 229.9, "heading": 511, "status": "Under maskin"}}, {"type": "Feature", "geometry": {"type": "Point", "coordinates": [6.87008, 62.970516]}, "properties": {"time": "2025-10-21T02:01:30Z", "sog": 6.1, "cog": 232.7, "heading": 511, "status": "Under maskin"}}, {"type": "Feature", "geometry": {"type": "Point", "coordinates": [6.868615, 62.970001]}, "properties": {"time": "2025-10-21T02:02:01Z", "sog": 6.7, "cog": 228.0, "heading": 511, "status": "Under maskin"}}, {"type": "Feature", "geometry": {"type": "Point", "coordinates": [6.867281, 62.969528]}, "properties": {"time": "2025-10-21T02:02:30Z", "sog": 6.4, "cog": 233.9, "heading": 511, "status": "Under maskin"}}, {"type": "Feature", "geometry": {"type": "Point", "coordinates": [6.865878, 62.969036]}, "properties": {"time": "2025-10-21T02:02:59Z", "sog": 5.6, "cog": 228.3, "heading": 511, "status": "Under maskin"}}, {"type": "Feature", "geometry": {"type": "Point", "coordinates": [6.864437, 62.968529]}, "properties": {"time": "2025-10-21T02:03:30Z", "sog": 5.6, "cog": 227.8, "heading": 511, "status": "Under maskin"}}, {"type": "Feature", "geometry": {"type": "Point", "coordinates": [6.863117, 62.968075]}, "properties": {"time": "2025-10-21T02:03:59Z", "sog": 5.8, "cog": 231.0, "heading": 511, "status": "Under maskin"}}, {"type": "Feature", "geometry": {"type": "Point", "coordinates": [6.861639, 62.967556]}, "properties": {"time": "2025-10-21T02:04:30Z", "sog": 6.3, "cog": 228.8, "heading": 511, "status": "Under maskin"}}, {"type": "Feature", "geometry": {"type": "Point", "coordinates": [6.860261, 62.967068]}, "properties": {"time": "2025-10-21T02:04:59Z", "sog": 5.6, "cog": 239.2, "heading": 511, "status": "Under maskin"}}, {"type": "Feature", "geometry": {"type": "Point", "coordinates": [6.858795, 62.966537]}, "properties": {"time": "2025-10-21T02:05:30Z", "sog": 6.5, "cog": 229.3, "heading": 511, "status": "Under maskin"}}, {"type": "Feature", "geometry": {"type": "Point", "coordinates": [6.857458, 62.966019]}, "properties": {"time": "2025-10-21T02:05:59Z", "sog": 5.6, "cog": 229.7, "heading": 511, "status": "Under maskin"}}, {"type": "Feature", "geometry": {"type": "Point", "coordinates": [6.856102, 62.965473]}, "properties": {"time": "2025-10-21T02:06:30Z", "sog": 5.4, "cog": 225.8, "heading": 511, "status": "Under maskin"}}, {"type": "Feature", "geometry": {"type": "Point", "coordinates": [6.854842, 62.964943]}, "properties": {"time": "2025-10-21T02:06:59Z", "sog": 5.8, "cog": 226.4, "heading": 511, "status": "Under maskin"}}, {"type": "Feature", "geometry": {"type": "Point", "coordinates": [6.85349, 62.964378]}, "properties": {"time": "2025-10-21T02:07:30Z", "sog": 5.2, "cog": 225.9, "heading": 511, "status": "Under maskin"}}, {"type": "Feature", "geometry": {"type": "Point", "coordinates": [6.852227, 62.963848]}, "properties": {"time": "2025-10-21T02:07:59Z", "sog": 5.8, "cog": 235.3, "heading": 511, "status": "Under maskin"}}, {"type": "Feature", "geometry": {"type": "Point", "coordinates": [6.850848, 62.963268]}, "properties": {"time": "2025-10-21T02:08:30Z", "sog": 5.5, "cog": 225.6, "heading": 511, "status": "Under maskin"}}, {"type": "Feature", "geometry": {"type": "Point", "coordinates": [6.849595, 62.962719]}, "properties": {"time": "2025-10-21T02:08:59Z", "sog": 6.3, "cog": 227.1, "heading": 511, "status": "Under maskin"}}, {"type": "Feature", "geometry": {"type": "Point", "coordinates": [6.847042, 62.961552]}, "properties": {"time": "2025-10-21T02:09:59Z", "sog": 6.0, "cog": 226.8, "heading": 511, "status": "Under maskin"}}, {"type": "Feature", "geometry": {"type": "Point", "coordinates": [6.845698, 62.960945]}, "properties": {"time": "2025-10-21T02:10:29Z", "sog": 6.0, "cog": 221.9, "heading": 511, "status": "Under maskin"}}, {"type": "Feature", "geometry": {"type": "Point", "coordinates": [6.844435, 62.960354]}, "properties": {"time": "2025-10-21T02:10:59Z", "sog": 6.3, "cog": 220.9, "heading": 511, "status": "Under maskin"}}, {"type": "Feature", "geometry": {"type": "Point", "coordinates": [6.843235, 62.959808]}, "properties": {"time": "2025-10-21T02:11:29Z", "sog": 5.5, "cog": 227.8, "heading": 511, "status": "Under maskin"}}, {"type": "Feature", "geometry": {"type": "Point", "coordinates": [6.842017, 62.95924]}, "properties": {"time": "2025-10-21T02:11:59Z", "sog": 6.4, "cog": 221.2, "heading": 511, "status": "Under maskin"}}, {"type": "Feature", "geometry": {"type": "Point", "coordinates": [6.840745, 62.958652]}, "properties": {"time": "2025-10-21T02:12:29Z", "sog": 5.9, "cog": 221.7, "heading": 511, "status": "Under maskin"}}, {"type": "Feature", "geometry": {"type": "Point", "coordinates": [6.839509, 62.958088]}, "properties": {"time": "2025-10-21T02:12:59Z", "sog": 6.1, "cog": 224.4, "heading": 511, "status": "Under maskin"}}, {"type": "Feature", "geometry": {"type": "Point", "coordinates": [6.838165, 62.95747]}, "properties": {"time": "2025-10-21T02:13:30Z", "sog": 6.9, "cog": 221.8, "heading": 511, "status": "Under maskin"}}, {"type": "Feature", "geometry": {"type": "Point", "coordinates": [6.836992, 62.956917]}, "properties": {"time": "2025-10-21T02:13:59Z", "sog": 5.7, "cog": 222.8, "heading": 511, "status": "Under maskin"}}, {"type": "Feature", "geometry": {"type": "Point", "coordinates": [6.835743, 62.956322]}, "properties": {"time": "2025-10-21T02:14:30Z", "sog": 5.8, "cog": 218.3, "heading": 511, "status": "Under maskin"}}, {"type": "Feature", "geometry": {"type": "Point", "coordinates": [6.834502, 62.955761]}, "properties": {"time": "2025-10-21T02:14:59Z", "sog": 5.6, "cog": 226.1, "heading": 511, "status": "Under maskin"}}, {"type": "Feature", "geometry": {"type": "Point", "coordinates": [6.8332, 62.955193]}, "properties": {"time": "2025-10-21T02:15:30Z", "sog": 5.6, "cog": 219.7, "heading": 511, "status": "Under maskin"}}, {"type": "Feature", "geometry": {"type": "Point", "coordinates": [6.831962, 62.954651]}, "properties": {"time": "2025-10-21T02:16:00Z", "sog": 5.0, "cog": 230.2, "heading": 511, "status": "Under maskin"}}, {"type": "Feature", "geometry": {"type": "Point", "coordinates": [6.830688, 62.954075]}, "properties": {"time": "2025-10-21T02:16:30Z", "sog": 6.4, "cog": 224.4, "heading": 511, "status": "Under maskin"}}, {"type": "Feature", "geometry": {"type": "Point", "coordinates": [6.829485, 62.953484]}, "properties": {"time": "2025-10-21T02:17:00Z", "sog": 5.7, "cog": 220.9, "heading": 511, "status": "Under maskin"}}, {"type": "Feature", "geometry": {"type": "Point", "coordinates": [6.828237, 62.952873]}, "properties": {"time": "2025-10-21T02:17:31Z", "sog": 7.3, "cog": 218.9, "heading": 511, "status": "Under maskin"}}, {"type": "Feature", "geometry": {"type": "Point", "coordinates": [6.825918, 62.951687]}, "properties": {"time": "2025-10-21T02:18:31Z", "sog": 6.4, "cog": 216.8, "heading": 511, "status": "Under maskin"}}, {"type": "Feature", "geometry": {"type": "Point", "coordinates": [6.824918, 62.951122]}, "properties": {"time": "2025-10-21T02:19:00Z", "sog": 5.5, "cog": 218.7, "heading": 511, "status": "Under maskin"}}, {"type": "Feature", "geometry": {"type": "Point", "coordinates": [6.823727, 62.95047]}, "properties": {"time": "2025-10-21T02:19:31Z", "sog": 5.2, "cog": 219.3, "heading": 511, "status": "Under maskin"}}, {"type": "Feature", "geometry": {"type": "Point", "coordinates": [6.822625, 62.949902]}, "properties": {"time": "2025-10-21T02:20:00Z", "sog": 5.6, "cog": 216.3, "heading": 511, "status": "Under maskin"}}, {"type": "Feature", "geometry": {"type": "Point", "coordinates": [6.821442, 62.949265]}, "properties": {"time": "2025-10-21T02:20:31Z", "sog": 5.9, "cog": 218.6, "heading": 511, "status": "Under maskin"}}, {"type": "Feature", "geometry": {"type": "Point", "coordinates": [6.820367, 62.948692]}, "properties": {"time": "2025-10-21T02:21:00Z", "sog": 5.7, "cog": 220.7, "heading": 511, "status": "Under maskin"}}, {"type": "Feature", "geometry": {"type": "Point", "coordinates": [6.81918, 62.948048]}, "properties": {"time": "2025-10-21T02:21:31Z", "sog": 5.7, "cog": 220.0, "heading": 511, "status": "Under maskin"}}, {"type": "Feature", "geometry": {"type": "Point", "coordinates": [6.818055, 62.947418]}, "properties": {"time": "2025-10-21T02:22:02Z", "sog": 5.3, "cog": 214.9, "heading": 511, "status": "Under maskin"}}, {"type": "Feature", "geometry": {"type": "Point", "coordinates": [6.81697, 62.9468]}, "properties": {"time": "2025-10-21T02:22:31Z", "sog": 5.0, "cog": 223.9, "heading": 511, "status": "Under maskin"}}, {"type": "Feature", "geometry": {"type": "Point", "coordinates": [6.815948, 62.946171]}, "properties": {"time": "2025-10-21T02:23:02Z", "sog": 6.0, "cog": 218.8, "heading": 511, "status": "Under maskin"}}, {"type": "Feature", "geometry": {"type": "Point", "coordinates": [6.81492, 62.945564]}, "properties": {"time": "2025-10-21T02:23:31Z", "sog": 5.6, "cog": 216.9, "heading": 511, "status": "Under maskin"}}, {"type": "Feature", "geometry": {"type": "Point", "coordinates": [6.813756, 62.944889]}, "properties": {"time": "2025-10-21T02:24:02Z", "sog": 6.5, "cog": 219.8, "heading": 511, "status": "Under maskin"}}, {"type": "Feature", "geometry": {"type": "Point", "coordinates": [6.8127, 62.944263]}, "properties": {"time": "2025-10-21T02:24:31Z", "sog": 5.8, "cog": 220.4, "heading": 511, "status": "Under maskin"}}, {"type": "Feature", "geometry": {"type": "Point", "coordinates": [6.811555, 62.943619]}, "properties": {"time": "2025-10-21T02:25:02Z", "sog": 5.0, "cog": 225.0, "heading": 511, "status": "Under maskin"}}, {"type": "Feature", "geometry": {"type": "Point", "coordinates": [6.810478, 62.943005]}, "properties": {"time": "2025-10-21T02:25:31Z", "sog": 6.6, "cog": 215.7, "heading": 511, "status": "Under maskin"}}, {"type": "Feature", "geometry": {"type": "Point", "coordinates": [6.809391, 62.942371]}, "properties": {"time": "2025-10-21T02:26:02Z", "sog": 5.4, "cog": 220.4, "heading": 511, "status": "Under maskin"}}, {"type": "Feature", "geometry": {"type": "Point", "coordinates": [6.808373, 62.94175]}, "properties": {"time": "2025-10-21T02:26:31Z", "sog": 5.9, "cog": 218.0, "heading": 511, "status": "Under maskin"}}, {"type": "Feature", "geometry": {"type": "Point", "coordinates": [6.807298, 62.941113]}, "properties": {"time": "2025-10-21T02:27:01Z", "sog": 6.0, "cog": 215.0, "heading": 511, "status": "Under maskin"}}, {"type": "Feature", "geometry": {"type": "Point", "coordinates": [6.806263, 62.940495]}, "properties": {"time": "2025-10-21T02:27:31Z", "sog": 6.3, "cog": 217.1, "heading": 511, "status": "Under maskin"}}, {"type": "Feature", "geometry": {"type": "Point", "coordinates": [6.805158, 62.939816]}, "properties": {"time": "2025-10-21T02:28:01Z", "sog": 6.1, "cog": 217.0, "heading": 511, "status": "Under maskin"}}, {"type": "Feature", "geometry": {"type": "Point", "coordinates": [6.80406, 62.939201]}, "properties": {"time": "2025-10-21T02:28:30Z", "sog": 6.1, "cog": 222.0, "heading": 511, "status": "Under maskin"}}, {"type": "Feature", "geometry": {"type": "Point", "coordinates": [6.802953, 62.93853]}, "properties": {"time": "2025-10-21T02:29:01Z", "sog": 6.3, "cog": 217.1, "heading": 511, "status": "Under maskin"}}, {"type": "Feature", "geometry": {"type": "Point", "coordinates": [6.801912, 62.937904]}, "properties": {"time": "2025-10-21T02:29:30Z", "sog": 6.4, "cog": 216.2, "heading": 511, "status": "Under maskin"}}, {"type": "Feature", "geometry": {"type": "Point", "coordinates": [6.80082, 62.937248]}, "properties": {"time": "2025-10-21T02:30:01Z", "sog": 5.6, "cog": 220.3, "heading": 511, "status": "Under maskin"}}, {"type": "Feature", "geometry": {"type": "Point", "coordinates": [6.799767, 62.936615]}, "properties": {"time": "2025-10-21T02:30:30Z", "sog": 5.6, "cog": 216.6, "heading": 511, "status": "Under maskin"}}, {"type": "Feature", "geometry": {"type": "Point", "coordinates": [6.797598, 62.93531]}, "properties": {"time": "2025-10-21T02:31:30Z", "sog": 5.3, "cog": 218.8, "heading": 511, "status": "Under maskin"}}, {"type": "Feature", "geometry": {"type": "Point", "coordinates": [6.795523, 62.934029]}, "properties": {"time": "2025-10-21T02:32:29Z", "sog": 5.7, "cog": 216.3, "heading": 511, "status": "Under maskin"}}, {"type": "Feature", "geometry": {"type": "Point", "coordinates": [6.793292, 62.932705]}, "properties": {"time": "2025-10-21T02:33:29Z", "sog": 6.8, "cog": 215.6, "heading": 511, "status": "Under maskin"}}, {"type": "Feature", "geometry": {"type": "Point", "coordinates": [6.79213, 62.932007]}, "properties": {"time": "2025-10-21T02:34:02Z", "sog": 5.5, "cog": 216.2, "heading": 511, "status": "Under maskin"}}, {"type": "Feature", "geometry": {"type": "Point", "coordinates": [6.79114, 62.9314]}, "properties": {"time": "2025-10-21T02:34:29Z", "sog": 5.3, "cog": 213.2, "heading": 511, "status": "Under maskin"}}, {"type": "Feature", "geometry": {"type": "Point", "coordinates": [6.78993, 62.930679]}, "properties": {"time": "2025-10-21T02:35:02Z", "sog": 6.6, "cog": 212.6, "heading": 511, "status": "Under maskin"}}, {"type": "Feature", "geometry": {"type": "Point", "coordinates": [6.788898, 62.930046]}, "properties": {"time": "2025-10-21T02:35:29Z", "sog": 6.2, "cog": 218.5, "heading": 511, "status": "Under maskin"}}, {"type": "Feature", "geometry": {"type": "Point", "coordinates": [6.787752, 62.929325]}, "properties": {"time": "2025-10-21T02:36:02Z", "sog": 6.4, "cog": 215.5, "heading": 511, "status": "Under maskin"}}, {"type": "Feature", "geometry": {"type": "Point", "coordinates": [6.786782, 62.928699]}, "properties": {"time": "2025-10-21T02:36:29Z", "sog": 6.3, "cog": 210.1, "heading": 511, "status": "Under maskin"}}, {"type": "Feature", "geometry": {"type": "Point", "coordinates": [6.785617, 62.927952]}, "properties": {"time": "2025-10-21T02:37:02Z", "sog": 5.7, "cog": 217.9, "heading": 511, "status": "Under maskin"}}, {"type": "Feature", "geometry": {"type": "Point", "coordinates": [6.784602, 62.927307]}, "properties": {"time": "2025-10-21T02:37:29Z", "sog": 6.1, "cog": 215.2, "heading": 511, "status": "Under maskin"}}, {"type": "Feature", "geometry": {"type": "Point", "coordinates": [6.783485, 62.926559]}, "properties": {"time": "2025-10-21T02:38:02Z", "sog": 6.3, "cog": 217.1, "heading": 511, "status": "Under maskin"}}, {"type": "Feature", "geometry": {"type": "Point", "coordinates": [6.78248, 62.925903]}, "properties": {"time": "2025-10-21T02:38:29Z", "sog": 6.0, "cog": 216.9, "heading": 511, "status": "Under maskin"}}, {"type": "Feature", "geometry": {"type": "Point", "coordinates": [6.78131, 62.925144]}, "properties": {"time": "2025-10-21T02:39:02Z", "sog": 5.3, "cog": 214.9, "heading": 511, "status": "Under maskin"}}, {"type": "Feature", "geometry": {"type": "Point", "coordinates": [6.780357, 62.924526]}, "properties": {"time": "2025-10-21T02:39:29Z", "sog": 6.0, "cog": 219.4, "heading": 511, "status": "Under maskin"}}, {"type": "Feature", "geometry": {"type": "Point", "coordinates": [6.779228, 62.923779]}, "properties": {"time": "2025-10-21T02:40:02Z", "sog": 6.1, "cog": 220.9, "heading": 511, "status": "Under maskin"}}, {"type": "Feature", "geometry": {"type": "Point", "coordinates": [6.778125, 62.923084]}, "properties": {"time": "2025-10-21T02:40:32Z", "sog": 5.7, "cog": 218.5, "heading": 511, "status": "Under maskin"}}, {"type": "Feature", "geometry": {"type": "Point", "coordinates": [6.777015, 62.92239]}, "properties": {"time": "2025-10-21T02:41:02Z", "sog": 6.4, "cog": 213.5, "heading": 511, "status": "Under maskin"}}, {"type": "Feature", "geometry": {"type": "Point", "coordinates": [6.775855, 62.921673]}, "properties": {"time": "2025-10-21T02:41:32Z", "sog": 6.0, "cog": 214.9, "heading": 511, "status": "Under maskin"}}, {"type": "Feature", "geometry": {"type": "Point", "coordinates": [6.774772, 62.920967]}, "properties": {"time": "2025-10-21T02:42:02Z", "sog": 6.5, "cog": 215.5, "heading": 511, "status": "Under maskin"}}, {"type": "Feature", "geometry": {"type": "Point", "coordinates": [6.773723, 62.92028]}, "properties": {"time": "2025-10-21T02:42:32Z", "sog": 5.6, "cog": 215.5, "heading": 511, "status": "Under maskin"}}, {"type": "Feature", "geometry": {"type": "Point", "coordinates": [6.77268, 62.919594]}, "properties": {"time": "2025-10-21T02:43:02Z", "sog": 5.3, "cog": 214.2, "heading": 511, "status": "Under maskin"}}, {"type": "Feature", "geometry": {"type": "Point", "coordinates": [6.771732, 62.918907]}, "properties": {"time": "2025-10-21T02:43:32Z", "sog": 5.7, "cog": 209.5, "heading": 511, "status": "Under maskin"}}, {"type": "Feature", "geometry": {"type": "Point", "coordinates": [6.770761, 62.918217]}, "properties": {"time": "2025-10-21T02:44:02Z", "sog": 6.5, "cog": 213.2, "heading": 511, "status": "Under maskin"}}, {"type": "Feature", "geometry": {"type": "Point", "coordinates": [6.769733, 62.917492]}, "properties": {"time": "2025-10-21T02:44:32Z", "sog": 6.9, "cog": 210.6, "heading": 511, "status": "Under maskin"}}, {"type": "Feature", "geometry": {"type": "Point", "coordinates": [6.768722, 62.916752]}, "properties": {"time": "2025-10-21T02:45:02Z", "sog": 5.7, "cog": 214.1, "heading": 511, "status": "Under maskin"}}, {"type": "Feature", "geometry": {"type": "Point", "coordinates": [6.767762, 62.916073]}, "properties": {"time": "2025-10-21T02:45:31Z", "sog": 6.2, "cog": 211.9, "heading": 511, "status": "Under maskin"}}, {"type": "Feature", "geometry": {"type": "Point", "coordinates": [6.766706, 62.915337]}, "properties": {"time": "2025-10-21T02:46:02Z", "sog": 6.0, "cog": 212.9, "heading": 511, "status": "Under maskin"}}, {"type": "Feature", "geometry": {"type": "Point", "coordinates": [6.765695, 62.914635]}, "properties": {"time": "2025-10-21T02:46:31Z", "sog": 6.0, "cog": 211.2, "heading": 511, "status": "Under maskin"}}, {"type": "Feature", "geometry": {"type": "Point", "coordinates": [6.764632, 62.91391]}, "properties": {"time": "2025-10-21T02:47:02Z", "sog": 5.9, "cog": 214.1, "heading": 511, "status": "Under maskin"}}, {"type": "Feature", "geometry": {"type": "Point", "coordinates": [6.763573, 62.913174]}, "properties": {"time": "2025-10-21T02:47:31Z", "sog": 5.3, "cog": 212.7, "heading": 511, "status": "Under maskin"}}, {"type": "Feature", "geometry": {"type": "Point", "coordinates": [6.762503, 62.912449]}, "properties": {"time": "2025-10-21T02:48:01Z", "sog": 5.9, "cog": 217.3, "heading": 511, "status": "Under maskin"}}, {"type": "Feature", "geometry": {"type": "Point", "coordinates": [6.761418, 62.911747]}, "properties": {"time": "2025-10-21T02:48:31Z", "sog": 6.2, "cog": 212.4, "heading": 511, "status": "Under maskin"}}, {"type": "Feature", "geometry": {"type": "Point", "coordinates": [6.760345, 62.911037]}, "properties": {"time": "2025-10-21T02:49:01Z", "sog": 5.4, "cog": 214.9, "heading": 511, "status": "Under maskin"}}, {"type": "Feature", "geometry": {"type": "Point", "coordinates": [6.759275, 62.910316]}, "properties": {"time": "2025-10-21T02:49:31Z", "sog": 6.0, "cog": 215.3, "heading": 511, "status": "Under maskin"}}, {"type": "Feature", "geometry": {"type": "Point", "coordinates": [6.75821, 62.909622]}, "properties": {"time": "2025-10-21T02:50:01Z", "sog": 5.5, "cog": 213.6, "heading": 511, "status": "Under maskin"}}, {"type": "Feature", "geometry": {"type": "Point", "coordinates": [6.757113, 62.908875]}, "properties": {"time": "2025-10-21T02:50:31Z", "sog": 6.8, "cog": 217.8, "heading": 511, "status": "Under maskin"}}, {"type": "Feature", "geometry": {"type": "Point", "coordinates": [6.75605, 62.908161]}, "properties": {"time": "2025-10-21T02:51:01Z", "sog": 6.1, "cog": 215.7, "heading": 511, "status": "Under maskin"}}, {"type": "Feature", "geometry": {"type": "Point", "coordinates": [6.754998, 62.907452]}, "properties": {"time": "2025-10-21T02:51:31Z", "sog": 6.3, "cog": 213.4, "heading": 511, "status": "Under maskin"}}, {"type": "Feature", "geometry": {"type": "Point", "coordinates": [6.752972, 62.906044]}, "properties": {"time": "2025-10-21T02:52:31Z", "sog": 5.8, "cog": 215.2, "heading": 511, "status": "Under maskin"}}, {"type": "Feature", "geometry": {"type": "Point", "coordinates": [6.75094, 62.904629]}, "properties": {"time": "2025-10-21T02:53:32Z", "sog": 5.7, "cog": 212.2, "heading": 511, "status": "Under maskin"}}, {"type": "Feature", "geometry": {"type": "Point", "coordinates": [6.750045, 62.903992]}, "properties": {"time": "2025-10-21T02:53:59Z", "sog": 6.1, "cog": 213.1, "heading": 511, "status": "Under maskin"}}, {"type": "Feature", "geometry": {"type": "Point", "coordinates": [6.748953, 62.90324]}, "properties": {"time": "2025-10-21T02:54:32Z", "sog": 5.8, "cog": 212.1, "heading": 511, "status": "Under maskin"}}, {"type": "Feature", "geometry": {"type": "Point", "coordinates": [6.748013, 62.902599]}, "properties": {"time": "2025-10-21T02:54:59Z", "sog": 6.5, "cog": 214.7, "heading": 511, "status": "Under maskin"}}, {"type": "Feature", "geometry": {"type": "Point", "coordinates": [6.746881, 62.901825]}, "properties": {"time": "2025-10-21T02:55:32Z", "sog": 5.9, "cog": 208.3, "heading": 511, "status": "Under maskin"}}, {"type": "Feature", "geometry": {"type": "Point", "coordinates": [6.745948, 62.901188]}, "properties": {"time": "2025-10-21T02:55:59Z", "sog": 6.2, "cog": 211.0, "heading": 511, "status": "Under maskin"}}, {"type": "Feature", "geometry": {"type": "Point", "coordinates": [6.743852, 62.899784]}, "properties": {"time": "2025-10-21T02:56:59Z", "sog": 6.0, "cog": 215.7, "heading": 511, "status": "Under maskin"}}, {"type": "Feature", "geometry": {"type": "Point", "coordinates": [6.742723, 62.899014]}, "properties": {"time": "2025-10-21T02:57:32Z", "sog": 6.5, "cog": 214.9, "heading": 511, "status": "Under maskin"}}, {"type": "Feature", "geometry": {"type": "Point", "coordinates": [6.741763, 62.898357]}, "properties": {"time": "2025-10-21T02:57:59Z", "sog": 6.4, "cog": 216.3, "heading": 511, "status": "Under maskin"}}, {"type": "Feature", "geometry": {"type": "Point", "coordinates": [6.740623, 62.897556]}, "properties": {"time": "2025-10-21T02:58:32Z", "sog": 5.6, "cog": 218.3, "heading": 511, "status": "Under maskin"}}, {"type": "Feature", "geometry": {"type": "Point", "coordinates": [6.7396, 62.896847]}, "properties": {"time": "2025-10-21T02:59:01Z", "sog": 6.5, "cog": 210.9, "heading": 511, "status": "Under maskin"}}, {"type": "Feature", "geometry": {"type": "Point", "coordinates": [6.738616, 62.89613]}, "properties": {"time": "2025-10-21T02:59:32Z", "sog": 5.9, "cog": 210.8, "heading": 511, "status": "Under maskin"}}, {"type": "Feature", "geometry": {"type": "Point", "coordinates": [6.737586, 62.89542]}, "properties": {"time": "2025-10-21T03:00:01Z", "sog": 6.7, "cog": 212.7, "heading": 511, "status": "Under maskin"}}, {"type": "Feature", "geometry": {"type": "Point", "coordinates": [6.736508, 62.894684]}, "properties": {"time": "2025-10-21T03:00:32Z", "sog": 6.3, "cog": 216.2, "heading": 511, "status": "Under maskin"}}, {"type": "Feature", "geometry": {"type": "Point", "coordinates": [6.735508, 62.893959]}, "properties": {"time": "2025-10-21T03:01:01Z", "sog": 6.4, "cog": 213.3, "heading": 511, "status": "Under maskin"}}, {"type": "Feature", "geometry": {"type": "Point", "coordinates": [6.734505, 62.893227]}, "properties": {"time": "2025-10-21T03:01:32Z", "sog": 6.7, "cog": 209.7, "heading": 511, "status": "Under maskin"}}, {"type": "Feature", "geometry": {"type": "Point", "coordinates": [6.733545, 62.892502]}, "properties": {"time": "2025-10-21T03:02:01Z", "sog": 6.6, "cog": 211.7, "heading": 511, "status": "Under maskin"}}, {"type": "Feature", "geometry": {"type": "Point", "coordinates": [6.73253, 62.891735]}, "properties": {"time": "2025-10-21T03:02:32Z", "sog": 6.4, "cog": 210.4, "heading": 511, "status": "Under maskin"}}, {"type": "Feature", "geometry": {"type": "Point", "coordinates": [6.731558, 62.890965]}, "properties": {"time": "2025-10-21T03:03:02Z", "sog": 6.5, "cog": 209.7, "heading": 511, "status": "Under maskin"}}, {"type": "Feature", "geometry": {"type": "Point", "coordinates": [6.730597, 62.89019]}, "properties": {"time": "2025-10-21T03:03:32Z", "sog": 6.1, "cog": 207.0, "heading": 511, "status": "Under maskin"}}, {"type": "Feature", "geometry": {"type": "Point", "coordinates": [6.729683, 62.889435]}, "properties": {"time": "2025-10-21T03:04:00Z", "sog": 6.4, "cog": 208.3, "heading": 511, "status": "Under maskin"}}, {"type": "Feature", "geometry": {"type": "Point", "coordinates": [6.728675, 62.888649]}, "properties": {"time": "2025-10-21T03:04:32Z", "sog": 6.4, "cog": 209.8, "heading": 511, "status": "Under maskin"}}, {"type": "Feature", "geometry": {"type": "Point", "coordinates": [6.727752, 62.887917]}, "properties": {"time": "2025-10-21T03:05:00Z", "sog": 6.7, "cog": 208.6, "heading": 511, "status": "Under maskin"}}, {"type": "Feature", "geometry": {"type": "Point", "coordinates": [6.725867, 62.886375]}, "properties": {"time": "2025-10-21T03:06:00Z", "sog": 6.4, "cog": 207.1, "heading": 511, "status": "Under maskin"}}, {"type": "Feature", "geometry": {"type": "Point", "coordinates": [6.723908, 62.884808]}, "properties": {"time": "2025-10-21T03:07:00Z", "sog": 6.0, "cog": 209.1, "heading": 511, "status": "Under maskin"}}, {"type": "Feature", "geometry": {"type": "Point", "coordinates": [6.722017, 62.883263]}, "properties": {"time": "2025-10-21T03:08:00Z", "sog": 6.7, "cog": 208.0, "heading": 511, "status": "Under maskin"}}, {"type": "Feature", "geometry": {"type": "Point", "coordinates": [6.719978, 62.881641]}, "properties": {"time": "2025-10-21T03:09:00Z", "sog": 7.0, "cog": 211.6, "heading": 511, "status": "Under maskin"}}, {"type": "Feature", "geometry": {"type": "Point", "coordinates": [6.717938, 62.880001]}, "properties": {"time": "2025-10-21T03:10:01Z", "sog": 6.4, "cog": 210.0, "heading": 511, "status": "Under maskin"}}, {"type": "Feature", "geometry": {"type": "Point", "coordinates": [6.715988, 62.878452]}, "properties": {"time": "2025-10-21T03:11:01Z", "sog": 6.5, "cog": 210.3, "heading": 511, "status": "Under maskin"}}, {"type": "Feature", "geometry": {"type": "Point", "coordinates": [6.715024, 62.877682]}, "properties": {"time": "2025-10-21T03:11:31Z", "sog": 6.5, "cog": 209.4, "heading": 511, "status": "Under maskin"}}, {"type": "Feature", "geometry": {"type": "Point", "coordinates": [6.71405, 62.876904]}, "properties": {"time": "2025-10-21T03:12:01Z", "sog": 6.2, "cog": 203.8, "heading": 511, "status": "Under maskin"}}, {"type": "Feature", "geometry": {"type": "Point", "coordinates": [6.7131, 62.876137]}, "properties": {"time": "2025-10-21T03:12:31Z", "sog": 6.5, "cog": 210.4, "heading": 511, "status": "Under maskin"}}, {"type": "Feature", "geometry": {"type": "Point", "coordinates": [6.712168, 62.875355]}, "properties": {"time": "2025-10-21T03:13:01Z", "sog": 6.2, "cog": 212.9, "heading": 511, "status": "Under maskin"}}, {"type": "Feature", "geometry": {"type": "Point", "coordinates": [6.711215, 62.874584]}, "properties": {"time": "2025-10-21T03:13:31Z", "sog": 6.3, "cog": 210.1, "heading": 511, "status": "Under maskin"}}, {"type": "Feature", "geometry": {"type": "Point", "coordinates": [6.710228, 62.87381]}, "properties": {"time": "2025-10-21T03:14:01Z", "sog": 6.6, "cog": 210.5, "heading": 511, "status": "Under maskin"}}, {"type": "Feature", "geometry": {"type": "Point", "coordinates": [6.709208, 62.873024]}, "properties": {"time": "2025-10-21T03:14:31Z", "sog": 6.5, "cog": 207.8, "heading": 511, "status": "Under maskin"}}, {"type": "Feature", "geometry": {"type": "Point", "coordinates": [6.70818, 62.872227]}, "properties": {"time": "2025-10-21T03:15:01Z", "sog": 6.5, "cog": 210.1, "heading": 511, "status": "Under maskin"}}, {"type": "Feature", "geometry": {"type": "Point", "coordinates": [6.707233, 62.871513]}, "properties": {"time": "2025-10-21T03:15:31Z", "sog": 6.7, "cog": 211.2, "heading": 511, "status": "Under maskin"}}, {"type": "Feature", "geometry": {"type": "Point", "coordinates": [6.706227, 62.870728]}, "properties": {"time": "2025-10-21T03:16:02Z", "sog": 6.4, "cog": 209.7, "heading": 511, "status": "Under maskin"}}, {"type": "Feature", "geometry": {"type": "Point", "coordinates": [6.705263, 62.869999]}, "properties": {"time": "2025-10-21T03:16:31Z", "sog": 6.0, "cog": 210.8, "heading": 511, "status": "Under maskin"}}, {"type": "Feature", "geometry": {"type": "Point", "coordinates": [6.70426, 62.869225]}, "properties": {"time": "2025-10-21T03:17:02Z", "sog": 6.5, "cog": 210.4, "heading": 511, "status": "Under maskin"}}, {"type": "Feature", "geometry": {"type": "Point", "coordinates": [6.703273, 62.868496]}, "properties": {"time": "2025-10-21T03:17:31Z", "sog": 7.5, "cog": 214.5, "heading": 511, "status": "Under maskin"}}, {"type": "Feature", "geometry": {"type": "Point", "coordinates": [6.702172, 62.867737]}, "properties": {"time": "2025-10-21T03:18:02Z", "sog": 6.4, "cog": 213.2, "heading": 511, "status": "Under maskin"}}, {"type": "Feature", "geometry": {"type": "Point", "coordinates": [6.701102, 62.866993]}, "properties": {"time": "2025-10-21T03:18:31Z", "sog": 6.6, "cog": 208.2, "heading": 511, "status": "Under maskin"}}, {"type": "Feature", "geometry": {"type": "Point", "coordinates": [6.700208, 62.866283]}, "properties": {"time": "2025-10-21T03:19:01Z", "sog": 5.9, "cog": 212.6, "heading": 511, "status": "Under maskin"}}, {"type": "Feature", "geometry": {"type": "Point", "coordinates": [6.699276, 62.865582]}, "properties": {"time": "2025-10-21T03:19:30Z", "sog": 6.4, "cog": 210.3, "heading": 511, "status": "Under maskin"}}, {"type": "Feature", "geometry": {"type": "Point", "coordinates": [6.698256, 62.864788]}, "properties": {"time": "2025-10-21T03:20:02Z", "sog": 5.3, "cog": 211.0, "heading": 511, "status": "Under maskin"}}, {"type": "Feature", "geometry": {"type": "Point", "coordinates": [6.69736, 62.864113]}, "properties": {"time": "2025-10-21T03:20:30Z", "sog": 5.7, "cog": 212.1, "heading": 511, "status": "Under maskin"}}, {"type": "Feature", "geometry": {"type": "Point", "coordinates": [6.696317, 62.86335]}, "properties": {"time": "2025-10-21T03:21:02Z", "sog": 6.2, "cog": 213.1, "heading": 511, "status": "Under maskin"}}, {"type": "Feature", "geometry": {"type": "Point", "coordinates": [6.695403, 62.862675]}, "properties": {"time": "2025-10-21T03:21:30Z", "sog": 6.2, "cog": 208.5, "heading": 511, "status": "Under maskin"}}, {"type": "Feature", "geometry": {"type": "Point", "coordinates": [6.694392, 62.861912]}, "properties": {"time": "2025-10-21T03:22:01Z", "sog": 5.9, "cog": 210.7, "heading": 511, "status": "Under maskin"}}, {"type": "Feature", "geometry": {"type": "Point", "coordinates": [6.693442, 62.861244]}, "properties": {"time": "2025-10-21T03:22:30Z", "sog": 6.3, "cog": 210.4, "heading": 511, "status": "Under maskin"}}, {"type": "Feature", "geometry": {"type": "Point", "coordinates": [6.692477, 62.860558]}, "properties": {"time": "2025-10-21T03:22:59Z", "sog": 6.8, "cog": 212.2, "heading": 511, "status": "Under maskin"}}, {"type": "Feature", "geometry": {"type": "Point", "coordinates": [6.691475, 62.859833]}, "properties": {"time": "2025-10-21T03:23:30Z", "sog": 5.3, "cog": 211.7, "heading": 511, "status": "Under maskin"}}, {"type": "Feature", "geometry": {"type": "Point", "coordinates": [6.690536, 62.859165]}, "properties": {"time": "2025-10-21T03:23:59Z", "sog": 6.3, "cog": 214.6, "heading": 511, "status": "Under maskin"}}, {"type": "Feature", "geometry": {"type": "Point", "coordinates": [6.689518, 62.858437]}, "properties": {"time": "2025-10-21T03:24:30Z", "sog": 5.9, "cog": 211.6, "heading": 511, "status": "Under maskin"}}, {"type": "Feature", "geometry": {"type": "Point", "coordinates": [6.68762, 62.857063]}, "properties": {"time": "2025-10-21T03:25:30Z", "sog": 6.4, "cog": 214.4, "heading": 511, "status": "Under maskin"}}, {"type": "Feature", "geometry": {"type": "Point", "coordinates": [6.686614, 62.85635]}, "properties": {"time": "2025-10-21T03:25:59Z", "sog": 5.9, "cog": 213.7, "heading": 511, "status": "Under maskin"}}, {"type": "Feature", "geometry": {"type": "Point", "coordinates": [6.68453, 62.854897]}, "properties": {"time": "2025-10-21T03:27:02Z", "sog": 5.9, "cog": 207.6, "heading": 511, "status": "Under maskin"}}, {"type": "Feature", "geometry": {"type": "Point", "coordinates": [6.682425, 62.85347]}, "properties": {"time": "2025-10-21T03:28:02Z", "sog": 5.8, "cog": 213.5, "heading": 511, "status": "Under maskin"}}, {"type": "Feature", "geometry": {"type": "Point", "coordinates": [6.68034, 62.852058]}, "properties": {"time": "2025-10-21T03:29:02Z", "sog": 6.2, "cog": 212.8, "heading": 511, "status": "Under maskin"}}, {"type": "Feature", "geometry": {"type": "Point", "coordinates": [6.678268, 62.850681]}, "properties": {"time": "2025-10-21T03:30:02Z", "sog": 6.5, "cog": 215.5, "heading": 511, "status": "Under maskin"}}, {"type": "Feature", "geometry": {"type": "Point", "coordinates": [6.67732, 62.850029]}, "properties": {"time": "2025-10-21T03:30:30Z", "sog": 5.8, "cog": 211.3, "heading": 511, "status": "Under maskin"}}, {"type": "Feature", "geometry": {"type": "Point", "coordinates": [6.676227, 62.849289]}, "properties": {"time": "2025-10-21T03:31:02Z", "sog": 6.2, "cog": 213.3, "heading": 511, "status": "Under maskin"}}, {"type": "Feature", "geometry": {"type": "Point", "coordinates": [6.675245, 62.848633]}, "properties": {"time": "2025-10-21T03:31:30Z", "sog": 6.0, "cog": 215.5, "heading": 511, "status": "Under maskin"}}, {"type": "Feature", "geometry": {"type": "Point", "coordinates": [6.67411, 62.847881]}, "properties": {"time": "2025-10-21T03:32:02Z", "sog": 5.5, "cog": 216.1, "heading": 511, "status": "Under maskin"}}, {"type": "Feature", "geometry": {"type": "Point", "coordinates": [6.673193, 62.847286]}, "properties": {"time": "2025-10-21T03:32:30Z", "sog": 6.4, "cog": 212.8, "heading": 511, "status": "Under maskin"}}, {"type": "Feature", "geometry": {"type": "Point", "coordinates": [6.672081, 62.846561]}, "properties": {"time": "2025-10-21T03:33:02Z", "sog": 5.7, "cog": 216.3, "heading": 511, "status": "Under maskin"}}, {"type": "Feature", "geometry": {"type": "Point", "coordinates": [6.67111, 62.845936]}, "properties": {"time": "2025-10-21T03:33:30Z", "sog": 5.8, "cog": 217.0, "heading": 511, "status": "Under maskin"}}, {"type": "Feature", "geometry": {"type": "Point", "coordinates": [6.669955, 62.845184]}, "properties": {"time": "2025-10-21T03:34:02Z", "sog": 6.7, "cog": 213.5, "heading": 511, "status": "Under maskin"}}, {"type": "Feature", "geometry": {"type": "Point", "coordinates": [6.668973, 62.844566]}, "properties": {"time": "2025-10-21T03:34:30Z", "sog": 6.4, "cog": 218.8, "heading": 511, "status": "Under maskin"}}, {"type": "Feature", "geometry": {"type": "Point", "coordinates": [6.667964, 62.843922]}, "properties": {"time": "2025-10-21T03:34:58Z", "sog": 6.1, "cog": 214.7, "heading": 511, "status": "Under maskin"}}, {"type": "Feature", "geometry": {"type": "Point", "coordinates": [6.66582, 62.842541]}, "properties": {"time": "2025-10-21T03:35:58Z", "sog": 5.8, "cog": 217.3, "heading": 511, "status": "Under maskin"}}, {"type": "Feature", "geometry": {"type": "Point", "coordinates": [6.664715, 62.841831]}, "properties": {"time": "2025-10-21T03:36:30Z", "sog": 6.5, "cog": 213.9, "heading": 511, "status": "Under maskin"}}, {"type": "Feature", "geometry": {"type": "Point", "coordinates": [6.663707, 62.841171]}, "properties": {"time": "2025-10-21T03:36:58Z", "sog": 5.8, "cog": 212.6, "heading": 511, "status": "Under maskin"}}, {"type": "Feature", "geometry": {"type": "Point", "coordinates": [6.662617, 62.840466]}, "properties": {"time": "2025-10-21T03:37:30Z", "sog": 6.2, "cog": 213.4, "heading": 511, "status": "Under maskin"}}, {"type": "Feature", "geometry": {"type": "Point", "coordinates": [6.661662, 62.839817]}, "properties": {"time": "2025-10-21T03:37:58Z", "sog": 6.2, "cog": 213.3, "heading": 511, "status": "Under maskin"}}, {"type": "Feature", "geometry": {"type": "Point", "coordinates": [6.660537, 62.839043]}, "properties": {"time": "2025-10-21T03:38:30Z", "sog": 6.2, "cog": 209.7, "heading": 511, "status": "Under maskin"}}, {"type": "Feature", "geometry": {"type": "Point", "coordinates": [6.659558, 62.838329]}, "properties": {"time": "2025-10-21T03:38:58Z", "sog": 6.1, "cog": 210.4, "heading": 511, "status": "Under maskin"}}, {"type": "Feature", "geometry": {"type": "Point", "coordinates": [6.658473, 62.837589]}, "properties": {"time": "2025-10-21T03:39:30Z", "sog": 6.6, "cog": 212.1, "heading": 511, "status": "Under maskin"}}, {"type": "Feature", "geometry": {"type": "Point", "coordinates": [6.657454, 62.836861]}, "properties": {"time": "2025-10-21T03:40:00Z", "sog": 6.2, "cog": 210.6, "heading": 511, "status": "Under maskin"}}, {"type": "Feature", "geometry": {"type": "Point", "coordinates": [6.65645, 62.836105]}, "properties": {"time": "2025-10-21T03:40:30Z", "sog": 6.1, "cog": 210.6, "heading": 511, "status": "Under maskin"}}, {"type": "Feature", "geometry": {"type": "Point", "coordinates": [6.655453, 62.835384]}, "properties": {"time": "2025-10-21T03:41:00Z", "sog": 6.2, "cog": 212.2, "heading": 511, "status": "Under maskin"}}, {"type": "Feature", "geometry": {"type": "Point", "coordinates": [6.65447, 62.834675]}, "properties": {"time": "2025-10-21T03:41:30Z", "sog": 6.2, "cog": 214.4, "heading": 511, "status": "Under maskin"}}, {"type": "Feature", "geometry": {"type": "Point", "coordinates": [6.653445, 62.833946]}, "properties": {"time": "2025-10-21T03:42:00Z", "sog": 6.3, "cog": 216.3, "heading": 511, "status": "Under maskin"}}, {"type": "Feature", "geometry": {"type": "Point", "coordinates": [6.652435, 62.833221]}, "properties": {"time": "2025-10-21T03:42:30Z", "sog": 6.2, "cog": 214.3, "heading": 511, "status": "Under maskin"}}, {"type": "Feature", "geometry": {"type": "Point", "coordinates": [6.651453, 62.8325]}, "properties": {"time": "2025-10-21T03:43:00Z", "sog": 5.9, "cog": 210.9, "heading": 511, "status": "Under maskin"}}, {"type": "Feature", "geometry": {"type": "Point", "coordinates": [6.65032, 62.831711]}, "properties": {"time": "2025-10-21T03:43:32Z", "sog": 6.5, "cog": 212.0, "heading": 511, "status": "Under maskin"}}, {"type": "Feature", "geometry": {"type": "Point", "coordinates": [6.649323, 62.831005]}, "properties": {"time": "2025-10-21T03:44:02Z", "sog": 5.8, "cog": 212.6, "heading": 511, "status": "Under maskin"}}, {"type": "Feature", "geometry": {"type": "Point", "coordinates": [6.648423, 62.830322]}, "properties": {"time": "2025-10-21T03:44:32Z", "sog": 6.2, "cog": 211.3, "heading": 511, "status": "Under maskin"}}, {"type": "Feature", "geometry": {"type": "Point", "coordinates": [6.647417, 62.829594]}, "properties": {"time": "2025-10-21T03:45:02Z", "sog": 6.1, "cog": 211.7, "heading": 511, "status": "Under maskin"}}, {"type": "Feature", "geometry": {"type": "Point", "coordinates": [6.64641, 62.828854]}, "properties": {"time": "2025-10-21T03:45:32Z", "sog": 6.0, "cog": 212.8, "heading": 511, "status": "Under maskin"}}, {"type": "Feature", "geometry": {"type": "Point", "coordinates": [6.645398, 62.82811]}, "properties": {"time": "2025-10-21T03:46:02Z", "sog": 6.4, "cog": 211.8, "heading": 511, "status": "Under maskin"}}, {"type": "Feature", "geometry": {"type": "Point", "coordinates": [6.644363, 62.827332]}, "properties": {"time": "2025-10-21T03:46:32Z", "sog": 6.9, "cog": 210.5, "heading": 511, "status": "Under maskin"}}, {"type": "Feature", "geometry": {"type": "Point", "coordinates": [6.643418, 62.826618]}, "properties": {"time": "2025-10-21T03:47:02Z", "sog": 6.6, "cog": 213.4, "heading": 511, "status": "Under maskin"}}, {"type": "Feature", "geometry": {"type": "Point", "coordinates": [6.642413, 62.825867]}, "properties": {"time": "2025-10-21T03:47:32Z", "sog": 6.4, "cog": 209.8, "heading": 511, "status": "Under maskin"}}, {"type": "Feature", "geometry": {"type": "Point", "coordinates": [6.641405, 62.82513]}, "properties": {"time": "2025-10-21T03:48:02Z", "sog": 6.4, "cog": 210.1, "heading": 511, "status": "Under maskin"}}, {"type": "Feature", "geometry": {"type": "Point", "coordinates": [6.640425, 62.824406]}, "properties": {"time": "2025-10-21T03:48:31Z", "sog": 6.1, "cog": 214.1, "heading": 511, "status": "Under maskin"}}, {"type": "Feature", "geometry": {"type": "Point", "coordinates": [6.639415, 62.823681]}, "properties": {"time": "2025-10-21T03:49:02Z", "sog": 5.9, "cog": 211.8, "heading": 511, "status": "Under maskin"}}, {"type": "Feature", "geometry": {"type": "Point", "coordinates": [6.638433, 62.822945]}, "properties": {"time": "2025-10-21T03:49:31Z", "sog": 6.3, "cog": 210.1, "heading": 511, "status": "Under maskin"}}, {"type": "Feature", "geometry": {"type": "Point", "coordinates": [6.637415, 62.822208]}, "properties": {"time": "2025-10-21T03:50:02Z", "sog": 6.2, "cog": 213.8, "heading": 511, "status": "Under maskin"}}, {"type": "Feature", "geometry": {"type": "Point", "coordinates": [6.636433, 62.821476]}, "properties": {"time": "2025-10-21T03:50:31Z", "sog": 5.8, "cog": 212.5, "heading": 511, "status": "Under maskin"}}, {"type": "Feature", "geometry": {"type": "Point", "coordinates": [6.635435, 62.820736]}, "properties": {"time": "2025-10-21T03:51:02Z", "sog": 6.1, "cog": 212.4, "heading": 511, "status": "Under maskin"}}, {"type": "Feature", "geometry": {"type": "Point", "coordinates": [6.634433, 62.819996]}, "properties": {"time": "2025-10-21T03:51:31Z", "sog": 6.0, "cog": 211.5, "heading": 511, "status": "Under maskin"}}, {"type": "Feature", "geometry": {"type": "Point", "coordinates": [6.633517, 62.819328]}, "properties": {"time": "2025-10-21T03:52:00Z", "sog": 6.0, "cog": 213.1, "heading": 511, "status": "Under maskin"}}, {"type": "Feature", "geometry": {"type": "Point", "coordinates": [6.632397, 62.818535]}, "properties": {"time": "2025-10-21T03:52:31Z", "sog": 6.1, "cog": 213.2, "heading": 511, "status": "Under maskin"}}, {"type": "Feature", "geometry": {"type": "Point", "coordinates": [6.63141, 62.817825]}, "properties": {"time": "2025-10-21T03:53:00Z", "sog": 6.2, "cog": 209.2, "heading": 511, "status": "Under maskin"}}, {"type": "Feature", "geometry": {"type": "Point", "coordinates": [6.630402, 62.817074]}, "properties": {"time": "2025-10-21T03:53:31Z", "sog": 6.1, "cog": 213.7, "heading": 511, "status": "Under maskin"}}, {"type": "Feature", "geometry": {"type": "Point", "coordinates": [6.629415, 62.816368]}, "properties": {"time": "2025-10-21T03:54:00Z", "sog": 6.4, "cog": 213.8, "heading": 511, "status": "Under maskin"}}, {"type": "Feature", "geometry": {"type": "Point", "coordinates": [6.628383, 62.81562]}, "properties": {"time": "2025-10-21T03:54:31Z", "sog": 6.0, "cog": 212.8, "heading": 511, "status": "Under maskin"}}, {"type": "Feature", "geometry": {"type": "Point", "coordinates": [6.627432, 62.814957]}, "properties": {"time": "2025-10-21T03:55:00Z", "sog": 6.0, "cog": 214.8, "heading": 511, "status": "Under maskin"}}, {"type": "Feature", "geometry": {"type": "Point", "coordinates": [6.626313, 62.814178]}, "properties": {"time": "2025-10-21T03:55:31Z", "sog": 6.5, "cog": 212.8, "heading": 511, "status": "Under maskin"}}, {"type": "Feature", "geometry": {"type": "Point", "coordinates": [6.625322, 62.813477]}, "properties": {"time": "2025-10-21T03:56:00Z", "sog": 6.5, "cog": 213.2, "heading": 511, "status": "Under maskin"}}, {"type": "Feature", "geometry": {"type": "Point", "coordinates": [6.62429, 62.812725]}, "properties": {"time": "2025-10-21T03:56:31Z", "sog": 6.2, "cog": 210.1, "heading": 511, "status": "Under maskin"}}, {"type": "Feature", "geometry": {"type": "Point", "coordinates": [6.623313, 62.812023]}, "properties": {"time": "2025-10-21T03:57:00Z", "sog": 6.5, "cog": 213.6, "heading": 511, "status": "Under maskin"}}, {"type": "Feature", "geometry": {"type": "Point", "coordinates": [6.622258, 62.811298]}, "properties": {"time": "2025-10-21T03:57:31Z", "sog": 6.2, "cog": 214.0, "heading": 511, "status": "Under maskin"}}, {"type": "Feature", "geometry": {"type": "Point", "coordinates": [6.621115, 62.810505]}, "properties": {"time": "2025-10-21T03:58:02Z", "sog": 6.3, "cog": 211.1, "heading": 511, "status": "Under maskin"}}, {"type": "Feature", "geometry": {"type": "Point", "coordinates": [6.620163, 62.809818]}, "properties": {"time": "2025-10-21T03:58:30Z", "sog": 6.3, "cog": 211.6, "heading": 511, "status": "Under maskin"}}, {"type": "Feature", "geometry": {"type": "Point", "coordinates": [6.619093, 62.809055]}, "properties": {"time": "2025-10-21T03:59:02Z", "sog": 6.4, "cog": 213.5, "heading": 511, "status": "Under maskin"}}, {"type": "Feature", "geometry": {"type": "Point", "coordinates": [6.618072, 62.808342]}, "properties": {"time": "2025-10-21T03:59:30Z", "sog": 6.6, "cog": 212.6, "heading": 511, "status": "Under maskin"}}, {"type": "Feature", "geometry": {"type": "Point", "coordinates": [6.616951, 62.807545]}, "properties": {"time": "2025-10-21T04:00:02Z", "sog": 6.5, "cog": 213.7, "heading": 511, "status": "Under maskin"}}, {"type": "Feature", "geometry": {"type": "Point", "coordinates": [6.615982, 62.806877]}, "properties": {"time": "2025-10-21T04:00:30Z", "sog": 6.5, "cog": 215.4, "heading": 511, "status": "Under maskin"}}, {"type": "Feature", "geometry": {"type": "Point", "coordinates": [6.614833, 62.806087]}, "properties": {"time": "2025-10-21T04:01:02Z", "sog": 6.2, "cog": 212.9, "heading": 511, "status": "Under maskin"}}, {"type": "Feature", "geometry": {"type": "Point", "coordinates": [6.613801, 62.80537]}, "properties": {"time": "2025-10-21T04:01:30Z", "sog": 6.7, "cog": 213.4, "heading": 511, "status": "Under maskin"}}, {"type": "Feature", "geometry": {"type": "Point", "coordinates": [6.612717, 62.804607]}, "properties": {"time": "2025-10-21T04:02:02Z", "sog": 6.3, "cog": 214.9, "heading": 511, "status": "Under maskin"}}, {"type": "Feature", "geometry": {"type": "Point", "coordinates": [6.611677, 62.803902]}, "properties": {"time": "2025-10-21T04:02:30Z", "sog": 6.2, "cog": 215.6, "heading": 511, "status": "Under maskin"}}, {"type": "Feature", "geometry": {"type": "Point", "coordinates": [6.610542, 62.80312]}, "properties": {"time": "2025-10-21T04:03:02Z", "sog": 6.0, "cog": 213.3, "heading": 511, "status": "Under maskin"}}, {"type": "Feature", "geometry": {"type": "Point", "coordinates": [6.60955, 62.802433]}, "properties": {"time": "2025-10-21T04:03:30Z", "sog": 6.4, "cog": 213.9, "heading": 511, "status": "Under maskin"}}, {"type": "Feature", "geometry": {"type": "Point", "coordinates": [6.607478, 62.800972]}, "properties": {"time": "2025-10-21T04:04:30Z", "sog": 6.5, "cog": 214.3, "heading": 511, "status": "Under maskin"}}, {"type": "Feature", "geometry": {"type": "Point", "coordinates": [6.606335, 62.800179]}, "properties": {"time": "2025-10-21T04:05:02Z", "sog": 6.7, "cog": 212.5, "heading": 511, "status": "Under maskin"}}, {"type": "Feature", "geometry": {"type": "Point", "coordinates": [6.605325, 62.799461]}, "properties": {"time": "2025-10-21T04:05:30Z", "sog": 6.6, "cog": 212.9, "heading": 511, "status": "Under maskin"}}, {"type": "Feature", "geometry": {"type": "Point", "coordinates": [6.604273, 62.798717]}, "properties": {"time": "2025-10-21T04:06:00Z", "sog": 6.6, "cog": 214.0, "heading": 511, "status": "Under maskin"}}, {"type": "Feature", "geometry": {"type": "Point", "coordinates": [6.603298, 62.798031]}, "properties": {"time": "2025-10-21T04:06:29Z", "sog": 6.3, "cog": 212.6, "heading": 511, "status": "Under maskin"}}, {"type": "Feature", "geometry": {"type": "Point", "coordinates": [6.602207, 62.797264]}, "properties": {"time": "2025-10-21T04:07:00Z", "sog": 6.2, "cog": 213.2, "heading": 511, "status": "Under maskin"}}, {"type": "Feature", "geometry": {"type": "Point", "coordinates": [6.601178, 62.796543]}, "properties": {"time": "2025-10-21T04:07:29Z", "sog": 6.3, "cog": 212.0, "heading": 511, "status": "Under maskin"}}, {"type": "Feature", "geometry": {"type": "Point", "coordinates": [6.600093, 62.795765]}, "properties": {"time": "2025-10-21T04:08:00Z", "sog": 6.4, "cog": 213.4, "heading": 511, "status": "Under maskin"}}, {"type": "Feature", "geometry": {"type": "Point", "coordinates": [6.599051, 62.795006]}, "properties": {"time": "2025-10-21T04:08:29Z", "sog": 6.8, "cog": 212.6, "heading": 511, "status": "Under maskin"}}, {"type": "Feature", "geometry": {"type": "Point", "coordinates": [6.597977, 62.794228]}, "properties": {"time": "2025-10-21T04:09:00Z", "sog": 6.0, "cog": 211.2, "heading": 511, "status": "Under maskin"}}, {"type": "Feature", "geometry": {"type": "Point", "coordinates": [6.597003, 62.793491]}, "properties": {"time": "2025-10-21T04:09:29Z", "sog": 6.6, "cog": 211.5, "heading": 511, "status": "Under maskin"}}, {"type": "Feature", "geometry": {"type": "Point", "coordinates": [6.595883, 62.792675]}, "properties": {"time": "2025-10-21T04:10:02Z", "sog": 6.4, "cog": 212.3, "heading": 511, "status": "Under maskin"}}, {"type": "Feature", "geometry": {"type": "Point", "coordinates": [6.59497, 62.791973]}, "properties": {"time": "2025-10-21T04:10:29Z", "sog": 6.5, "cog": 209.3, "heading": 511, "status": "Under maskin"}}, {"type": "Feature", "geometry": {"type": "Point", "coordinates": [6.59386, 62.791115]}, "properties": {"time": "2025-10-21T04:11:02Z", "sog": 6.2, "cog": 210.5, "heading": 511, "status": "Under maskin"}}, {"type": "Feature", "geometry": {"type": "Point", "coordinates": [6.592828, 62.790352]}, "properties": {"time": "2025-10-21T04:11:31Z", "sog": 6.7, "cog": 211.8, "heading": 511, "status": "Under maskin"}}, {"type": "Feature", "geometry": {"type": "Point", "coordinates": [6.591812, 62.789574]}, "properties": {"time": "2025-10-21T04:12:02Z", "sog": 6.6, "cog": 210.8, "heading": 511, "status": "Under maskin"}}, {"type": "Feature", "geometry": {"type": "Point", "coordinates": [6.590812, 62.788826]}, "properties": {"time": "2025-10-21T04:12:31Z", "sog": 6.1, "cog": 210.1, "heading": 511, "status": "Under maskin"}}, {"type": "Feature", "geometry": {"type": "Point", "coordinates": [6.589778, 62.788029]}, "properties": {"time": "2025-10-21T04:13:02Z", "sog": 6.9, "cog": 209.7, "heading": 511, "status": "Under maskin"}}, {"type": "Feature", "geometry": {"type": "Point", "coordinates": [6.588813, 62.787281]}, "properties": {"time": "2025-10-21T04:13:31Z", "sog": 6.3, "cog": 210.9, "heading": 511, "status": "Under maskin"}}, {"type": "Feature", "geometry": {"type": "Point", "coordinates": [6.587747, 62.786484]}, "properties": {"time": "2025-10-21T04:14:02Z", "sog": 6.6, "cog": 211.3, "heading": 511, "status": "Under maskin"}}, {"type": "Feature", "geometry": {"type": "Point", "coordinates": [6.586703, 62.785713]}, "properties": {"time": "2025-10-21T04:14:31Z", "sog": 6.5, "cog": 211.6, "heading": 511, "status": "Under maskin"}}, {"type": "Feature", "geometry": {"type": "Point", "coordinates": [6.585723, 62.784962]}, "properties": {"time": "2025-10-21T04:15:02Z", "sog": 6.5, "cog": 209.6, "heading": 511, "status": "Under maskin"}}, {"type": "Feature", "geometry": {"type": "Point", "coordinates": [6.584661, 62.784161]}, "properties": {"time": "2025-10-21T04:15:31Z", "sog": 6.7, "cog": 211.2, "heading": 511, "status": "Under maskin"}}, {"type": "Feature", "geometry": {"type": "Point", "coordinates": [6.583653, 62.783375]}, "properties": {"time": "2025-10-21T04:16:02Z", "sog": 6.4, "cog": 212.0, "heading": 511, "status": "Under maskin"}}, {"type": "Feature", "geometry": {"type": "Point", "coordinates": [6.582672, 62.782631]}, "properties": {"time": "2025-10-21T04:16:31Z", "sog": 6.6, "cog": 211.1, "heading": 511, "status": "Under maskin"}}, {"type": "Feature", "geometry": {"type": "Point", "coordinates": [6.581707, 62.78191]}, "properties": {"time": "2025-10-21T04:16:59Z", "sog": 6.8, "cog": 212.2, "heading": 511, "status": "Under maskin"}}, {"type": "Feature", "geometry": {"type": "Point", "coordinates": [6.580595, 62.781052]}, "properties": {"time": "2025-10-21T04:17:31Z", "sog": 6.4, "cog": 211.6, "heading": 511, "status": "Under maskin"}}, {"type": "Feature", "geometry": {"type": "Point", "coordinates": [6.579625, 62.780331]}, "properties": {"time": "2025-10-21T04:17:59Z", "sog": 6.3, "cog": 211.4, "heading": 511, "status": "Under maskin"}}, {"type": "Feature", "geometry": {"type": "Point", "coordinates": [6.57852, 62.779503]}, "properties": {"time": "2025-10-21T04:18:31Z", "sog": 6.8, "cog": 211.9, "heading": 511, "status": "Under maskin"}}, {"type": "Feature", "geometry": {"type": "Point", "coordinates": [6.577583, 62.778805]}, "properties": {"time": "2025-10-21T04:18:59Z", "sog": 6.8, "cog": 210.8, "heading": 511, "status": "Under maskin"}}, {"type": "Feature", "geometry": {"type": "Point", "coordinates": [6.576507, 62.778011]}, "properties": {"time": "2025-10-21T04:19:30Z", "sog": 6.6, "cog": 211.8, "heading": 511, "status": "Under maskin"}}, {"type": "Feature", "geometry": {"type": "Point", "coordinates": [6.575503, 62.777264]}, "properties": {"time": "2025-10-21T04:19:59Z", "sog": 6.5, "cog": 211.2, "heading": 511, "status": "Under maskin"}}, {"type": "Feature", "geometry": {"type": "Point", "coordinates": [6.574413, 62.776436]}, "properties": {"time": "2025-10-21T04:20:30Z", "sog": 6.2, "cog": 210.2, "heading": 511, "status": "Under maskin"}}, {"type": "Feature", "geometry": {"type": "Point", "coordinates": [6.573462, 62.775711]}, "properties": {"time": "2025-10-21T04:20:59Z", "sog": 6.4, "cog": 211.0, "heading": 511, "status": "Under maskin"}}, {"type": "Feature", "geometry": {"type": "Point", "coordinates": [6.57239, 62.774876]}, "properties": {"time": "2025-10-21T04:21:30Z", "sog": 6.6, "cog": 210.1, "heading": 511, "status": "Under maskin"}}, {"type": "Feature", "geometry": {"type": "Point", "coordinates": [6.571456, 62.774147]}, "properties": {"time": "2025-10-21T04:21:59Z", "sog": 6.6, "cog": 209.8, "heading": 511, "status": "Under maskin"}}, {"type": "Feature", "geometry": {"type": "Point", "coordinates": [6.570408, 62.773338]}, "properties": {"time": "2025-10-21T04:22:30Z", "sog": 6.6, "cog": 209.9, "heading": 511, "status": "Under maskin"}}, {"type": "Feature", "geometry": {"type": "Point", "coordinates": [6.569433, 62.772587]}, "properties": {"time": "2025-10-21T04:22:59Z", "sog": 6.4, "cog": 212.3, "heading": 511, "status": "Under maskin"}}, {"type": "Feature", "geometry": {"type": "Point", "coordinates": [6.568342, 62.771755]}, "properties": {"time": "2025-10-21T04:23:30Z", "sog": 6.4, "cog": 212.1, "heading": 511, "status": "Under maskin"}}, {"type": "Feature", "geometry": {"type": "Point", "coordinates": [6.567335, 62.771008]}, "properties": {"time": "2025-10-21T04:23:59Z", "sog": 6.5, "cog": 211.2, "heading": 511, "status": "Under maskin"}}, {"type": "Feature", "geometry": {"type": "Point", "coordinates": [6.56625, 62.770206]}, "properties": {"time": "2025-10-21T04:24:30Z", "sog": 6.3, "cog": 211.5, "heading": 511, "status": "Under maskin"}}, {"type": "Feature", "geometry": {"type": "Point", "coordinates": [6.565176, 62.769413]}, "properties": {"time": "2025-10-21T04:25:02Z", "sog": 6.8, "cog": 211.6, "heading": 511, "status": "Under maskin"}}, {"type": "Feature", "geometry": {"type": "Point", "coordinates": [6.564205, 62.768696]}, "properties": {"time": "2025-10-21T04:25:30Z", "sog": 6.7, "cog": 212.4, "heading": 511, "status": "Under maskin"}}, {"type": "Feature", "geometry": {"type": "Point", "coordinates": [6.563098, 62.767879]}, "properties": {"time": "2025-10-21T04:26:02Z", "sog": 6.5, "cog": 211.7, "heading": 511, "status": "Under maskin"}}, {"type": "Feature", "geometry": {"type": "Point", "coordinates": [6.562113, 62.767139]}, "properties": {"time": "2025-10-21T04:26:30Z", "sog": 6.7, "cog": 211.8, "heading": 511, "status": "Under maskin"}}, {"type": "Feature", "geometry": {"type": "Point", "coordinates": [6.561012, 62.766327]}, "properties": {"time": "2025-10-21T04:27:02Z", "sog": 6.5, "cog": 212.1, "heading": 511, "status": "Under maskin"}}, {"type": "Feature", "geometry": {"type": "Point", "coordinates": [6.560039, 62.765614]}, "properties": {"time": "2025-10-21T04:27:30Z", "sog": 6.7, "cog": 212.0, "heading": 511, "status": "Under maskin"}}, {"type": "Feature", "geometry": {"type": "Point", "coordinates": [6.558959, 62.764824]}, "properties": {"time": "2025-10-21T04:28:02Z", "sog": 6.4, "cog": 211.0, "heading": 511, "status": "Under maskin"}}, {"type": "Feature", "geometry": {"type": "Point", "coordinates": [6.557997, 62.764111]}, "properties": {"time": "2025-10-21T04:28:30Z", "sog": 6.8, "cog": 212.1, "heading": 511, "status": "Under maskin"}}, {"type": "Feature", "geometry": {"type": "Point", "coordinates": [6.556849, 62.763275]}, "properties": {"time": "2025-10-21T04:29:02Z", "sog": 6.4, "cog": 212.0, "heading": 511, "status": "Under maskin"}}, {"type": "Feature", "geometry": {"type": "Point", "coordinates": [6.555871, 62.762562]}, "properties": {"time": "2025-10-21T04:29:30Z", "sog": 6.6, "cog": 212.5, "heading": 511, "status": "Under maskin"}}, {"type": "Feature", "geometry": {"type": "Point", "coordinates": [6.554759, 62.761753]}, "properties": {"time": "2025-10-21T04:30:02Z", "sog": 6.2, "cog": 213.7, "heading": 511, "status": "Under maskin"}}, {"type": "Feature", "geometry": {"type": "Point", "coordinates": [6.553797, 62.76107]}, "properties": {"time": "2025-10-21T04:30:30Z", "sog": 6.6, "cog": 212.8, "heading": 511, "status": "Under maskin"}}, {"type": "Feature", "geometry": {"type": "Point", "coordinates": [6.55268, 62.760262]}, "properties": {"time": "2025-10-21T04:31:02Z", "sog": 6.5, "cog": 211.4, "heading": 511, "status": "Under maskin"}}, {"type": "Feature", "geometry": {"type": "Point", "coordinates": [6.551715, 62.759548]}, "properties": {"time": "2025-10-21T04:31:30Z", "sog": 6.5, "cog": 210.9, "heading": 511, "status": "Under maskin"}}, {"type": "Feature", "geometry": {"type": "Point", "coordinates": [6.550578, 62.758732]}, "properties": {"time": "2025-10-21T04:32:02Z", "sog": 6.5, "cog": 213.6, "heading": 511, "status": "Under maskin"}}, {"type": "Feature", "geometry": {"type": "Point", "coordinates": [6.54955, 62.757992]}, "properties": {"time": "2025-10-21T04:32:30Z", "sog": 6.6, "cog": 212.5, "heading": 511, "status": "Under maskin"}}, {"type": "Feature", "geometry": {"type": "Point", "coordinates": [6.548442, 62.757206]}, "properties": {"time": "2025-10-21T04:33:02Z", "sog": 6.3, "cog": 211.3, "heading": 511, "status": "Under maskin"}}, {"type": "Feature", "geometry": {"type": "Point", "coordinates": [6.547465, 62.756489]}, "properties": {"time": "2025-10-21T04:33:30Z", "sog": 6.4, "cog": 212.6, "heading": 511, "status": "Under maskin"}}, {"type": "Feature", "geometry": {"type": "Point", "coordinates": [6.546322, 62.755676]}, "properties": {"time": "2025-10-21T04:34:02Z", "sog": 6.6, "cog": 212.3, "heading": 511, "status": "Under maskin"}}, {"type": "Feature", "geometry": {"type": "Point", "coordinates": [6.545325, 62.754963]}, "properties": {"time": "2025-10-21T04:34:30Z", "sog": 6.8, "cog": 212.7, "heading": 511, "status": "Under maskin"}}, {"type": "Feature", "geometry": {"type": "Point", "coordinates": [6.544172, 62.754154]}, "properties": {"time": "2025-10-21T04:35:02Z", "sog": 6.6, "cog": 213.3, "heading": 511, "status": "Under maskin"}}, {"type": "Feature", "geometry": {"type": "Point", "coordinates": [6.541995, 62.752594]}, "properties": {"time": "2025-10-21T04:36:02Z", "sog": 6.3, "cog": 213.8, "heading": 511, "status": "Under maskin"}}, {"type": "Feature", "geometry": {"type": "Point", "coordinates": [6.541091, 62.751961]}, "properties": {"time": "2025-10-21T04:36:28Z", "sog": 6.6, "cog": 213.8, "heading": 511, "status": "Under maskin"}}, {"type": "Feature", "geometry": {"type": "Point", "coordinates": [6.5399, 62.751125]}, "properties": {"time": "2025-10-21T04:37:01Z", "sog": 6.7, "cog": 213.4, "heading": 511, "status": "Under maskin"}}, {"type": "Feature", "geometry": {"type": "Point", "coordinates": [6.538868, 62.75042]}, "properties": {"time": "2025-10-21T04:37:28Z", "sog": 6.8, "cog": 213.5, "heading": 511, "status": "Under maskin"}}, {"type": "Feature", "geometry": {"type": "Point", "coordinates": [6.537718, 62.749603]}, "properties": {"time": "2025-10-21T04:38:01Z", "sog": 6.6, "cog": 213.0, "heading": 511, "status": "Under maskin"}}, {"type": "Feature", "geometry": {"type": "Point", "coordinates": [6.53671, 62.74889]}, "properties": {"time": "2025-10-21T04:38:28Z", "sog": 6.7, "cog": 213.7, "heading": 511, "status": "Under maskin"}}, {"type": "Feature", "geometry": {"type": "Point", "coordinates": [6.535532, 62.748085]}, "properties": {"time": "2025-10-21T04:39:01Z", "sog": 6.7, "cog": 213.9, "heading": 511, "status": "Under maskin"}}, {"type": "Feature", "geometry": {"type": "Point", "coordinates": [6.534508, 62.747375]}, "properties": {"time": "2025-10-21T04:39:28Z", "sog": 6.5, "cog": 212.9, "heading": 511, "status": "Under maskin"}}, {"type": "Feature", "geometry": {"type": "Point", "coordinates": [6.533335, 62.746563]}, "properties": {"time": "2025-10-21T04:40:01Z", "sog": 6.7, "cog": 213.3, "heading": 511, "status": "Under maskin"}}, {"type": "Feature", "geometry": {"type": "Point", "coordinates": [6.532299, 62.745853]}, "properties": {"time": "2025-10-21T04:40:28Z", "sog": 6.4, "cog": 214.6, "heading": 511, "status": "Under maskin"}}, {"type": "Feature", "geometry": {"type": "Point", "coordinates": [6.531118, 62.745083]}, "properties": {"time": "2025-10-21T04:41:01Z", "sog": 6.9, "cog": 215.0, "heading": 511, "status": "Under maskin"}}, {"type": "Feature", "geometry": {"type": "Point", "coordinates": [6.530028, 62.74435]}, "properties": {"time": "2025-10-21T04:41:28Z", "sog": 6.8, "cog": 214.3, "heading": 511, "status": "Under maskin"}}, {"type": "Feature", "geometry": {"type": "Point", "coordinates": [6.528823, 62.743542]}, "properties": {"time": "2025-10-21T04:42:01Z", "sog": 6.8, "cog": 214.0, "heading": 511, "status": "Under maskin"}}, {"type": "Feature", "geometry": {"type": "Point", "coordinates": [6.52777, 62.742832]}, "properties": {"time": "2025-10-21T04:42:29Z", "sog": 6.5, "cog": 213.0, "heading": 511, "status": "Under maskin"}}, {"type": "Feature", "geometry": {"type": "Point", "coordinates": [6.526532, 62.742023]}, "properties": {"time": "2025-10-21T04:43:01Z", "sog": 6.6, "cog": 215.9, "heading": 511, "status": "Under maskin"}}, {"type": "Feature", "geometry": {"type": "Point", "coordinates": [6.52545, 62.741314]}, "properties": {"time": "2025-10-21T04:43:29Z", "sog": 6.8, "cog": 215.7, "heading": 511, "status": "Under maskin"}}, {"type": "Feature", "geometry": {"type": "Point", "coordinates": [6.524205, 62.740498]}, "properties": {"time": "2025-10-21T04:44:01Z", "sog": 6.8, "cog": 214.2, "heading": 511, "status": "Under maskin"}}, {"type": "Feature", "geometry": {"type": "Point", "coordinates": [6.523118, 62.73978]}, "properties": {"time": "2025-10-21T04:44:29Z", "sog": 6.6, "cog": 214.6, "heading": 511, "status": "Under maskin"}}, {"type": "Feature", "geometry": {"type": "Point", "coordinates": [6.521882, 62.73896]}, "properties": {"time": "2025-10-21T04:45:01Z", "sog": 6.9, "cog": 215.2, "heading": 511, "status": "Under maskin"}}, {"type": "Feature", "geometry": {"type": "Point", "coordinates": [6.520761, 62.738239]}, "properties": {"time": "2025-10-21T04:45:29Z", "sog": 7.0, "cog": 215.8, "heading": 511, "status": "Under maskin"}}, {"type": "Feature", "geometry": {"type": "Point", "coordinates": [6.519487, 62.737411]}, "properties": {"time": "2025-10-21T04:46:01Z", "sog": 6.9, "cog": 215.0, "heading": 511, "status": "Under maskin"}}, {"type": "Feature", "geometry": {"type": "Point", "coordinates": [6.518387, 62.736687]}, "properties": {"time": "2025-10-21T04:46:29Z", "sog": 6.8, "cog": 214.9, "heading": 511, "status": "Under maskin"}}, {"type": "Feature", "geometry": {"type": "Point", "coordinates": [6.517103, 62.735867]}, "properties": {"time": "2025-10-21T04:47:01Z", "sog": 7.2, "cog": 215.0, "heading": 511, "status": "Under maskin"}}, {"type": "Feature", "geometry": {"type": "Point", "coordinates": [6.516012, 62.735138]}, "properties": {"time": "2025-10-21T04:47:29Z", "sog": 6.9, "cog": 215.9, "heading": 511, "status": "Under maskin"}}, {"type": "Feature", "geometry": {"type": "Point", "coordinates": [6.51473, 62.734322]}, "properties": {"time": "2025-10-21T04:48:01Z", "sog": 6.8, "cog": 215.3, "heading": 511, "status": "Under maskin"}}, {"type": "Feature", "geometry": {"type": "Point", "coordinates": [6.513532, 62.733543]}, "properties": {"time": "2025-10-21T04:48:30Z", "sog": 7.0, "cog": 215.9, "heading": 511, "status": "Under maskin"}}, {"type": "Feature", "geometry": {"type": "Point", "coordinates": [6.512327, 62.732758]}, "properties": {"time": "2025-10-21T04:49:01Z", "sog": 7.3, "cog": 214.4, "heading": 511, "status": "Under maskin"}}, {"type": "Feature", "geometry": {"type": "Point", "coordinates": [6.511172, 62.731998]}, "properties": {"time": "2025-10-21T04:49:30Z", "sog": 7.2, "cog": 215.1, "heading": 511, "status": "Under maskin"}}, {"type": "Feature", "geometry": {"type": "Point", "coordinates": [6.509988, 62.731232]}, "properties": {"time": "2025-10-21T04:49:59Z", "sog": 7.1, "cog": 215.6, "heading": 511, "status": "Under maskin"}}, {"type": "Feature", "geometry": {"type": "Point", "coordinates": [6.50873, 62.730404]}, "properties": {"time": "2025-10-21T04:50:30Z", "sog": 7.0, "cog": 215.4, "heading": 511, "status": "Under maskin"}}, {"type": "Feature", "geometry": {"type": "Point", "coordinates": [6.507528, 62.729633]}, "properties": {"time": "2025-10-21T04:50:59Z", "sog": 6.9, "cog": 216.3, "heading": 511, "status": "Under maskin"}}, {"type": "Feature", "geometry": {"type": "Point", "coordinates": [6.506227, 62.728775]}, "properties": {"time": "2025-10-21T04:51:30Z", "sog": 6.9, "cog": 213.8, "heading": 511, "status": "Under maskin"}}, {"type": "Feature", "geometry": {"type": "Point", "coordinates": [6.505074, 62.727997]}, "properties": {"time": "2025-10-21T04:51:59Z", "sog": 7.0, "cog": 213.7, "heading": 511, "status": "Under maskin"}}, {"type": "Feature", "geometry": {"type": "Point", "coordinates": [6.503883, 62.727196]}, "properties": {"time": "2025-10-21T04:52:30Z", "sog": 6.8, "cog": 214.2, "heading": 511, "status": "Under maskin"}}, {"type": "Feature", "geometry": {"type": "Point", "coordinates": [6.502748, 62.726418]}, "properties": {"time": "2025-10-21T04:52:59Z", "sog": 6.9, "cog": 213.6, "heading": 511, "status": "Under maskin"}}, {"type": "Feature", "geometry": {"type": "Point", "coordinates": [6.50148, 62.725544]}, "properties": {"time": "2025-10-21T04:53:30Z", "sog": 7.1, "cog": 212.8, "heading": 511, "status": "Under maskin"}}, {"type": "Feature", "geometry": {"type": "Point", "coordinates": [6.500342, 62.724751]}, "properties": {"time": "2025-10-21T04:53:59Z", "sog": 7.3, "cog": 213.2, "heading": 511, "status": "Under maskin"}}, {"type": "Feature", "geometry": {"type": "Point", "coordinates": [6.499156, 62.723896]}, "properties": {"time": "2025-10-21T04:54:30Z", "sog": 6.9, "cog": 212.5, "heading": 511, "status": "Under maskin"}}, {"type": "Feature", "geometry": {"type": "Point", "coordinates": [6.49796, 62.723042]}, "properties": {"time": "2025-10-21T04:55:01Z", "sog": 7.3, "cog": 213.6, "heading": 511, "status": "Under maskin"}}, {"type": "Feature", "geometry": {"type": "Point", "coordinates": [6.496878, 62.722263]}, "properties": {"time": "2025-10-21T04:55:30Z", "sog": 7.1, "cog": 212.8, "heading": 511, "status": "Under maskin"}}, {"type": "Feature", "geometry": {"type": "Point", "coordinates": [6.495672, 62.721405]}, "properties": {"time": "2025-10-21T04:56:01Z", "sog": 7.1, "cog": 212.3, "heading": 511, "status": "Under maskin"}}, {"type": "Feature", "geometry": {"type": "Point", "coordinates": [6.4945, 62.720535]}, "properties": {"time": "2025-10-21T04:56:32Z", "sog": 7.0, "cog": 211.2, "heading": 511, "status": "Under maskin"}}, {"type": "Feature", "geometry": {"type": "Point", "coordinates": [6.493345, 62.7197]}, "properties": {"time": "2025-10-21T04:57:01Z", "sog": 6.9, "cog": 213.8, "heading": 511, "status": "Under maskin"}}, {"type": "Feature", "geometry": {"type": "Point", "coordinates": [6.49215, 62.71883]}, "properties": {"time": "2025-10-21T04:57:32Z", "sog": 7.3, "cog": 211.8, "heading": 511, "status": "Under maskin"}}, {"type": "Feature", "geometry": {"type": "Point", "coordinates": [6.491073, 62.718048]}, "properties": {"time": "2025-10-21T04:58:01Z", "sog": 7.2, "cog": 212.7, "heading": 511, "status": "Under maskin"}}, {"type": "Feature", "geometry": {"type": "Point", "coordinates": [6.489851, 62.717186]}, "properties": {"time": "2025-10-21T04:58:32Z", "sog": 7.2, "cog": 212.9, "heading": 511, "status": "Under maskin"}}, {"type": "Feature", "geometry": {"type": "Point", "coordinates": [6.48869, 62.716347]}, "properties": {"time": "2025-10-21T04:59:01Z", "sog": 7.1, "cog": 211.8, "heading": 511, "status": "Under maskin"}}, {"type": "Feature", "geometry": {"type": "Point", "coordinates": [6.487484, 62.715477]}, "properties": {"time": "2025-10-21T04:59:32Z", "sog": 7.2, "cog": 212.2, "heading": 511, "status": "Under maskin"}}, {"type": "Feature", "geometry": {"type": "Point", "coordinates": [6.486351, 62.714668]}, "properties": {"time": "2025-10-21T05:00:01Z", "sog": 7.4, "cog": 213.4, "heading": 511, "status": "Under maskin"}}, {"type": "Feature", "geometry": {"type": "Point", "coordinates": [6.485198, 62.713829]}, "properties": {"time": "2025-10-21T05:00:32Z", "sog": 7.3, "cog": 211.9, "heading": 511, "status": "Under maskin"}}, {"type": "Feature", "geometry": {"type": "Point", "coordinates": [6.484183, 62.713093]}, "properties": {"time": "2025-10-21T05:00:59Z", "sog": 6.9, "cog": 213.2, "heading": 511, "status": "Under maskin"}}, {"type": "Feature", "geometry": {"type": "Point", "coordinates": [6.482972, 62.712212]}, "properties": {"time": "2025-10-21T05:01:32Z", "sog": 6.8, "cog": 214.2, "heading": 511, "status": "Under maskin"}}, {"type": "Feature", "geometry": {"type": "Point", "coordinates": [6.482053, 62.711487]}, "properties": {"time": "2025-10-21T05:01:59Z", "sog": 6.5, "cog": 209.3, "heading": 511, "status": "Under maskin"}}, {"type": "Feature", "geometry": {"type": "Point", "coordinates": [6.480152, 62.709881]}, "properties": {"time": "2025-10-21T05:02:59Z", "sog": 6.4, "cog": 208.9, "heading": 511, "status": "Under maskin"}}, {"type": "Feature", "geometry": {"type": "Point", "coordinates": [6.478358, 62.70834]}, "properties": {"time": "2025-10-21T05:03:59Z", "sog": 6.2, "cog": 209.2, "heading": 511, "status": "Under maskin"}}, {"type": "Feature", "geometry": {"type": "Point", "coordinates": [6.476505, 62.706779]}, "properties": {"time": "2025-10-21T05:04:59Z", "sog": 6.4, "cog": 208.6, "heading": 511, "status": "Under maskin"}}, {"type": "Feature", "geometry": {"type": "Point", "coordinates": [6.475535, 62.705959]}, "properties": {"time": "2025-10-21T05:05:30Z", "sog": 6.4, "cog": 207.4, "heading": 511, "status": "Under maskin"}}, {"type": "Feature", "geometry": {"type": "Point", "coordinates": [6.474682, 62.705242]}, "properties": {"time": "2025-10-21T05:05:59Z", "sog": 6.3, "cog": 208.1, "heading": 511, "status": "Under maskin"}}, {"type": "Feature", "geometry": {"type": "Point", "coordinates": [6.473785, 62.704445]}, "properties": {"time": "2025-10-21T05:06:30Z", "sog": 6.3, "cog": 206.1, "heading": 511, "status": "Under maskin"}}, {"type": "Feature", "geometry": {"type": "Point", "coordinates": [6.472937, 62.703709]}, "properties": {"time": "2025-10-21T05:06:59Z", "sog": 6.2, "cog": 206.8, "heading": 511, "status": "Under maskin"}}, {"type": "Feature", "geometry": {"type": "Point", "coordinates": [6.472002, 62.7029]}, "properties": {"time": "2025-10-21T05:07:30Z", "sog": 6.2, "cog": 207.6, "heading": 511, "status": "Under maskin"}}, {"type": "Feature", "geometry": {"type": "Point", "coordinates": [6.471105, 62.70211]}, "properties": {"time": "2025-10-21T05:08:01Z", "sog": 6.4, "cog": 207.6, "heading": 511, "status": "Under maskin"}}, {"type": "Feature", "geometry": {"type": "Point", "coordinates": [6.470295, 62.701397]}, "properties": {"time": "2025-10-21T05:08:30Z", "sog": 6.4, "cog": 208.3, "heading": 511, "status": "Under maskin"}}, {"type": "Feature", "geometry": {"type": "Point", "coordinates": [6.469355, 62.700588]}, "properties": {"time": "2025-10-21T05:09:01Z", "sog": 6.3, "cog": 207.9, "heading": 511, "status": "Under maskin"}}, {"type": "Feature", "geometry": {"type": "Point", "coordinates": [6.46854, 62.699875]}, "properties": {"time": "2025-10-21T05:09:30Z", "sog": 6.5, "cog": 207.4, "heading": 511, "status": "Under maskin"}}, {"type": "Feature", "geometry": {"type": "Point", "coordinates": [6.467647, 62.699085]}, "properties": {"time": "2025-10-21T05:10:01Z", "sog": 6.1, "cog": 207.1, "heading": 511, "status": "Under maskin"}}, {"type": "Feature", "geometry": {"type": "Point", "coordinates": [6.466787, 62.698322]}, "properties": {"time": "2025-10-21T05:10:30Z", "sog": 6.2, "cog": 208.0, "heading": 511, "status": "Under maskin"}}, {"type": "Feature", "geometry": {"type": "Point", "coordinates": [6.465899, 62.697544]}, "properties": {"time": "2025-10-21T05:11:01Z", "sog": 6.0, "cog": 207.3, "heading": 511, "status": "Under maskin"}}, {"type": "Feature", "geometry": {"type": "Point", "coordinates": [6.46506, 62.696812]}, "properties": {"time": "2025-10-21T05:11:30Z", "sog": 6.1, "cog": 208.3, "heading": 511, "status": "Under maskin"}}, {"type": "Feature", "geometry": {"type": "Point", "coordinates": [6.464159, 62.696033]}, "properties": {"time": "2025-10-21T05:12:01Z", "sog": 6.2, "cog": 207.0, "heading": 511, "status": "Under maskin"}}, {"type": "Feature", "geometry": {"type": "Point", "coordinates": [6.463342, 62.695332]}, "properties": {"time": "2025-10-21T05:12:30Z", "sog": 6.3, "cog": 207.0, "heading": 511, "status": "Under maskin"}}, {"type": "Feature", "geometry": {"type": "Point", "coordinates": [6.462438, 62.69455]}, "properties": {"time": "2025-10-21T05:13:01Z", "sog": 6.2, "cog": 207.6, "heading": 511, "status": "Under maskin"}}, {"type": "Feature", "geometry": {"type": "Point", "coordinates": [6.461542, 62.693802]}, "properties": {"time": "2025-10-21T05:13:30Z", "sog": 6.1, "cog": 209.3, "heading": 511, "status": "Under maskin"}}, {"type": "Feature", "geometry": {"type": "Point", "coordinates": [6.460617, 62.693027]}, "properties": {"time": "2025-10-21T05:14:01Z", "sog": 6.0, "cog": 209.2, "heading": 511, "status": "Under maskin"}}, {"type": "Feature", "geometry": {"type": "Point", "coordinates": [6.459765, 62.692329]}, "properties": {"time": "2025-10-21T05:14:29Z", "sog": 6.2, "cog": 209.0, "heading": 511, "status": "Under maskin"}}, {"type": "Feature", "geometry": {"type": "Point", "coordinates": [6.458813, 62.691532]}, "properties": {"time": "2025-10-21T05:15:01Z", "sog": 6.1, "cog": 209.0, "heading": 511, "status": "Under maskin"}}, {"type": "Feature", "geometry": {"type": "Point", "coordinates": [6.457062, 62.690117]}, "properties": {"time": "2025-10-21T05:15:59Z", "sog": 6.1, "cog": 208.1, "heading": 511, "status": "Under maskin"}}, {"type": "Feature", "geometry": {"type": "Point", "coordinates": [6.455272, 62.688602]}, "properties": {"time": "2025-10-21T05:16:59Z", "sog": 6.2, "cog": 208.5, "heading": 511, "status": "Under maskin"}}, {"type": "Feature", "geometry": {"type": "Point", "coordinates": [6.454363, 62.687855]}, "properties": {"time": "2025-10-21T05:17:29Z", "sog": 6.3, "cog": 208.2, "heading": 511, "status": "Under maskin"}}, {"type": "Feature", "geometry": {"type": "Point", "coordinates": [6.453422, 62.687073]}, "properties": {"time": "2025-10-21T05:17:59Z", "sog": 6.4, "cog": 209.9, "heading": 511, "status": "Under maskin"}}, {"type": "Feature", "geometry": {"type": "Point", "coordinates": [6.452535, 62.686348]}, "properties": {"time": "2025-10-21T05:18:29Z", "sog": 6.3, "cog": 209.3, "heading": 511, "status": "Under maskin"}}, {"type": "Feature", "geometry": {"type": "Point", "coordinates": [6.451598, 62.685593]}, "properties": {"time": "2025-10-21T05:18:59Z", "sog": 6.2, "cog": 209.5, "heading": 511, "status": "Under maskin"}}, {"type": "Feature", "geometry": {"type": "Point", "coordinates": [6.449677, 62.684063]}, "properties": {"time": "2025-10-21T05:19:59Z", "sog": 6.2, "cog": 209.9, "heading": 511, "status": "Under maskin"}}, {"type": "Feature", "geometry": {"type": "Point", "coordinates": [6.44875, 62.683308]}, "properties": {"time": "2025-10-21T05:20:29Z", "sog": 6.1, "cog": 209.9, "heading": 511, "status": "Under maskin"}}, {"type": "Feature", "geometry": {"type": "Point", "coordinates": [6.447855, 62.682579]}, "properties": {"time": "2025-10-21T05:20:59Z", "sog": 6.3, "cog": 210.6, "heading": 511, "status": "Under maskin"}}, {"type": "Feature", "geometry": {"type": "Point", "coordinates": [6.446774, 62.681725]}, "properties": {"time": "2025-10-21T05:21:32Z", "sog": 6.3, "cog": 210.5, "heading": 511, "status": "Under maskin"}}, {"type": "Feature", "geometry": {"type": "Point", "coordinates": [6.445933, 62.681068]}, "properties": {"time": "2025-10-21T05:21:59Z", "sog": 6.3, "cog": 209.8, "heading": 511, "status": "Under maskin"}}, {"type": "Feature", "geometry": {"type": "Point", "coordinates": [6.444887, 62.680244]}, "properties": {"time": "2025-10-21T05:22:32Z", "sog": 6.3, "cog": 210.6, "heading": 511, "status": "Under maskin"}}, {"type": "Feature", "geometry": {"type": "Point", "coordinates": [6.443927, 62.679485]}, "properties": {"time": "2025-10-21T05:23:02Z", "sog": 6.2, "cog": 209.3, "heading": 511, "status": "Under maskin"}}, {"type": "Feature", "geometry": {"type": "Point", "coordinates": [6.442956, 62.678738]}, "properties": {"time": "2025-10-21T05:23:32Z", "sog": 6.2, "cog": 210.5, "heading": 511, "status": "Under maskin"}}, {"type": "Feature", "geometry": {"type": "Point", "coordinates": [6.441983, 62.677986]}, "properties": {"time": "2025-10-21T05:24:02Z", "sog": 6.3, "cog": 210.3, "heading": 511, "status": "Under maskin"}}, {"type": "Feature", "geometry": {"type": "Point", "coordinates": [6.440972, 62.677208]}, "properties": {"time": "2025-10-21T05:24:32Z", "sog": 6.3, "cog": 211.2, "heading": 511, "status": "Under maskin"}}, {"type": "Feature", "geometry": {"type": "Point", "coordinates": [6.439987, 62.676456]}, "properties": {"time": "2025-10-21T05:25:02Z", "sog": 6.4, "cog": 210.8, "heading": 511, "status": "Under maskin"}}, {"type": "Feature", "geometry": {"type": "Point", "coordinates": [6.439132, 62.675812]}, "properties": {"time": "2025-10-21T05:25:29Z", "sog": 6.4, "cog": 206.7, "heading": 511, "status": "Under maskin"}}, {"type": "Feature", "geometry": {"type": "Point", "coordinates": [6.438066, 62.674984]}, "properties": {"time": "2025-10-21T05:26:02Z", "sog": 6.6, "cog": 210.9, "heading": 511, "status": "Under maskin"}}, {"type": "Feature", "geometry": {"type": "Point", "coordinates": [6.437139, 62.674316]}, "properties": {"time": "2025-10-21T05:26:29Z", "sog": 6.6, "cog": 212.8, "heading": 511, "status": "Under maskin"}}, {"type": "Feature", "geometry": {"type": "Point", "coordinates": [6.436042, 62.673527]}, "properties": {"time": "2025-10-21T05:27:01Z", "sog": 6.4, "cog": 213.9, "heading": 511, "status": "Under maskin"}}, {"type": "Feature", "geometry": {"type": "Point", "coordinates": [6.435093, 62.672829]}, "properties": {"time": "2025-10-21T05:27:29Z", "sog": 6.4, "cog": 213.4, "heading": 511, "status": "Under maskin"}}, {"type": "Feature", "geometry": {"type": "Point", "coordinates": [6.433983, 62.672043]}, "properties": {"time": "2025-10-21T05:28:01Z", "sog": 6.2, "cog": 211.8, "heading": 511, "status": "Under maskin"}}, {"type": "Feature", "geometry": {"type": "Point", "coordinates": [6.433027, 62.671356]}, "properties": {"time": "2025-10-21T05:28:29Z", "sog": 6.3, "cog": 211.8, "heading": 511, "status": "Under maskin"}}, {"type": "Feature", "geometry": {"type": "Point", "coordinates": [6.431933, 62.670567]}, "properties": {"time": "2025-10-21T05:29:01Z", "sog": 6.3, "cog": 214.5, "heading": 511, "status": "Under maskin"}}, {"type": "Feature", "geometry": {"type": "Point", "coordinates": [6.430942, 62.669891]}, "properties": {"time": "2025-10-21T05:29:29Z", "sog": 6.4, "cog": 213.1, "heading": 511, "status": "Under maskin"}}, {"type": "Feature", "geometry": {"type": "Point", "coordinates": [6.429813, 62.669121]}, "properties": {"time": "2025-10-21T05:30:01Z", "sog": 6.3, "cog": 210.0, "heading": 511, "status": "Under maskin"}}, {"type": "Feature", "geometry": {"type": "Point", "coordinates": [6.428885, 62.668434]}, "properties": {"time": "2025-10-21T05:30:29Z", "sog": 6.4, "cog": 213.9, "heading": 511, "status": "Under maskin"}}, {"type": "Feature", "geometry": {"type": "Point", "coordinates": [6.427765, 62.667652]}, "properties": {"time": "2025-10-21T05:31:01Z", "sog": 6.1, "cog": 212.1, "heading": 511, "status": "Under maskin"}}, {"type": "Feature", "geometry": {"type": "Point", "coordinates": [6.426795, 62.666988]}, "properties": {"time": "2025-10-21T05:31:29Z", "sog": 6.2, "cog": 211.2, "heading": 511, "status": "Under maskin"}}, {"type": "Feature", "geometry": {"type": "Point", "coordinates": [6.425718, 62.666229]}, "properties": {"time": "2025-10-21T05:32:01Z", "sog": 6.2, "cog": 214.1, "heading": 511, "status": "Under maskin"}}, {"type": "Feature", "geometry": {"type": "Point", "coordinates": [6.4247, 62.665546]}, "properties": {"time": "2025-10-21T05:32:30Z", "sog": 6.2, "cog": 213.7, "heading": 511, "status": "Under maskin"}}, {"type": "Feature", "geometry": {"type": "Point", "coordinates": [6.423558, 62.664806]}, "properties": {"time": "2025-10-21T05:33:02Z", "sog": 6.1, "cog": 215.8, "heading": 511, "status": "Under maskin"}}, {"type": "Feature", "geometry": {"type": "Point", "coordinates": [6.422492, 62.664139]}, "properties": {"time": "2025-10-21T05:33:30Z", "sog": 6.2, "cog": 219.1, "heading": 511, "status": "Under maskin"}}, {"type": "Feature", "geometry": {"type": "Point", "coordinates": [6.421329, 62.663441]}, "properties": {"time": "2025-10-21T05:34:02Z", "sog": 6.2, "cog": 215.7, "heading": 511, "status": "Under maskin"}}, {"type": "Feature", "geometry": {"type": "Point", "coordinates": [6.420295, 62.662807]}, "properties": {"time": "2025-10-21T05:34:30Z", "sog": 6.1, "cog": 220.3, "heading": 511, "status": "Under maskin"}}, {"type": "Feature", "geometry": {"type": "Point", "coordinates": [6.419085, 62.662102]}, "properties": {"time": "2025-10-21T05:35:02Z", "sog": 6.2, "cog": 220.3, "heading": 511, "status": "Under maskin"}}, {"type": "Feature", "geometry": {"type": "Point", "coordinates": [6.418023, 62.66148]}, "properties": {"time": "2025-10-21T05:35:30Z", "sog": 6.1, "cog": 217.8, "heading": 511, "status": "Under maskin"}}, {"type": "Feature", "geometry": {"type": "Point", "coordinates": [6.416791, 62.660763]}, "properties": {"time": "2025-10-21T05:36:02Z", "sog": 6.2, "cog": 220.1, "heading": 511, "status": "Under maskin"}}, {"type": "Feature", "geometry": {"type": "Point", "coordinates": [6.415663, 62.660122]}, "properties": {"time": "2025-10-21T05:36:30Z", "sog": 6.2, "cog": 217.5, "heading": 511, "status": "Under maskin"}}, {"type": "Feature", "geometry": {"type": "Point", "coordinates": [6.414397, 62.659405]}, "properties": {"time": "2025-10-21T05:37:02Z", "sog": 6.5, "cog": 219.4, "heading": 511, "status": "Under maskin"}}, {"type": "Feature", "geometry": {"type": "Point", "coordinates": [6.413305, 62.658802]}, "properties": {"time": "2025-10-21T05:37:30Z", "sog": 6.5, "cog": 221.5, "heading": 511, "status": "Under maskin"}}, {"type": "Feature", "geometry": {"type": "Point", "coordinates": [6.412042, 62.658112]}, "properties": {"time": "2025-10-21T05:38:01Z", "sog": 6.2, "cog": 222.3, "heading": 511, "status": "Under maskin"}}, {"type": "Feature", "geometry": {"type": "Point", "coordinates": [6.410872, 62.657467]}, "properties": {"time": "2025-10-21T05:38:29Z", "sog": 6.2, "cog": 219.0, "heading": 511, "status": "Under maskin"}}, {"type": "Feature", "geometry": {"type": "Point", "coordinates": [6.409596, 62.656776]}, "properties": {"time": "2025-10-21T05:39:01Z", "sog": 6.5, "cog": 218.8, "heading": 511, "status": "Under maskin"}}, {"type": "Feature", "geometry": {"type": "Point", "coordinates": [6.408385, 62.656132]}, "properties": {"time": "2025-10-21T05:39:29Z", "sog": 6.4, "cog": 218.8, "heading": 511, "status": "Under maskin"}}, {"type": "Feature", "geometry": {"type": "Point", "coordinates": [6.407058, 62.655411]}, "properties": {"time": "2025-10-21T05:40:01Z", "sog": 6.4, "cog": 220.5, "heading": 511, "status": "Under maskin"}}, {"type": "Feature", "geometry": {"type": "Point", "coordinates": [6.405935, 62.654812]}, "properties": {"time": "2025-10-21T05:40:29Z", "sog": 6.3, "cog": 219.7, "heading": 511, "status": "Under maskin"}}, {"type": "Feature", "geometry": {"type": "Point", "coordinates": [6.404595, 62.654095]}, "properties": {"time": "2025-10-21T05:41:01Z", "sog": 6.5, "cog": 221.6, "heading": 511, "status": "Under maskin"}}, {"type": "Feature", "geometry": {"type": "Point", "coordinates": [6.403343, 62.65345]}, "properties": {"time": "2025-10-21T05:41:29Z", "sog": 6.6, "cog": 221.4, "heading": 511, "status": "Under maskin"}}, {"type": "Feature", "geometry": {"type": "Point", "coordinates": [6.402022, 62.65276]}, "properties": {"time": "2025-10-21T05:42:01Z", "sog": 6.3, "cog": 222.7, "heading": 511, "status": "Under maskin"}}, {"type": "Feature", "geometry": {"type": "Point", "coordinates": [6.400788, 62.652115]}, "properties": {"time": "2025-10-21T05:42:29Z", "sog": 6.3, "cog": 219.3, "heading": 511, "status": "Under maskin"}}, {"type": "Feature", "geometry": {"type": "Point", "coordinates": [6.399468, 62.651428]}, "properties": {"time": "2025-10-21T05:43:01Z", "sog": 6.3, "cog": 222.5, "heading": 511, "status": "Under maskin"}}, {"type": "Feature", "geometry": {"type": "Point", "coordinates": [6.39828, 62.650799]}, "properties": {"time": "2025-10-21T05:43:29Z", "sog": 6.3, "cog": 220.0, "heading": 511, "status": "Under maskin"}}, {"type": "Feature", "geometry": {"type": "Point", "coordinates": [6.396973, 62.650108]}, "properties": {"time": "2025-10-21T05:44:00Z", "sog": 6.2, "cog": 220.8, "heading": 511, "status": "Under maskin"}}, {"type": "Feature", "geometry": {"type": "Point", "coordinates": [6.395702, 62.649441]}, "properties": {"time": "2025-10-21T05:44:29Z", "sog": 6.4, "cog": 222.0, "heading": 511, "status": "Under maskin"}}, {"type": "Feature", "geometry": {"type": "Point", "coordinates": [6.394417, 62.648773]}, "properties": {"time": "2025-10-21T05:45:00Z", "sog": 6.3, "cog": 224.0, "heading": 511, "status": "Under maskin"}}, {"type": "Feature", "geometry": {"type": "Point", "coordinates": [6.392993, 62.648079]}, "properties": {"time": "2025-10-21T05:45:32Z", "sog": 6.5, "cog": 221.7, "heading": 511, "status": "Under maskin"}}, {"type": "Feature", "geometry": {"type": "Point", "coordinates": [6.391792, 62.647453]}, "properties": {"time": "2025-10-21T05:46:00Z", "sog": 6.7, "cog": 219.9, "heading": 511, "status": "Under maskin"}}, {"type": "Feature", "geometry": {"type": "Point", "coordinates": [6.390517, 62.646652]}, "properties": {"time": "2025-10-21T05:46:32Z", "sog": 6.6, "cog": 216.7, "heading": 511, "status": "Under maskin"}}, {"type": "Feature", "geometry": {"type": "Point", "coordinates": [6.389495, 62.645988]}, "properties": {"time": "2025-10-21T05:47:00Z", "sog": 6.5, "cog": 213.5, "heading": 511, "status": "Under maskin"}}, {"type": "Feature", "geometry": {"type": "Point", "coordinates": [6.388303, 62.645191]}, "properties": {"time": "2025-10-21T05:47:32Z", "sog": 6.3, "cog": 212.4, "heading": 511, "status": "Under maskin"}}, {"type": "Feature", "geometry": {"type": "Point", "coordinates": [6.38729, 62.644482]}, "properties": {"time": "2025-10-21T05:48:00Z", "sog": 6.3, "cog": 214.8, "heading": 511, "status": "Under maskin"}}, {"type": "Feature", "geometry": {"type": "Point", "coordinates": [6.386068, 62.643703]}, "properties": {"time": "2025-10-21T05:48:32Z", "sog": 6.5, "cog": 217.4, "heading": 511, "status": "Under maskin"}}, {"type": "Feature", "geometry": {"type": "Point", "coordinates": [6.384988, 62.643032]}, "properties": {"time": "2025-10-21T05:49:00Z", "sog": 6.5, "cog": 216.3, "heading": 511, "status": "Under maskin"}}, {"type": "Feature", "geometry": {"type": "Point", "coordinates": [6.383743, 62.642277]}, "properties": {"time": "2025-10-21T05:49:32Z", "sog": 6.4, "cog": 217.6, "heading": 511, "status": "Under maskin"}}, {"type": "Feature", "geometry": {"type": "Point", "coordinates": [6.382556, 62.641567]}, "properties": {"time": "2025-10-21T05:50:01Z", "sog": 6.5, "cog": 220.1, "heading": 511, "status": "Under maskin"}}, {"type": "Feature", "geometry": {"type": "Point", "coordinates": [6.381175, 62.640896]}, "properties": {"time": "2025-10-21T05:50:32Z", "sog": 6.7, "cog": 224.2, "heading": 511, "status": "Under maskin"}}, {"type": "Feature", "geometry": {"type": "Point", "coordinates": [6.379857, 62.640293]}, "properties": {"time": "2025-10-21T05:51:01Z", "sog": 6.7, "cog": 227.1, "heading": 511, "status": "Under maskin"}}, {"type": "Feature", "geometry": {"type": "Point", "coordinates": [6.378433, 62.639694]}, "properties": {"time": "2025-10-21T05:51:30Z", "sog": 6.6, "cog": 228.1, "heading": 511, "status": "Under maskin"}}, {"type": "Feature", "geometry": {"type": "Point", "coordinates": [6.376793, 62.639061]}, "properties": {"time": "2025-10-21T05:52:01Z", "sog": 6.8, "cog": 229.4, "heading": 511, "status": "Under maskin"}}, {"type": "Feature", "geometry": {"type": "Point", "coordinates": [6.375292, 62.638485]}, "properties": {"time": "2025-10-21T05:52:30Z", "sog": 6.7, "cog": 231.5, "heading": 511, "status": "Under maskin"}}, {"type": "Feature", "geometry": {"type": "Point", "coordinates": [6.37355, 62.637913]}, "properties": {"time": "2025-10-21T05:53:01Z", "sog": 7.0, "cog": 236.9, "heading": 511, "status": "Under maskin"}}, {"type": "Feature", "geometry": {"type": "Point", "coordinates": [6.371822, 62.637459]}, "properties": {"time": "2025-10-21T05:53:30Z", "sog": 7.3, "cog": 242.8, "heading": 511, "status": "Under maskin"}}, {"type": "Feature", "geometry": {"type": "Point", "coordinates": [6.369833, 62.63699]}, "properties": {"time": "2025-10-21T05:54:01Z", "sog": 7.1, "cog": 242.7, "heading": 511, "status": "Under maskin"}}, {"type": "Feature", "geometry": {"type": "Point", "coordinates": [6.367978, 62.636543]}, "properties": {"time": "2025-10-21T05:54:30Z", "sog": 7.3, "cog": 242.1, "heading": 511, "status": "Under maskin"}}, {"type": "Feature", "geometry": {"type": "Point", "coordinates": [6.365958, 62.63607]}, "properties": {"time": "2025-10-21T05:55:01Z", "sog": 7.3, "cog": 243.5, "heading": 511, "status": "Under maskin"}}, {"type": "Feature", "geometry": {"type": "Point", "coordinates": [6.363976, 62.635624]}, "properties": {"time": "2025-10-21T05:55:30Z", "sog": 7.4, "cog": 244.8, "heading": 511, "status": "Under maskin"}}, {"type": "Feature", "geometry": {"type": "Point", "coordinates": [6.36191, 62.635162]}, "properties": {"time": "2025-10-21T05:56:01Z", "sog": 7.6, "cog": 244.4, "heading": 511, "status": "Under maskin"}}, {"type": "Feature", "geometry": {"type": "Point", "coordinates": [6.360057, 62.634735]}, "properties": {"time": "2025-10-21T05:56:30Z", "sog": 7.3, "cog": 242.8, "heading": 511, "status": "Under maskin"}}, {"type": "Feature", "geometry": {"type": "Point", "coordinates": [6.358052, 62.634247]}, "properties": {"time": "2025-10-21T05:57:01Z", "sog": 7.4, "cog": 240.9, "heading": 511, "status": "Under maskin"}}, {"type": "Feature", "geometry": {"type": "Point", "coordinates": [6.35619, 62.63377]}, "properties": {"time": "2025-10-21T05:57:30Z", "sog": 7.4, "cog": 241.3, "heading": 511, "status": "Under maskin"}}, {"type": "Feature", "geometry": {"type": "Point", "coordinates": [6.354218, 62.633263]}, "properties": {"time": "2025-10-21T05:58:01Z", "sog": 7.3, "cog": 240.7, "heading": 511, "status": "Under maskin"}}, {"type": "Feature", "geometry": {"type": "Point", "coordinates": [6.352352, 62.632763]}, "properties": {"time": "2025-10-21T05:58:30Z", "sog": 7.2, "cog": 238.8, "heading": 511, "status": "Under maskin"}}, {"type": "Feature", "geometry": {"type": "Point", "coordinates": [6.350575, 62.632263]}, "properties": {"time": "2025-10-21T05:59:00Z", "sog": 7.2, "cog": 238.2, "heading": 511, "status": "Under maskin"}}, {"type": "Feature", "geometry": {"type": "Point", "coordinates": [6.348737, 62.631744]}, "properties": {"time": "2025-10-21T05:59:30Z", "sog": 7.1, "cog": 238.7, "heading": 511, "status": "Under maskin"}}, {"type": "Feature", "geometry": {"type": "Point", "coordinates": [6.346903, 62.631218]}, "properties": {"time": "2025-10-21T06:00:00Z", "sog": 7.1, "cog": 235.6, "heading": 511, "status": "Under maskin"}}, {"type": "Feature", "geometry": {"type": "Point", "coordinates": [6.346903, 62.631218]}, "properties": {"time": "2025-10-21T06:00:00Z", "sog": 7.1, "cog": 235.6, "heading": 511, "status": "Under maskin"}}, {"type": "Feature", "geometry": {"type": "Point", "coordinates": [6.345105, 62.630619]}, "properties": {"time": "2025-10-21T06:00:30Z", "sog": 7.1, "cog": 234.7, "heading": 511, "status": "Under maskin"}}, {"type": "Feature", "geometry": {"type": "Point", "coordinates": [6.343332, 62.630066]}, "properties": {"time": "2025-10-21T06:01:00Z", "sog": 7.1, "cog": 236.5, "heading": 511, "status": "Under maskin"}}, {"type": "Feature", "geometry": {"type": "Point", "coordinates": [6.34164, 62.629478]}, "properties": {"time": "2025-10-21T06:01:30Z", "sog": 7.0, "cog": 229.9, "heading": 511, "status": "Under maskin"}}, {"type": "Feature", "geometry": {"type": "Point", "coordinates": [6.34007, 62.62888]}, "properties": {"time": "2025-10-21T06:02:00Z", "sog": 7.0, "cog": 230.7, "heading": 511, "status": "Under maskin"}}, {"type": "Feature", "geometry": {"type": "Point", "coordinates": [6.33845, 62.628273]}, "properties": {"time": "2025-10-21T06:02:30Z", "sog": 6.9, "cog": 231.2, "heading": 511, "status": "Under maskin"}}, {"type": "Feature", "geometry": {"type": "Point", "coordinates": [6.336862, 62.627644]}, "properties": {"time": "2025-10-21T06:03:00Z", "sog": 7.0, "cog": 228.7, "heading": 511, "status": "Under maskin"}}, {"type": "Feature", "geometry": {"type": "Point", "coordinates": [6.335371, 62.627018]}, "properties": {"time": "2025-10-21T06:03:29Z", "sog": 7.0, "cog": 228.2, "heading": 511, "status": "Under maskin"}}, {"type": "Feature", "geometry": {"type": "Point", "coordinates": [6.333756, 62.62632]}, "properties": {"time": "2025-10-21T06:04:00Z", "sog": 6.9, "cog": 225.8, "heading": 511, "status": "Under maskin"}}, {"type": "Feature", "geometry": {"type": "Point", "coordinates": [6.332392, 62.625698]}, "properties": {"time": "2025-10-21T06:04:29Z", "sog": 6.8, "cog": 226.7, "heading": 511, "status": "Under maskin"}}, {"type": "Feature", "geometry": {"type": "Point", "coordinates": [6.330898, 62.625011]}, "properties": {"time": "2025-10-21T06:05:00Z", "sog": 6.8, "cog": 225.5, "heading": 511, "status": "Under maskin"}}, {"type": "Feature", "geometry": {"type": "Point", "coordinates": [6.329505, 62.624386]}, "properties": {"time": "2025-10-21T06:05:29Z", "sog": 6.6, "cog": 225.9, "heading": 511, "status": "Under maskin"}}, {"type": "Feature", "geometry": {"type": "Point", "coordinates": [6.328017, 62.623692]}, "properties": {"time": "2025-10-21T06:06:00Z", "sog": 6.6, "cog": 226.5, "heading": 511, "status": "Under maskin"}}, {"type": "Feature", "geometry": {"type": "Point", "coordinates": [6.326648, 62.623085]}, "properties": {"time": "2025-10-21T06:06:29Z", "sog": 6.6, "cog": 226.1, "heading": 511, "status": "Under maskin"}}, {"type": "Feature", "geometry": {"type": "Point", "coordinates": [6.325285, 62.622437]}, "properties": {"time": "2025-10-21T06:06:59Z", "sog": 6.4, "cog": 225.8, "heading": 511, "status": "Under maskin"}}, {"type": "Feature", "geometry": {"type": "Point", "coordinates": [6.322605, 62.621231]}, "properties": {"time": "2025-10-21T06:07:59Z", "sog": 6.1, "cog": 224.3, "heading": 511, "status": "Under maskin"}}, {"type": "Feature", "geometry": {"type": "Point", "coordinates": [6.321321, 62.620636]}, "properties": {"time": "2025-10-21T06:08:29Z", "sog": 5.8, "cog": 223.0, "heading": 511, "status": "Under maskin"}}, {"type": "Feature", "geometry": {"type": "Point", "coordinates": [6.320088, 62.620033]}, "properties": {"time": "2025-10-21T06:08:59Z", "sog": 6.0, "cog": 221.8, "heading": 511, "status": "Under maskin"}}, {"type": "Feature", "geometry": {"type": "Point", "coordinates": [6.31875, 62.619381]}, "properties": {"time": "2025-10-21T06:09:31Z", "sog": 6.1, "cog": 225.5, "heading": 511, "status": "Under maskin"}}, {"type": "Feature", "geometry": {"type": "Point", "coordinates": [6.317478, 62.618816]}, "properties": {"time": "2025-10-21T06:09:59Z", "sog": 6.2, "cog": 226.1, "heading": 511, "status": "Under maskin"}}, {"type": "Feature", "geometry": {"type": "Point", "coordinates": [6.316202, 62.618172]}, "properties": {"time": "2025-10-21T06:10:31Z", "sog": 6.0, "cog": 219.5, "heading": 511, "status": "Under maskin"}}, {"type": "Feature", "geometry": {"type": "Point", "coordinates": [6.314963, 62.617626]}, "properties": {"time": "2025-10-21T06:10:59Z", "sog": 6.2, "cog": 226.4, "heading": 511, "status": "Under maskin"}}, {"type": "Feature", "geometry": {"type": "Point", "coordinates": [6.313515, 62.616997]}, "properties": {"time": "2025-10-21T06:11:31Z", "sog": 6.2, "cog": 225.7, "heading": 511, "status": "Under maskin"}}, {"type": "Feature", "geometry": {"type": "Point", "coordinates": [6.312247, 62.616436]}, "properties": {"time": "2025-10-21T06:11:59Z", "sog": 6.1, "cog": 227.4, "heading": 511, "status": "Under maskin"}}, {"type": "Feature", "geometry": {"type": "Point", "coordinates": [6.310777, 62.615784]}, "properties": {"time": "2025-10-21T06:12:31Z", "sog": 6.5, "cog": 227.6, "heading": 511, "status": "Under maskin"}}, {"type": "Feature", "geometry": {"type": "Point", "coordinates": [6.309388, 62.615181]}, "properties": {"time": "2025-10-21T06:13:01Z", "sog": 6.3, "cog": 227.3, "heading": 511, "status": "Under maskin"}}, {"type": "Feature", "geometry": {"type": "Point", "coordinates": [6.308022, 62.614578]}, "properties": {"time": "2025-10-21T06:13:31Z", "sog": 6.3, "cog": 227.3, "heading": 511, "status": "Under maskin"}}, {"type": "Feature", "geometry": {"type": "Point", "coordinates": [6.306652, 62.613979]}, "properties": {"time": "2025-10-21T06:14:01Z", "sog": 6.3, "cog": 223.5, "heading": 511, "status": "Under maskin"}}, {"type": "Feature", "geometry": {"type": "Point", "coordinates": [6.305348, 62.613358]}, "properties": {"time": "2025-10-21T06:14:31Z", "sog": 6.4, "cog": 225.6, "heading": 511, "status": "Under maskin"}}, {"type": "Feature", "geometry": {"type": "Point", "coordinates": [6.304002, 62.612743]}, "properties": {"time": "2025-10-21T06:15:01Z", "sog": 6.4, "cog": 225.3, "heading": 511, "status": "Under maskin"}}, {"type": "Feature", "geometry": {"type": "Point", "coordinates": [6.30263, 62.612133]}, "properties": {"time": "2025-10-21T06:15:31Z", "sog": 6.3, "cog": 226.9, "heading": 511, "status": "Under maskin"}}, {"type": "Feature", "geometry": {"type": "Point", "coordinates": [6.301281, 62.611515]}, "properties": {"time": "2025-10-21T06:16:01Z", "sog": 6.2, "cog": 226.8, "heading": 511, "status": "Under maskin"}}, {"type": "Feature", "geometry": {"type": "Point", "coordinates": [6.299871, 62.610889]}, "properties": {"time": "2025-10-21T06:16:31Z", "sog": 6.4, "cog": 223.7, "heading": 511, "status": "Under maskin"}}, {"type": "Feature", "geometry": {"type": "Point", "coordinates": [6.29857, 62.610283]}, "properties": {"time": "2025-10-21T06:17:01Z", "sog": 6.4, "cog": 223.5, "heading": 511, "status": "Under maskin"}}, {"type": "Feature", "geometry": {"type": "Point", "coordinates": [6.297194, 62.609665]}, "properties": {"time": "2025-10-21T06:17:31Z", "sog": 6.4, "cog": 226.5, "heading": 511, "status": "Under maskin"}}, {"type": "Feature", "geometry": {"type": "Point", "coordinates": [6.29584, 62.609051]}, "properties": {"time": "2025-10-21T06:18:01Z", "sog": 6.3, "cog": 226.0, "heading": 511, "status": "Under maskin"}}, {"type": "Feature", "geometry": {"type": "Point", "coordinates": [6.294488, 62.608429]}, "properties": {"time": "2025-10-21T06:18:31Z", "sog": 6.4, "cog": 225.7, "heading": 511, "status": "Under maskin"}}, {"type": "Feature", "geometry": {"type": "Point", "coordinates": [6.2931, 62.60778]}, "properties": {"time": "2025-10-21T06:19:01Z", "sog": 6.3, "cog": 225.4, "heading": 511, "status": "Under maskin"}}, {"type": "Feature", "geometry": {"type": "Point", "coordinates": [6.291807, 62.607193]}, "properties": {"time": "2025-10-21T06:19:31Z", "sog": 6.3, "cog": 222.5, "heading": 511, "status": "Under maskin"}}, {"type": "Feature", "geometry": {"type": "Point", "coordinates": [6.29049, 62.606579]}, "properties": {"time": "2025-10-21T06:20:01Z", "sog": 6.2, "cog": 223.7, "heading": 511, "status": "Under maskin"}}, {"type": "Feature", "geometry": {"type": "Point", "coordinates": [6.289182, 62.605968]}, "properties": {"time": "2025-10-21T06:20:31Z", "sog": 6.1, "cog": 224.4, "heading": 511, "status": "Under maskin"}}, {"type": "Feature", "geometry": {"type": "Point", "coordinates": [6.287843, 62.60535]}, "properties": {"time": "2025-10-21T06:21:01Z", "sog": 6.1, "cog": 223.5, "heading": 511, "status": "Under maskin"}}, {"type": "Feature", "geometry": {"type": "Point", "coordinates": [6.286627, 62.604763]}, "properties": {"time": "2025-10-21T06:21:31Z", "sog": 6.0, "cog": 224.5, "heading": 511, "status": "Under maskin"}}, {"type": "Feature", "geometry": {"type": "Point", "coordinates": [6.28532, 62.604149]}, "properties": {"time": "2025-10-21T06:22:01Z", "sog": 6.1, "cog": 225.2, "heading": 511, "status": "Under maskin"}}, {"type": "Feature", "geometry": {"type": "Point", "coordinates": [6.284108, 62.603565]}, "properties": {"time": "2025-10-21T06:22:31Z", "sog": 6.0, "cog": 222.8, "heading": 511, "status": "Under maskin"}}, {"type": "Feature", "geometry": {"type": "Point", "coordinates": [6.282865, 62.602959]}, "properties": {"time": "2025-10-21T06:23:01Z", "sog": 6.1, "cog": 224.9, "heading": 511, "status": "Under maskin"}}, {"type": "Feature", "geometry": {"type": "Point", "coordinates": [6.281687, 62.602402]}, "properties": {"time": "2025-10-21T06:23:29Z", "sog": 6.0, "cog": 224.1, "heading": 511, "status": "Under maskin"}}, {"type": "Feature", "geometry": {"type": "Point", "coordinates": [6.280337, 62.601734]}, "properties": {"time": "2025-10-21T06:24:01Z", "sog": 6.1, "cog": 224.9, "heading": 511, "status": "Under maskin"}}, {"type": "Feature", "geometry": {"type": "Point", "coordinates": [6.279163, 62.601208]}, "properties": {"time": "2025-10-21T06:24:29Z", "sog": 6.1, "cog": 224.1, "heading": 511, "status": "Under maskin"}}, {"type": "Feature", "geometry": {"type": "Point", "coordinates": [6.277785, 62.600567]}, "properties": {"time": "2025-10-21T06:25:01Z", "sog": 6.2, "cog": 225.5, "heading": 511, "status": "Under maskin"}}, {"type": "Feature", "geometry": {"type": "Point", "coordinates": [6.276573, 62.600014]}, "properties": {"time": "2025-10-21T06:25:29Z", "sog": 6.1, "cog": 224.3, "heading": 511, "status": "Under maskin"}}, {"type": "Feature", "geometry": {"type": "Point", "coordinates": [6.275362, 62.599392]}, "properties": {"time": "2025-10-21T06:25:59Z", "sog": 6.0, "cog": 222.6, "heading": 511, "status": "Under maskin"}}, {"type": "Feature", "geometry": {"type": "Point", "coordinates": [6.274093, 62.598808]}, "properties": {"time": "2025-10-21T06:26:29Z", "sog": 6.0, "cog": 225.6, "heading": 511, "status": "Under maskin"}}, {"type": "Feature", "geometry": {"type": "Point", "coordinates": [6.272813, 62.598209]}, "properties": {"time": "2025-10-21T06:26:59Z", "sog": 6.2, "cog": 224.1, "heading": 511, "status": "Under maskin"}}, {"type": "Feature", "geometry": {"type": "Point", "coordinates": [6.271508, 62.597595]}, "properties": {"time": "2025-10-21T06:27:29Z", "sog": 6.0, "cog": 225.6, "heading": 511, "status": "Under maskin"}}, {"type": "Feature", "geometry": {"type": "Point", "coordinates": [6.270215, 62.597012]}, "properties": {"time": "2025-10-21T06:27:59Z", "sog": 6.0, "cog": 223.1, "heading": 511, "status": "Under maskin"}}, {"type": "Feature", "geometry": {"type": "Point", "coordinates": [6.26896, 62.596443]}, "properties": {"time": "2025-10-21T06:28:29Z", "sog": 6.1, "cog": 226.7, "heading": 511, "status": "Under maskin"}}, {"type": "Feature", "geometry": {"type": "Point", "coordinates": [6.267684, 62.595848]}, "properties": {"time": "2025-10-21T06:28:59Z", "sog": 6.1, "cog": 223.4, "heading": 511, "status": "Under maskin"}}, {"type": "Feature", "geometry": {"type": "Point", "coordinates": [6.266356, 62.595264]}, "properties": {"time": "2025-10-21T06:29:29Z", "sog": 6.1, "cog": 226.4, "heading": 511, "status": "Under maskin"}}, {"type": "Feature", "geometry": {"type": "Point", "coordinates": [6.265008, 62.59465]}, "properties": {"time": "2025-10-21T06:29:59Z", "sog": 6.0, "cog": 222.7, "heading": 511, "status": "Under maskin"}}, {"type": "Feature", "geometry": {"type": "Point", "coordinates": [6.263758, 62.594105]}, "properties": {"time": "2025-10-21T06:30:29Z", "sog": 6.0, "cog": 227.8, "heading": 511, "status": "Under maskin"}}, {"type": "Feature", "geometry": {"type": "Point", "coordinates": [6.262528, 62.593529]}, "properties": {"time": "2025-10-21T06:30:59Z", "sog": 5.7, "cog": 225.6, "heading": 511, "status": "Under maskin"}}, {"type": "Feature", "geometry": {"type": "Point", "coordinates": [6.261378, 62.592972]}, "properties": {"time": "2025-10-21T06:31:29Z", "sog": 5.6, "cog": 221.1, "heading": 511, "status": "Under maskin"}}, {"type": "Feature", "geometry": {"type": "Point", "coordinates": [6.26022, 62.592434]}, "properties": {"time": "2025-10-21T06:31:59Z", "sog": 5.3, "cog": 225.4, "heading": 511, "status": "Under maskin"}}, {"type": "Feature", "geometry": {"type": "Point", "coordinates": [6.259062, 62.591923]}, "properties": {"time": "2025-10-21T06:32:29Z", "sog": 5.5, "cog": 229.6, "heading": 511, "status": "Under maskin"}}, {"type": "Feature", "geometry": {"type": "Point", "coordinates": [6.257735, 62.591385]}, "properties": {"time": "2025-10-21T06:32:59Z", "sog": 6.0, "cog": 228.4, "heading": 511, "status": "Under maskin"}}, {"type": "Feature", "geometry": {"type": "Point", "coordinates": [6.256413, 62.590816]}, "properties": {"time": "2025-10-21T06:33:29Z", "sog": 6.0, "cog": 227.5, "heading": 511, "status": "Under maskin"}}, {"type": "Feature", "geometry": {"type": "Point", "coordinates": [6.255015, 62.590202]}, "properties": {"time": "2025-10-21T06:34:01Z", "sog": 6.1, "cog": 226.5, "heading": 511, "status": "Under maskin"}}, {"type": "Feature", "geometry": {"type": "Point", "coordinates": [6.253817, 62.589653]}, "properties": {"time": "2025-10-21T06:34:29Z", "sog": 6.0, "cog": 225.7, "heading": 511, "status": "Under maskin"}}, {"type": "Feature", "geometry": {"type": "Point", "coordinates": [6.25239, 62.589001]}, "properties": {"time": "2025-10-21T06:35:01Z", "sog": 6.1, "cog": 225.9, "heading": 511, "status": "Under maskin"}}, {"type": "Feature", "geometry": {"type": "Point", "coordinates": [6.251212, 62.588467]}, "properties": {"time": "2025-10-21T06:35:29Z", "sog": 6.1, "cog": 226.7, "heading": 511, "status": "Under maskin"}}, {"type": "Feature", "geometry": {"type": "Point", "coordinates": [6.249798, 62.587856]}, "properties": {"time": "2025-10-21T06:36:01Z", "sog": 6.1, "cog": 226.6, "heading": 511, "status": "Under maskin"}}, {"type": "Feature", "geometry": {"type": "Point", "coordinates": [6.248579, 62.587303]}, "properties": {"time": "2025-10-21T06:36:29Z", "sog": 6.1, "cog": 225.6, "heading": 511, "status": "Under maskin"}}, {"type": "Feature", "geometry": {"type": "Point", "coordinates": [6.247145, 62.586651]}, "properties": {"time": "2025-10-21T06:37:01Z", "sog": 6.1, "cog": 226.2, "heading": 511, "status": "Under maskin"}}, {"type": "Feature", "geometry": {"type": "Point", "coordinates": [6.245952, 62.586109]}, "properties": {"time": "2025-10-21T06:37:29Z", "sog": 6.2, "cog": 226.0, "heading": 511, "status": "Under maskin"}}, {"type": "Feature", "geometry": {"type": "Point", "coordinates": [6.244477, 62.585445]}, "properties": {"time": "2025-10-21T06:38:01Z", "sog": 6.2, "cog": 225.6, "heading": 511, "status": "Under maskin"}}, {"type": "Feature", "geometry": {"type": "Point", "coordinates": [6.24328, 62.584908]}, "properties": {"time": "2025-10-21T06:38:29Z", "sog": 6.4, "cog": 224.7, "heading": 511, "status": "Under maskin"}}, {"type": "Feature", "geometry": {"type": "Point", "coordinates": [6.241792, 62.584259]}, "properties": {"time": "2025-10-21T06:39:01Z", "sog": 6.3, "cog": 225.8, "heading": 511, "status": "Under maskin"}}, {"type": "Feature", "geometry": {"type": "Point", "coordinates": [6.240588, 62.583702]}, "properties": {"time": "2025-10-21T06:39:29Z", "sog": 6.4, "cog": 226.5, "heading": 511, "status": "Under maskin"}}, {"type": "Feature", "geometry": {"type": "Point", "coordinates": [6.239128, 62.58305]}, "properties": {"time": "2025-10-21T06:40:01Z", "sog": 6.3, "cog": 225.0, "heading": 511, "status": "Under maskin"}}, {"type": "Feature", "geometry": {"type": "Point", "coordinates": [6.237847, 62.582478]}, "properties": {"time": "2025-10-21T06:40:29Z", "sog": 6.4, "cog": 225.1, "heading": 511, "status": "Under maskin"}}, {"type": "Feature", "geometry": {"type": "Point", "coordinates": [6.236347, 62.581818]}, "properties": {"time": "2025-10-21T06:41:01Z", "sog": 6.5, "cog": 225.6, "heading": 511, "status": "Under maskin"}}, {"type": "Feature", "geometry": {"type": "Point", "coordinates": [6.235032, 62.581207]}, "properties": {"time": "2025-10-21T06:41:31Z", "sog": 6.5, "cog": 225.6, "heading": 511, "status": "Under maskin"}}, {"type": "Feature", "geometry": {"type": "Point", "coordinates": [6.233605, 62.580555]}, "properties": {"time": "2025-10-21T06:42:01Z", "sog": 6.6, "cog": 225.5, "heading": 511, "status": "Under maskin"}}, {"type": "Feature", "geometry": {"type": "Point", "coordinates": [6.232178, 62.579929]}, "properties": {"time": "2025-10-21T06:42:31Z", "sog": 6.6, "cog": 225.7, "heading": 511, "status": "Under maskin"}}, {"type": "Feature", "geometry": {"type": "Point", "coordinates": [6.230808, 62.5793]}, "properties": {"time": "2025-10-21T06:43:01Z", "sog": 6.4, "cog": 224.1, "heading": 511, "status": "Under maskin"}}, {"type": "Feature", "geometry": {"type": "Point", "coordinates": [6.229424, 62.578674]}, "properties": {"time": "2025-10-21T06:43:31Z", "sog": 6.4, "cog": 225.3, "heading": 511, "status": "Under maskin"}}, {"type": "Feature", "geometry": {"type": "Point", "coordinates": [6.228022, 62.578045]}, "properties": {"time": "2025-10-21T06:44:01Z", "sog": 6.5, "cog": 224.8, "heading": 511, "status": "Under maskin"}}, {"type": "Feature", "geometry": {"type": "Point", "coordinates": [6.22662, 62.577415]}, "properties": {"time": "2025-10-21T06:44:31Z", "sog": 6.5, "cog": 226.0, "heading": 511, "status": "Under maskin"}}, {"type": "Feature", "geometry": {"type": "Point", "coordinates": [6.22521, 62.576786]}, "properties": {"time": "2025-10-21T06:45:01Z", "sog": 6.4, "cog": 228.2, "heading": 511, "status": "Under maskin"}}, {"type": "Feature", "geometry": {"type": "Point", "coordinates": [6.223814, 62.576164]}, "properties": {"time": "2025-10-21T06:45:31Z", "sog": 6.5, "cog": 225.1, "heading": 511, "status": "Under maskin"}}, {"type": "Feature", "geometry": {"type": "Point", "coordinates": [6.222415, 62.575539]}, "properties": {"time": "2025-10-21T06:46:01Z", "sog": 6.5, "cog": 227.2, "heading": 511, "status": "Under maskin"}}, {"type": "Feature", "geometry": {"type": "Point", "coordinates": [6.22107, 62.574928]}, "properties": {"time": "2025-10-21T06:46:30Z", "sog": 6.5, "cog": 228.1, "heading": 511, "status": "Under maskin"}}, {"type": "Feature", "geometry": {"type": "Point", "coordinates": [6.21963, 62.57428]}, "properties": {"time": "2025-10-21T06:47:01Z", "sog": 6.5, "cog": 224.1, "heading": 511, "status": "Under maskin"}}, {"type": "Feature", "geometry": {"type": "Point", "coordinates": [6.218184, 62.573627]}, "properties": {"time": "2025-10-21T06:47:31Z", "sog": 6.5, "cog": 224.7, "heading": 511, "status": "Under maskin"}}, {"type": "Feature", "geometry": {"type": "Point", "coordinates": [6.216833, 62.573013]}, "properties": {"time": "2025-10-21T06:48:01Z", "sog": 6.5, "cog": 228.8, "heading": 511, "status": "Under maskin"}}, {"type": "Feature", "geometry": {"type": "Point", "coordinates": [6.213987, 62.571732]}, "properties": {"time": "2025-10-21T06:49:01Z", "sog": 6.6, "cog": 225.6, "heading": 511, "status": "Under maskin"}}, {"type": "Feature", "geometry": {"type": "Point", "coordinates": [6.211228, 62.570477]}, "properties": {"time": "2025-10-21T06:50:01Z", "sog": 6.6, "cog": 223.2, "heading": 511, "status": "Under maskin"}}, {"type": "Feature", "geometry": {"type": "Point", "coordinates": [6.208505, 62.569202]}, "properties": {"time": "2025-10-21T06:51:01Z", "sog": 6.5, "cog": 224.3, "heading": 511, "status": "Under maskin"}}, {"type": "Feature", "geometry": {"type": "Point", "coordinates": [6.207053, 62.568512]}, "properties": {"time": "2025-10-21T06:51:32Z", "sog": 6.6, "cog": 223.3, "heading": 511, "status": "Under maskin"}}, {"type": "Feature", "geometry": {"type": "Point", "coordinates": [6.205775, 62.567913]}, "properties": {"time": "2025-10-21T06:52:01Z", "sog": 6.5, "cog": 227.1, "heading": 511, "status": "Under maskin"}}, {"type": "Feature", "geometry": {"type": "Point", "coordinates": [6.204333, 62.567257]}, "properties": {"time": "2025-10-21T06:52:32Z", "sog": 6.5, "cog": 227.5, "heading": 511, "status": "Under maskin"}}, {"type": "Feature", "geometry": {"type": "Point", "coordinates": [6.20297, 62.566639]}, "properties": {"time": "2025-10-21T06:53:01Z", "sog": 6.7, "cog": 220.0, "heading": 511, "status": "Under maskin"}}, {"type": "Feature", "geometry": {"type": "Point", "coordinates": [6.201529, 62.565987]}, "properties": {"time": "2025-10-21T06:53:32Z", "sog": 6.5, "cog": 226.5, "heading": 511, "status": "Under maskin"}}, {"type": "Feature", "geometry": {"type": "Point", "coordinates": [6.200171, 62.565372]}, "properties": {"time": "2025-10-21T06:54:01Z", "sog": 6.6, "cog": 227.6, "heading": 511, "status": "Under maskin"}}, {"type": "Feature", "geometry": {"type": "Point", "coordinates": [6.198722, 62.564724]}, "properties": {"time": "2025-10-21T06:54:32Z", "sog": 6.5, "cog": 222.3, "heading": 511, "status": "Under maskin"}}, {"type": "Feature", "geometry": {"type": "Point", "coordinates": [6.197295, 62.564095]}, "properties": {"time": "2025-10-21T06:55:02Z", "sog": 6.6, "cog": 228.3, "heading": 511, "status": "Under maskin"}}, {"type": "Feature", "geometry": {"type": "Point", "coordinates": [6.195857, 62.563465]}, "properties": {"time": "2025-10-21T06:55:32Z", "sog": 6.6, "cog": 224.3, "heading": 511, "status": "Under maskin"}}, {"type": "Feature", "geometry": {"type": "Point", "coordinates": [6.194433, 62.562832]}, "properties": {"time": "2025-10-21T06:56:02Z", "sog": 6.6, "cog": 224.8, "heading": 511, "status": "Under maskin"}}, {"type": "Feature", "geometry": {"type": "Point", "coordinates": [6.193023, 62.562206]}, "properties": {"time": "2025-10-21T06:56:32Z", "sog": 6.5, "cog": 226.7, "heading": 511, "status": "Under maskin"}}, {"type": "Feature", "geometry": {"type": "Point", "coordinates": [6.191617, 62.561584]}, "properties": {"time": "2025-10-21T06:57:02Z", "sog": 6.5, "cog": 228.9, "heading": 511, "status": "Under maskin"}}, {"type": "Feature", "geometry": {"type": "Point", "coordinates": [6.19026, 62.560982]}, "properties": {"time": "2025-10-21T06:57:30Z", "sog": 6.5, "cog": 225.2, "heading": 511, "status": "Under maskin"}}, {"type": "Feature", "geometry": {"type": "Point", "coordinates": [6.188805, 62.560333]}, "properties": {"time": "2025-10-21T06:58:02Z", "sog": 6.5, "cog": 227.3, "heading": 511, "status": "Under maskin"}}, {"type": "Feature", "geometry": {"type": "Point", "coordinates": [6.187437, 62.559727]}, "properties": {"time": "2025-10-21T06:58:30Z", "sog": 6.6, "cog": 227.1, "heading": 511, "status": "Under maskin"}}, {"type": "Feature", "geometry": {"type": "Point", "coordinates": [6.186005, 62.559113]}, "properties": {"time": "2025-10-21T06:59:02Z", "sog": 6.5, "cog": 225.6, "heading": 511, "status": "Under maskin"}}, {"type": "Feature", "geometry": {"type": "Point", "coordinates": [6.184625, 62.558525]}, "properties": {"time": "2025-10-21T06:59:30Z", "sog": 6.6, "cog": 227.3, "heading": 511, "status": "Under maskin"}}, {"type": "Feature", "geometry": {"type": "Point", "coordinates": [6.183098, 62.557861]}, "properties": {"time": "2025-10-21T07:00:02Z", "sog": 6.5, "cog": 227.1, "heading": 511, "status": "Under maskin"}}, {"type": "Feature", "geometry": {"type": "Point", "coordinates": [6.181728, 62.557278]}, "properties": {"time": "2025-10-21T07:00:30Z", "sog": 6.4, "cog": 228.4, "heading": 511, "status": "Under maskin"}}, {"type": "Feature", "geometry": {"type": "Point", "coordinates": [6.180287, 62.55666]}, "properties": {"time": "2025-10-21T07:01:02Z", "sog": 6.3, "cog": 225.9, "heading": 511, "status": "Under maskin"}}, {"type": "Feature", "geometry": {"type": "Point", "coordinates": [6.179065, 62.556103]}, "properties": {"time": "2025-10-21T07:01:29Z", "sog": 6.4, "cog": 221.9, "heading": 511, "status": "Under maskin"}}, {"type": "Feature", "geometry": {"type": "Point", "coordinates": [6.177718, 62.55534]}, "properties": {"time": "2025-10-21T07:02:02Z", "sog": 6.4, "cog": 219.1, "heading": 511, "status": "Under maskin"}}, {"type": "Feature", "geometry": {"type": "Point", "coordinates": [6.176597, 62.55468]}, "properties": {"time": "2025-10-21T07:02:29Z", "sog": 6.5, "cog": 217.5, "heading": 511, "status": "Under maskin"}}, {"type": "Feature", "geometry": {"type": "Point", "coordinates": [6.175405, 62.553921]}, "properties": {"time": "2025-10-21T07:03:01Z", "sog": 6.3, "cog": 215.5, "heading": 511, "status": "Under maskin"}}, {"type": "Feature", "geometry": {"type": "Point", "coordinates": [6.174393, 62.553284]}, "properties": {"time": "2025-10-21T07:03:29Z", "sog": 6.4, "cog": 215.0, "heading": 511, "status": "Under maskin"}}, {"type": "Feature", "geometry": {"type": "Point", "coordinates": [6.173147, 62.552517]}, "properties": {"time": "2025-10-21T07:04:01Z", "sog": 6.5, "cog": 216.6, "heading": 511, "status": "Under maskin"}}, {"type": "Feature", "geometry": {"type": "Point", "coordinates": [6.172053, 62.551846]}, "properties": {"time": "2025-10-21T07:04:29Z", "sog": 6.4, "cog": 216.3, "heading": 511, "status": "Under maskin"}}, {"type": "Feature", "geometry": {"type": "Point", "coordinates": [6.17078, 62.551048]}, "properties": {"time": "2025-10-21T07:05:01Z", "sog": 6.5, "cog": 216.5, "heading": 511, "status": "Under maskin"}}, {"type": "Feature", "geometry": {"type": "Point", "coordinates": [6.169635, 62.550354]}, "properties": {"time": "2025-10-21T07:05:31Z", "sog": 6.6, "cog": 217.2, "heading": 511, "status": "Under maskin"}}, {"type": "Feature", "geometry": {"type": "Point", "coordinates": [6.168675, 62.549583]}, "properties": {"time": "2025-10-21T07:06:01Z", "sog": 6.4, "cog": 204.4, "heading": 511, "status": "Under maskin"}}, {"type": "Feature", "geometry": {"type": "Point", "coordinates": [6.167885, 62.548775]}, "properties": {"time": "2025-10-21T07:06:31Z", "sog": 6.5, "cog": 204.0, "heading": 511, "status": "Under maskin"}}, {"type": "Feature", "geometry": {"type": "Point", "coordinates": [6.167025, 62.547928]}, "properties": {"time": "2025-10-21T07:07:01Z", "sog": 6.6, "cog": 205.6, "heading": 511, "status": "Under maskin"}}, {"type": "Feature", "geometry": {"type": "Point", "coordinates": [6.16621, 62.547134]}, "properties": {"time": "2025-10-21T07:07:31Z", "sog": 6.6, "cog": 205.4, "heading": 511, "status": "Under maskin"}}, {"type": "Feature", "geometry": {"type": "Point", "coordinates": [6.165339, 62.546288]}, "properties": {"time": "2025-10-21T07:08:01Z", "sog": 6.6, "cog": 204.7, "heading": 511, "status": "Under maskin"}}, {"type": "Feature", "geometry": {"type": "Point", "coordinates": [6.164568, 62.545528]}, "properties": {"time": "2025-10-21T07:08:31Z", "sog": 6.5, "cog": 205.9, "heading": 511, "status": "Under maskin"}}, {"type": "Feature", "geometry": {"type": "Point", "coordinates": [6.16373, 62.544697]}, "properties": {"time": "2025-10-21T07:09:01Z", "sog": 6.4, "cog": 201.6, "heading": 511, "status": "Under maskin"}}, {"type": "Feature", "geometry": {"type": "Point", "coordinates": [6.16304, 62.543858]}, "properties": {"time": "2025-10-21T07:09:31Z", "sog": 6.4, "cog": 201.0, "heading": 511, "status": "Under maskin"}}, {"type": "Feature", "geometry": {"type": "Point", "coordinates": [6.162345, 62.543041]}, "properties": {"time": "2025-10-21T07:09:59Z", "sog": 6.7, "cog": 201.9, "heading": 511, "status": "Under maskin"}}, {"type": "Feature", "geometry": {"type": "Point", "coordinates": [6.161597, 62.542171]}, "properties": {"time": "2025-10-21T07:10:31Z", "sog": 6.5, "cog": 201.4, "heading": 511, "status": "Under maskin"}}, {"type": "Feature", "geometry": {"type": "Point", "coordinates": [6.16094, 62.541389]}, "properties": {"time": "2025-10-21T07:10:59Z", "sog": 6.4, "cog": 199.7, "heading": 511, "status": "Under maskin"}}, {"type": "Feature", "geometry": {"type": "Point", "coordinates": [6.160223, 62.540482]}, "properties": {"time": "2025-10-21T07:11:31Z", "sog": 6.4, "cog": 200.0, "heading": 511, "status": "Under maskin"}}, {"type": "Feature", "geometry": {"type": "Point", "coordinates": [6.15957, 62.539665]}, "properties": {"time": "2025-10-21T07:11:59Z", "sog": 6.5, "cog": 199.3, "heading": 511, "status": "Under maskin"}}, {"type": "Feature", "geometry": {"type": "Point", "coordinates": [6.158896, 62.538822]}, "properties": {"time": "2025-10-21T07:12:29Z", "sog": 6.5, "cog": 200.7, "heading": 511, "status": "Under maskin"}}, {"type": "Feature", "geometry": {"type": "Point", "coordinates": [6.158216, 62.53801]}, "properties": {"time": "2025-10-21T07:12:59Z", "sog": 6.5, "cog": 200.5, "heading": 511, "status": "Under maskin"}}, {"type": "Feature", "geometry": {"type": "Point", "coordinates": [6.157513, 62.53717]}, "properties": {"time": "2025-10-21T07:13:29Z", "sog": 6.4, "cog": 200.2, "heading": 511, "status": "Under maskin"}}, {"type": "Feature", "geometry": {"type": "Point", "coordinates": [6.156832, 62.536335]}, "properties": {"time": "2025-10-21T07:13:59Z", "sog": 6.5, "cog": 201.3, "heading": 511, "status": "Under maskin"}}, {"type": "Feature", "geometry": {"type": "Point", "coordinates": [6.156152, 62.535503]}, "properties": {"time": "2025-10-21T07:14:29Z", "sog": 6.4, "cog": 198.6, "heading": 511, "status": "Under maskin"}}, {"type": "Feature", "geometry": {"type": "Point", "coordinates": [6.155519, 62.53463]}, "properties": {"time": "2025-10-21T07:14:59Z", "sog": 6.4, "cog": 198.0, "heading": 511, "status": "Under maskin"}}, {"type": "Feature", "geometry": {"type": "Point", "coordinates": [6.154935, 62.533791]}, "properties": {"time": "2025-10-21T07:15:29Z", "sog": 6.4, "cog": 197.5, "heading": 511, "status": "Under maskin"}}, {"type": "Feature", "geometry": {"type": "Point", "coordinates": [6.154412, 62.53297]}, "properties": {"time": "2025-10-21T07:15:59Z", "sog": 6.4, "cog": 195.3, "heading": 511, "status": "Under maskin"}}, {"type": "Feature", "geometry": {"type": "Point", "coordinates": [6.153875, 62.53212]}, "properties": {"time": "2025-10-21T07:16:29Z", "sog": 6.4, "cog": 195.8, "heading": 511, "status": "Under maskin"}}, {"type": "Feature", "geometry": {"type": "Point", "coordinates": [6.153343, 62.531212]}, "properties": {"time": "2025-10-21T07:17:01Z", "sog": 6.3, "cog": 194.6, "heading": 511, "status": "Under maskin"}}, {"type": "Feature", "geometry": {"type": "Point", "coordinates": [6.15291, 62.530418]}, "properties": {"time": "2025-10-21T07:17:29Z", "sog": 6.3, "cog": 193.8, "heading": 511, "status": "Under maskin"}}, {"type": "Feature", "geometry": {"type": "Point", "coordinates": [6.152447, 62.529507]}, "properties": {"time": "2025-10-21T07:18:01Z", "sog": 6.4, "cog": 191.9, "heading": 511, "status": "Under maskin"}}, {"type": "Feature", "geometry": {"type": "Point", "coordinates": [6.152112, 62.528706]}, "properties": {"time": "2025-10-21T07:18:29Z", "sog": 6.3, "cog": 190.2, "heading": 511, "status": "Under maskin"}}, {"type": "Feature", "geometry": {"type": "Point", "coordinates": [6.15174, 62.527782]}, "properties": {"time": "2025-10-21T07:19:01Z", "sog": 6.4, "cog": 190.3, "heading": 511, "status": "Under maskin"}}, {"type": "Feature", "geometry": {"type": "Point", "coordinates": [6.151398, 62.52697]}, "properties": {"time": "2025-10-21T07:19:29Z", "sog": 6.3, "cog": 190.1, "heading": 511, "status": "Under maskin"}}, {"type": "Feature", "geometry": {"type": "Point", "coordinates": [6.151023, 62.526047]}, "properties": {"time": "2025-10-21T07:20:01Z", "sog": 6.4, "cog": 189.7, "heading": 511, "status": "Under maskin"}}, {"type": "Feature", "geometry": {"type": "Point", "coordinates": [6.150695, 62.525238]}, "properties": {"time": "2025-10-21T07:20:29Z", "sog": 6.4, "cog": 191.5, "heading": 511, "status": "Under maskin"}}, {"type": "Feature", "geometry": {"type": "Point", "coordinates": [6.150333, 62.524376]}, "properties": {"time": "2025-10-21T07:20:59Z", "sog": 6.3, "cog": 190.6, "heading": 511, "status": "Under maskin"}}, {"type": "Feature", "geometry": {"type": "Point", "coordinates": [6.149995, 62.52351]}, "properties": {"time": "2025-10-21T07:21:29Z", "sog": 6.3, "cog": 190.4, "heading": 511, "status": "Under maskin"}}, {"type": "Feature", "geometry": {"type": "Point", "coordinates": [6.149638, 62.522644]}, "properties": {"time": "2025-10-21T07:21:59Z", "sog": 6.4, "cog": 190.8, "heading": 511, "status": "Under maskin"}}, {"type": "Feature", "geometry": {"type": "Point", "coordinates": [6.149253, 62.521778]}, "properties": {"time": "2025-10-21T07:22:29Z", "sog": 6.4, "cog": 191.0, "heading": 511, "status": "Under maskin"}}, {"type": "Feature", "geometry": {"type": "Point", "coordinates": [6.148897, 62.520916]}, "properties": {"time": "2025-10-21T07:22:59Z", "sog": 6.4, "cog": 190.6, "heading": 511, "status": "Under maskin"}}, {"type": "Feature", "geometry": {"type": "Point", "coordinates": [6.148507, 62.519962]}, "properties": {"time": "2025-10-21T07:23:32Z", "sog": 6.4, "cog": 190.2, "heading": 511, "status": "Under maskin"}}, {"type": "Feature", "geometry": {"type": "Point", "coordinates": [6.1482, 62.51918]}, "properties": {"time": "2025-10-21T07:23:59Z", "sog": 6.3, "cog": 190.5, "heading": 511, "status": "Under maskin"}}, {"type": "Feature", "geometry": {"type": "Point", "coordinates": [6.147815, 62.518196]}, "properties": {"time": "2025-10-21T07:24:32Z", "sog": 6.4, "cog": 190.2, "heading": 511, "status": "Under maskin"}}, {"type": "Feature", "geometry": {"type": "Point", "coordinates": [6.147467, 62.517357]}, "properties": {"time": "2025-10-21T07:25:01Z", "sog": 6.4, "cog": 191.1, "heading": 511, "status": "Under maskin"}}, {"type": "Feature", "geometry": {"type": "Point", "coordinates": [6.147079, 62.516457]}, "properties": {"time": "2025-10-21T07:25:32Z", "sog": 6.4, "cog": 191.8, "heading": 511, "status": "Under maskin"}}, {"type": "Feature", "geometry": {"type": "Point", "coordinates": [6.146648, 62.515663]}, "properties": {"time": "2025-10-21T07:26:01Z", "sog": 6.3, "cog": 199.5, "heading": 511, "status": "Under maskin"}}, {"type": "Feature", "geometry": {"type": "Point", "coordinates": [6.145916, 62.514812]}, "properties": {"time": "2025-10-21T07:26:32Z", "sog": 6.3, "cog": 203.9, "heading": 511, "status": "Under maskin"}}, {"type": "Feature", "geometry": {"type": "Point", "coordinates": [6.145155, 62.514038]}, "properties": {"time": "2025-10-21T07:27:01Z", "sog": 6.4, "cog": 204.7, "heading": 511, "status": "Under maskin"}}, {"type": "Feature", "geometry": {"type": "Point", "coordinates": [6.144303, 62.513184]}, "properties": {"time": "2025-10-21T07:27:32Z", "sog": 6.3, "cog": 205.0, "heading": 511, "status": "Under maskin"}}, {"type": "Feature", "geometry": {"type": "Point", "coordinates": [6.143495, 62.512413]}, "properties": {"time": "2025-10-21T07:28:01Z", "sog": 6.4, "cog": 205.2, "heading": 511, "status": "Under maskin"}}, {"type": "Feature", "geometry": {"type": "Point", "coordinates": [6.14267, 62.511581]}, "properties": {"time": "2025-10-21T07:28:32Z", "sog": 6.4, "cog": 204.7, "heading": 511, "status": "Under maskin"}}, {"type": "Feature", "geometry": {"type": "Point", "coordinates": [6.142113, 62.510815]}, "properties": {"time": "2025-10-21T07:29:01Z", "sog": 6.3, "cog": 192.1, "heading": 511, "status": "Under maskin"}}, {"type": "Feature", "geometry": {"type": "Point", "coordinates": [6.141847, 62.509903]}, "properties": {"time": "2025-10-21T07:29:32Z", "sog": 6.5, "cog": 187.3, "heading": 511, "status": "Under maskin"}}, {"type": "Feature", "geometry": {"type": "Point", "coordinates": [6.141648, 62.509064]}, "properties": {"time": "2025-10-21T07:30:00Z", "sog": 6.6, "cog": 184.6, "heading": 511, "status": "Under maskin"}}, {"type": "Feature", "geometry": {"type": "Point", "coordinates": [6.141521, 62.508099]}, "properties": {"time": "2025-10-21T07:30:32Z", "sog": 6.6, "cog": 181.7, "heading": 511, "status": "Under maskin"}}, {"type": "Feature", "geometry": {"type": "Point", "coordinates": [6.14148, 62.50721]}, "properties": {"time": "2025-10-21T07:31:00Z", "sog": 6.6, "cog": 180.1, "heading": 511, "status": "Under maskin"}}, {"type": "Feature", "geometry": {"type": "Point", "coordinates": [6.141495, 62.506218]}, "properties": {"time": "2025-10-21T07:31:32Z", "sog": 6.7, "cog": 179.3, "heading": 511, "status": "Under maskin"}}, {"type": "Feature", "geometry": {"type": "Point", "coordinates": [6.141515, 62.505375]}, "properties": {"time": "2025-10-21T07:32:00Z", "sog": 6.8, "cog": 179.1, "heading": 511, "status": "Under maskin"}}, {"type": "Feature", "geometry": {"type": "Point", "coordinates": [6.141511, 62.504375]}, "properties": {"time": "2025-10-21T07:32:32Z", "sog": 6.7, "cog": 179.6, "heading": 511, "status": "Under maskin"}}, {"type": "Feature", "geometry": {"type": "Point", "coordinates": [6.141535, 62.503521]}, "properties": {"time": "2025-10-21T07:33:00Z", "sog": 6.2, "cog": 179.3, "heading": 511, "status": "Under maskin"}}, {"type": "Feature", "geometry": {"type": "Point", "coordinates": [6.14156, 62.502621]}, "properties": {"time": "2025-10-21T07:33:32Z", "sog": 6.3, "cog": 176.6, "heading": 511, "status": "Under maskin"}}, {"type": "Feature", "geometry": {"type": "Point", "coordinates": [6.141615, 62.501755]}, "properties": {"time": "2025-10-21T07:34:00Z", "sog": 6.6, "cog": 179.3, "heading": 511, "status": "Under maskin"}}, {"type": "Feature", "geometry": {"type": "Point", "coordinates": [6.141435, 62.500778]}, "properties": {"time": "2025-10-21T07:34:32Z", "sog": 6.6, "cog": 195.0, "heading": 511, "status": "Under maskin"}}, {"type": "Feature", "geometry": {"type": "Point", "coordinates": [6.140803, 62.500008]}, "properties": {"time": "2025-10-21T07:35:00Z", "sog": 6.5, "cog": 202.5, "heading": 511, "status": "Under maskin"}}, {"type": "Feature", "geometry": {"type": "Point", "coordinates": [6.139965, 62.499104]}, "properties": {"time": "2025-10-21T07:35:32Z", "sog": 6.8, "cog": 203.7, "heading": 511, "status": "Under maskin"}}, {"type": "Feature", "geometry": {"type": "Point", "coordinates": [6.139047, 62.498348]}, "properties": {"time": "2025-10-21T07:36:00Z", "sog": 6.7, "cog": 214.3, "heading": 511, "status": "Under maskin"}}, {"type": "Feature", "geometry": {"type": "Point", "coordinates": [6.137878, 62.497532]}, "properties": {"time": "2025-10-21T07:36:32Z", "sog": 6.6, "cog": 215.9, "heading": 511, "status": "Under maskin"}}, {"type": "Feature", "geometry": {"type": "Point", "coordinates": [6.136663, 62.496834]}, "properties": {"time": "2025-10-21T07:37:02Z", "sog": 6.4, "cog": 219.3, "heading": 511, "status": "Under maskin"}}, {"type": "Feature", "geometry": {"type": "Point", "coordinates": [6.135448, 62.496143]}, "properties": {"time": "2025-10-21T07:37:32Z", "sog": 6.4, "cog": 218.5, "heading": 511, "status": "Under maskin"}}, {"type": "Feature", "geometry": {"type": "Point", "coordinates": [6.134312, 62.49548]}, "properties": {"time": "2025-10-21T07:38:02Z", "sog": 6.2, "cog": 218.5, "heading": 511, "status": "Under maskin"}}, {"type": "Feature", "geometry": {"type": "Point", "coordinates": [6.133152, 62.494785]}, "properties": {"time": "2025-10-21T07:38:32Z", "sog": 6.0, "cog": 221.3, "heading": 511, "status": "Under maskin"}}, {"type": "Feature", "geometry": {"type": "Point", "coordinates": [6.131866, 62.494228]}, "properties": {"time": "2025-10-21T07:39:02Z", "sog": 5.9, "cog": 229.5, "heading": 511, "status": "Under maskin"}}, {"type": "Feature", "geometry": {"type": "Point", "coordinates": [6.130505, 62.49374]}, "properties": {"time": "2025-10-21T07:39:32Z", "sog": 5.7, "cog": 233.4, "heading": 511, "status": "Under maskin"}}, {"type": "Feature", "geometry": {"type": "Point", "coordinates": [6.129187, 62.493267]}, "properties": {"time": "2025-10-21T07:40:02Z", "sog": 5.5, "cog": 233.2, "heading": 511, "status": "Under maskin"}}, {"type": "Feature", "geometry": {"type": "Point", "coordinates": [6.12789, 62.492802]}, "properties": {"time": "2025-10-21T07:40:32Z", "sog": 5.4, "cog": 232.4, "heading": 511, "status": "Under maskin"}}, {"type": "Feature", "geometry": {"type": "Point", "coordinates": [6.126574, 62.492329]}, "properties": {"time": "2025-10-21T07:41:02Z", "sog": 5.7, "cog": 232.5, "heading": 511, "status": "Under maskin"}}, {"type": "Feature", "geometry": {"type": "Point", "coordinates": [6.125154, 62.491837]}, "properties": {"time": "2025-10-21T07:41:32Z", "sog": 5.9, "cog": 233.8, "heading": 511, "status": "Under maskin"}}, {"type": "Feature", "geometry": {"type": "Point", "coordinates": [6.12374, 62.491364]}, "properties": {"time": "2025-10-21T07:42:01Z", "sog": 6.2, "cog": 234.0, "heading": 511, "status": "Under maskin"}}, {"type": "Feature", "geometry": {"type": "Point", "coordinates": [6.122267, 62.490875]}, "properties": {"time": "2025-10-21T07:42:31Z", "sog": 6.2, "cog": 235.1, "heading": 511, "status": "Under maskin"}}, {"type": "Feature", "geometry": {"type": "Point", "coordinates": [6.120763, 62.490383]}, "properties": {"time": "2025-10-21T07:43:01Z", "sog": 6.2, "cog": 234.7, "heading": 511, "status": "Under maskin"}}, {"type": "Feature", "geometry": {"type": "Point", "coordinates": [6.1192, 62.48988]}, "properties": {"time": "2025-10-21T07:43:31Z", "sog": 6.2, "cog": 235.1, "heading": 511, "status": "Under maskin"}}, {"type": "Feature", "geometry": {"type": "Point", "coordinates": [6.117707, 62.489388]}, "properties": {"time": "2025-10-21T07:44:01Z", "sog": 6.1, "cog": 234.2, "heading": 511, "status": "Under maskin"}}, {"type": "Feature", "geometry": {"type": "Point", "coordinates": [6.116215, 62.488899]}, "properties": {"time": "2025-10-21T07:44:31Z", "sog": 6.2, "cog": 235.6, "heading": 511, "status": "Under maskin"}}, {"type": "Feature", "geometry": {"type": "Point", "coordinates": [6.114779, 62.48843]}, "properties": {"time": "2025-10-21T07:45:01Z", "sog": 5.9, "cog": 235.1, "heading": 511, "status": "Under maskin"}}, {"type": "Feature", "geometry": {"type": "Point", "coordinates": [6.113298, 62.487949]}, "properties": {"time": "2025-10-21T07:45:31Z", "sog": 5.9, "cog": 234.1, "heading": 511, "status": "Under maskin"}}, {"type": "Feature", "geometry": {"type": "Point", "coordinates": [6.111868, 62.487442]}, "properties": {"time": "2025-10-21T07:46:01Z", "sog": 5.9, "cog": 233.7, "heading": 511, "status": "Under maskin"}}, {"type": "Feature", "geometry": {"type": "Point", "coordinates": [6.110408, 62.486942]}, "properties": {"time": "2025-10-21T07:46:31Z", "sog": 6.1, "cog": 234.1, "heading": 511, "status": "Under maskin"}}, {"type": "Feature", "geometry": {"type": "Point", "coordinates": [6.108863, 62.486439]}, "properties": {"time": "2025-10-21T07:47:01Z", "sog": 6.0, "cog": 235.9, "heading": 511, "status": "Under maskin"}}, {"type": "Feature", "geometry": {"type": "Point", "coordinates": [6.107355, 62.485958]}, "properties": {"time": "2025-10-21T07:47:31Z", "sog": 6.0, "cog": 235.4, "heading": 511, "status": "Under maskin"}}, {"type": "Feature", "geometry": {"type": "Point", "coordinates": [6.105878, 62.485477]}, "properties": {"time": "2025-10-21T07:48:01Z", "sog": 6.1, "cog": 233.4, "heading": 511, "status": "Under maskin"}}, {"type": "Feature", "geometry": {"type": "Point", "coordinates": [6.104365, 62.485001]}, "properties": {"time": "2025-10-21T07:48:31Z", "sog": 6.2, "cog": 235.8, "heading": 511, "status": "Under maskin"}}, {"type": "Feature", "geometry": {"type": "Point", "coordinates": [6.102915, 62.484562]}, "properties": {"time": "2025-10-21T07:49:00Z", "sog": 6.1, "cog": 237.2, "heading": 511, "status": "Under maskin"}}, {"type": "Feature", "geometry": {"type": "Point", "coordinates": [6.101388, 62.484097]}, "properties": {"time": "2025-10-21T07:49:31Z", "sog": 6.0, "cog": 236.0, "heading": 511, "status": "Under maskin"}}, {"type": "Feature", "geometry": {"type": "Point", "coordinates": [6.099916, 62.48365]}, "properties": {"time": "2025-10-21T07:50:00Z", "sog": 5.9, "cog": 236.7, "heading": 511, "status": "Under maskin"}}, {"type": "Feature", "geometry": {"type": "Point", "coordinates": [6.098536, 62.483231]}, "properties": {"time": "2025-10-21T07:50:29Z", "sog": 5.9, "cog": 236.6, "heading": 511, "status": "Under maskin"}}, {"type": "Feature", "geometry": {"type": "Point", "coordinates": [6.097032, 62.482769]}, "properties": {"time": "2025-10-21T07:51:00Z", "sog": 6.0, "cog": 236.6, "heading": 511, "status": "Under maskin"}}, {"type": "Feature", "geometry": {"type": "Point", "coordinates": [6.09561, 62.482342]}, "properties": {"time": "2025-10-21T07:51:29Z", "sog": 5.9, "cog": 237.8, "heading": 511, "status": "Under maskin"}}, {"type": "Feature", "geometry": {"type": "Point", "coordinates": [6.094092, 62.48188]}, "properties": {"time": "2025-10-21T07:52:00Z", "sog": 5.7, "cog": 235.7, "heading": 511, "status": "Under maskin"}}, {"type": "Feature", "geometry": {"type": "Point", "coordinates": [6.09264, 62.481419]}, "properties": {"time": "2025-10-21T07:52:29Z", "sog": 5.8, "cog": 235.9, "heading": 511, "status": "Under maskin"}}, {"type": "Feature", "geometry": {"type": "Point", "coordinates": [6.091166, 62.480972]}, "properties": {"time": "2025-10-21T07:52:59Z", "sog": 5.9, "cog": 237.1, "heading": 511, "status": "Under maskin"}}, {"type": "Feature", "geometry": {"type": "Point", "coordinates": [6.089735, 62.480553]}, "properties": {"time": "2025-10-21T07:53:29Z", "sog": 5.9, "cog": 237.6, "heading": 511, "status": "Under maskin"}}, {"type": "Feature", "geometry": {"type": "Point", "coordinates": [6.088247, 62.480125]}, "properties": {"time": "2025-10-21T07:53:59Z", "sog": 5.8, "cog": 238.3, "heading": 511, "status": "Under maskin"}}, {"type": "Feature", "geometry": {"type": "Point", "coordinates": [6.086757, 62.479702]}, "properties": {"time": "2025-10-21T07:54:29Z", "sog": 5.9, "cog": 236.8, "heading": 511, "status": "Under maskin"}}, {"type": "Feature", "geometry": {"type": "Point", "coordinates": [6.085265, 62.479233]}, "properties": {"time": "2025-10-21T07:54:59Z", "sog": 5.8, "cog": 235.6, "heading": 511, "status": "Under maskin"}}, {"type": "Feature", "geometry": {"type": "Point", "coordinates": [6.083813, 62.478786]}, "properties": {"time": "2025-10-21T07:55:29Z", "sog": 5.9, "cog": 236.9, "heading": 511, "status": "Under maskin"}}, {"type": "Feature", "geometry": {"type": "Point", "coordinates": [6.082433, 62.478359]}, "properties": {"time": "2025-10-21T07:55:59Z", "sog": 5.9, "cog": 234.9, "heading": 511, "status": "Under maskin"}}, {"type": "Feature", "geometry": {"type": "Point", "coordinates": [6.080995, 62.47789]}, "properties": {"time": "2025-10-21T07:56:29Z", "sog": 5.9, "cog": 235.3, "heading": 511, "status": "Under maskin"}}, {"type": "Feature", "geometry": {"type": "Point", "coordinates": [6.079487, 62.477406]}, "properties": {"time": "2025-10-21T07:56:59Z", "sog": 6.0, "cog": 234.9, "heading": 511, "status": "Under maskin"}}, {"type": "Feature", "geometry": {"type": "Point", "coordinates": [6.078053, 62.476955]}, "properties": {"time": "2025-10-21T07:57:29Z", "sog": 5.9, "cog": 235.6, "heading": 511, "status": "Under maskin"}}, {"type": "Feature", "geometry": {"type": "Point", "coordinates": [6.076522, 62.476479]}, "properties": {"time": "2025-10-21T07:57:59Z", "sog": 5.8, "cog": 235.7, "heading": 511, "status": "Under maskin"}}, {"type": "Feature", "geometry": {"type": "Point", "coordinates": [6.075027, 62.476025]}, "properties": {"time": "2025-10-21T07:58:29Z", "sog": 6.0, "cog": 235.7, "heading": 511, "status": "Under maskin"}}, {"type": "Feature", "geometry": {"type": "Point", "coordinates": [6.073588, 62.475578]}, "properties": {"time": "2025-10-21T07:58:59Z", "sog": 6.2, "cog": 237.3, "heading": 511, "status": "Under maskin"}}, {"type": "Feature", "geometry": {"type": "Point", "coordinates": [6.072107, 62.475113]}, "properties": {"time": "2025-10-21T07:59:29Z", "sog": 5.9, "cog": 235.4, "heading": 511, "status": "Under maskin"}}, {"type": "Feature", "geometry": {"type": "Point", "coordinates": [6.070587, 62.474617]}, "properties": {"time": "2025-10-21T07:59:59Z", "sog": 6.0, "cog": 236.7, "heading": 511, "status": "Under maskin"}}, {"type": "Feature", "geometry": {"type": "Point", "coordinates": [6.069123, 62.474144]}, "properties": {"time": "2025-10-21T08:00:29Z", "sog": 6.0, "cog": 234.5, "heading": 511, "status": "Under maskin"}}, {"type": "Feature", "geometry": {"type": "Point", "coordinates": [6.067683, 62.473663]}, "properties": {"time": "2025-10-21T08:01:00Z", "sog": 5.9, "cog": 233.6, "heading": 511, "status": "Under maskin"}}, {"type": "Feature", "geometry": {"type": "Point", "coordinates": [6.066288, 62.473202]}, "properties": {"time": "2025-10-21T08:01:29Z", "sog": 6.0, "cog": 234.7, "heading": 511, "status": "Under maskin"}}, {"type": "Feature", "geometry": {"type": "Point", "coordinates": [6.064857, 62.472713]}, "properties": {"time": "2025-10-21T08:02:00Z", "sog": 5.9, "cog": 234.4, "heading": 511, "status": "Under maskin"}}, {"type": "Feature", "geometry": {"type": "Point", "coordinates": [6.063402, 62.472237]}, "properties": {"time": "2025-10-21T08:02:29Z", "sog": 6.0, "cog": 236.1, "heading": 511, "status": "Under maskin"}}, {"type": "Feature", "geometry": {"type": "Point", "coordinates": [6.061945, 62.471733]}, "properties": {"time": "2025-10-21T08:03:00Z", "sog": 5.7, "cog": 229.2, "heading": 511, "status": "Under maskin"}}, {"type": "Feature", "geometry": {"type": "Point", "coordinates": [6.06062, 62.471207]}, "properties": {"time": "2025-10-21T08:03:29Z", "sog": 5.8, "cog": 229.2, "heading": 511, "status": "Under maskin"}}, {"type": "Feature", "geometry": {"type": "Point", "coordinates": [6.059305, 62.470676]}, "properties": {"time": "2025-10-21T08:04:00Z", "sog": 5.9, "cog": 228.7, "heading": 511, "status": "Under maskin"}}, {"type": "Feature", "geometry": {"type": "Point", "coordinates": [6.05799, 62.470146]}, "properties": {"time": "2025-10-21T08:04:29Z", "sog": 5.8, "cog": 229.5, "heading": 511, "status": "Under maskin"}}, {"type": "Feature", "geometry": {"type": "Point", "coordinates": [6.056704, 62.469635]}, "properties": {"time": "2025-10-21T08:05:00Z", "sog": 5.9, "cog": 228.9, "heading": 511, "status": "Under maskin"}}, {"type": "Feature", "geometry": {"type": "Point", "coordinates": [6.055373, 62.469112]}, "properties": {"time": "2025-10-21T08:05:29Z", "sog": 5.7, "cog": 229.9, "heading": 511, "status": "Under maskin"}}, {"type": "Feature", "geometry": {"type": "Point", "coordinates": [6.054025, 62.468563]}, "properties": {"time": "2025-10-21T08:06:00Z", "sog": 5.9, "cog": 227.8, "heading": 511, "status": "Under maskin"}}, {"type": "Feature", "geometry": {"type": "Point", "coordinates": [6.052715, 62.468029]}, "properties": {"time": "2025-10-21T08:06:29Z", "sog": 5.8, "cog": 228.4, "heading": 511, "status": "Under maskin"}}, {"type": "Feature", "geometry": {"type": "Point", "coordinates": [6.051353, 62.467472]}, "properties": {"time": "2025-10-21T08:07:01Z", "sog": 6.0, "cog": 229.1, "heading": 511, "status": "Under maskin"}}, {"type": "Feature", "geometry": {"type": "Point", "coordinates": [6.050075, 62.466957]}, "properties": {"time": "2025-10-21T08:07:29Z", "sog": 5.9, "cog": 228.9, "heading": 511, "status": "Under maskin"}}, {"type": "Feature", "geometry": {"type": "Point", "coordinates": [6.04867, 62.466362]}, "properties": {"time": "2025-10-21T08:08:01Z", "sog": 6.1, "cog": 226.6, "heading": 511, "status": "Under maskin"}}, {"type": "Feature", "geometry": {"type": "Point", "coordinates": [6.04749, 62.465862]}, "properties": {"time": "2025-10-21T08:08:29Z", "sog": 6.0, "cog": 227.7, "heading": 511, "status": "Under maskin"}}, {"type": "Feature", "geometry": {"type": "Point", "coordinates": [6.046122, 62.465286]}, "properties": {"time": "2025-10-21T08:09:01Z", "sog": 5.7, "cog": 228.1, "heading": 511, "status": "Under maskin"}}, {"type": "Feature", "geometry": {"type": "Point", "coordinates": [6.044875, 62.464767]}, "properties": {"time": "2025-10-21T08:09:29Z", "sog": 5.8, "cog": 228.6, "heading": 511, "status": "Under maskin"}}, {"type": "Feature", "geometry": {"type": "Point", "coordinates": [6.043533, 62.464211]}, "properties": {"time": "2025-10-21T08:10:01Z", "sog": 5.8, "cog": 226.3, "heading": 511, "status": "Under maskin"}}, {"type": "Feature", "geometry": {"type": "Point", "coordinates": [6.042288, 62.463688]}, "properties": {"time": "2025-10-21T08:10:29Z", "sog": 5.7, "cog": 227.9, "heading": 511, "status": "Under maskin"}}, {"type": "Feature", "geometry": {"type": "Point", "coordinates": [6.040936, 62.463146]}, "properties": {"time": "2025-10-21T08:11:01Z", "sog": 5.8, "cog": 233.6, "heading": 511, "status": "Under maskin"}}, {"type": "Feature", "geometry": {"type": "Point", "coordinates": [6.039533, 62.462715]}, "properties": {"time": "2025-10-21T08:11:29Z", "sog": 5.9, "cog": 234.9, "heading": 511, "status": "Under maskin"}}, {"type": "Feature", "geometry": {"type": "Point", "coordinates": [6.038022, 62.462223]}, "properties": {"time": "2025-10-21T08:12:01Z", "sog": 5.8, "cog": 235.0, "heading": 511, "status": "Under maskin"}}, {"type": "Feature", "geometry": {"type": "Point", "coordinates": [6.036627, 62.46175]}, "properties": {"time": "2025-10-21T08:12:30Z", "sog": 5.6, "cog": 234.0, "heading": 511, "status": "Under maskin"}}, {"type": "Feature", "geometry": {"type": "Point", "coordinates": [6.035025, 62.461346]}, "properties": {"time": "2025-10-21T08:13:01Z", "sog": 6.2, "cog": 240.1, "heading": 511, "status": "Under maskin"}}, {"type": "Feature", "geometry": {"type": "Point", "coordinates": [6.033502, 62.460945]}, "properties": {"time": "2025-10-21T08:13:30Z", "sog": 6.0, "cog": 238.8, "heading": 511, "status": "Under maskin"}}, {"type": "Feature", "geometry": {"type": "Point", "coordinates": [6.031806, 62.460506]}, "properties": {"time": "2025-10-21T08:14:01Z", "sog": 6.0, "cog": 240.8, "heading": 511, "status": "Under maskin"}}, {"type": "Feature", "geometry": {"type": "Point", "coordinates": [6.030273, 62.460129]}, "properties": {"time": "2025-10-21T08:14:30Z", "sog": 6.3, "cog": 243.1, "heading": 511, "status": "Under maskin"}}, {"type": "Feature", "geometry": {"type": "Point", "coordinates": [6.02854, 62.459736]}, "properties": {"time": "2025-10-21T08:15:01Z", "sog": 6.2, "cog": 242.7, "heading": 511, "status": "Under maskin"}}, {"type": "Feature", "geometry": {"type": "Point", "coordinates": [6.026903, 62.459373]}, "properties": {"time": "2025-10-21T08:15:30Z", "sog": 6.2, "cog": 244.6, "heading": 511, "status": "Under maskin"}}, {"type": "Feature", "geometry": {"type": "Point", "coordinates": [6.025125, 62.459]}, "properties": {"time": "2025-10-21T08:16:01Z", "sog": 6.5, "cog": 247.2, "heading": 511, "status": "Under maskin"}}, {"type": "Feature", "geometry": {"type": "Point", "coordinates": [6.023392, 62.458664]}, "properties": {"time": "2025-10-21T08:16:30Z", "sog": 6.3, "cog": 246.5, "heading": 511, "status": "Under maskin"}}, {"type": "Feature", "geometry": {"type": "Point", "coordinates": [6.021574, 62.458321]}, "properties": {"time": "2025-10-21T08:17:01Z", "sog": 6.3, "cog": 247.7, "heading": 511, "status": "Under maskin"}}, {"type": "Feature", "geometry": {"type": "Point", "coordinates": [6.01995, 62.458015]}, "properties": {"time": "2025-10-21T08:17:30Z", "sog": 6.1, "cog": 248.3, "heading": 511, "status": "Under maskin"}}, {"type": "Feature", "geometry": {"type": "Point", "coordinates": [6.01816, 62.45768]}, "properties": {"time": "2025-10-21T08:18:01Z", "sog": 6.2, "cog": 247.8, "heading": 511, "status": "Under maskin"}}, {"type": "Feature", "geometry": {"type": "Point", "coordinates": [6.016475, 62.457363]}, "properties": {"time": "2025-10-21T08:18:30Z", "sog": 6.0, "cog": 248.0, "heading": 511, "status": "Under maskin"}}, {"type": "Feature", "geometry": {"type": "Point", "coordinates": [6.014667, 62.457031]}, "properties": {"time": "2025-10-21T08:19:01Z", "sog": 6.2, "cog": 248.7, "heading": 511, "status": "Under maskin"}}, {"type": "Feature", "geometry": {"type": "Point", "coordinates": [6.012913, 62.456703]}, "properties": {"time": "2025-10-21T08:19:30Z", "sog": 6.4, "cog": 247.6, "heading": 511, "status": "Under maskin"}}, {"type": "Feature", "geometry": {"type": "Point", "coordinates": [6.011125, 62.456371]}, "properties": {"time": "2025-10-21T08:20:01Z", "sog": 6.4, "cog": 247.8, "heading": 511, "status": "Under maskin"}}, {"type": "Feature", "geometry": {"type": "Point", "coordinates": [6.009375, 62.456051]}, "properties": {"time": "2025-10-21T08:20:30Z", "sog": 6.3, "cog": 247.4, "heading": 511, "status": "Under maskin"}}, {"type": "Feature", "geometry": {"type": "Point", "coordinates": [6.007504, 62.455715]}, "properties": {"time": "2025-10-21T08:21:01Z", "sog": 6.1, "cog": 247.9, "heading": 511, "status": "Under maskin"}}, {"type": "Feature", "geometry": {"type": "Point", "coordinates": [6.00581, 62.45541]}, "properties": {"time": "2025-10-21T08:21:29Z", "sog": 6.6, "cog": 248.9, "heading": 511, "status": "Under maskin"}}, {"type": "Feature", "geometry": {"type": "Point", "coordinates": [6.00391, 62.455059]}, "properties": {"time": "2025-10-21T08:22:01Z", "sog": 6.5, "cog": 249.0, "heading": 511, "status": "Under maskin"}}, {"type": "Feature", "geometry": {"type": "Point", "coordinates": [6.002292, 62.454773]}, "properties": {"time": "2025-10-21T08:22:29Z", "sog": 6.5, "cog": 249.8, "heading": 511, "status": "Under maskin"}}, {"type": "Feature", "geometry": {"type": "Point", "coordinates": [6.000323, 62.454422]}, "properties": {"time": "2025-10-21T08:23:01Z", "sog": 6.8, "cog": 248.0, "heading": 511, "status": "Under maskin"}}, {"type": "Feature", "geometry": {"type": "Point", "coordinates": [5.998631, 62.454121]}, "properties": {"time": "2025-10-21T08:23:29Z", "sog": 6.6, "cog": 249.2, "heading": 511, "status": "Under maskin"}}, {"type": "Feature", "geometry": {"type": "Point", "coordinates": [5.99669, 62.453781]}, "properties": {"time": "2025-10-21T08:24:01Z", "sog": 6.3, "cog": 249.4, "heading": 511, "status": "Under maskin"}}, {"type": "Feature", "geometry": {"type": "Point", "coordinates": [5.994993, 62.45348]}, "properties": {"time": "2025-10-21T08:24:29Z", "sog": 6.8, "cog": 248.1, "heading": 511, "status": "Under maskin"}}, {"type": "Feature", "geometry": {"type": "Point", "coordinates": [5.992953, 62.453117]}, "properties": {"time": "2025-10-21T08:25:02Z", "sog": 6.8, "cog": 248.6, "heading": 511, "status": "Under maskin"}}, {"type": "Feature", "geometry": {"type": "Point", "coordinates": [5.991292, 62.45282]}, "properties": {"time": "2025-10-21T08:25:29Z", "sog": 6.8, "cog": 249.1, "heading": 511, "status": "Under maskin"}}, {"type": "Feature", "geometry": {"type": "Point", "coordinates": [5.989247, 62.452457]}, "properties": {"time": "2025-10-21T08:26:02Z", "sog": 6.6, "cog": 249.8, "heading": 511, "status": "Under maskin"}}, {"type": "Feature", "geometry": {"type": "Point", "coordinates": [5.987597, 62.452152]}, "properties": {"time": "2025-10-21T08:26:29Z", "sog": 6.1, "cog": 246.9, "heading": 511, "status": "Under maskin"}}, {"type": "Feature", "geometry": {"type": "Point", "coordinates": [5.985585, 62.451782]}, "properties": {"time": "2025-10-21T08:27:02Z", "sog": 6.8, "cog": 247.2, "heading": 511, "status": "Under maskin"}}, {"type": "Feature", "geometry": {"type": "Point", "coordinates": [5.983748, 62.451454]}, "properties": {"time": "2025-10-21T08:27:31Z", "sog": 6.7, "cog": 248.5, "heading": 511, "status": "Under maskin"}}, {"type": "Feature", "geometry": {"type": "Point", "coordinates": [5.981853, 62.451107]}, "properties": {"time": "2025-10-21T08:28:02Z", "sog": 6.7, "cog": 246.5, "heading": 511, "status": "Under maskin"}}, {"type": "Feature", "geometry": {"type": "Point", "coordinates": [5.980117, 62.450787]}, "properties": {"time": "2025-10-21T08:28:31Z", "sog": 6.8, "cog": 247.4, "heading": 511, "status": "Under maskin"}}, {"type": "Feature", "geometry": {"type": "Point", "coordinates": [5.978163, 62.450409]}, "properties": {"time": "2025-10-21T08:29:02Z", "sog": 7.0, "cog": 246.2, "heading": 511, "status": "Under maskin"}}, {"type": "Feature", "geometry": {"type": "Point", "coordinates": [5.976355, 62.450066]}, "properties": {"time": "2025-10-21T08:29:31Z", "sog": 6.7, "cog": 249.2, "heading": 511, "status": "Under maskin"}}, {"type": "Feature", "geometry": {"type": "Point", "coordinates": [5.974395, 62.449692]}, "properties": {"time": "2025-10-21T08:30:01Z", "sog": 7.0, "cog": 249.7, "heading": 511, "status": "Under maskin"}}, {"type": "Feature", "geometry": {"type": "Point", "coordinates": [5.972483, 62.449333]}, "properties": {"time": "2025-10-21T08:30:31Z", "sog": 6.9, "cog": 248.2, "heading": 511, "status": "Under maskin"}}, {"type": "Feature", "geometry": {"type": "Point", "coordinates": [5.970655, 62.448971]}, "properties": {"time": "2025-10-21T08:31:01Z", "sog": 7.0, "cog": 249.3, "heading": 511, "status": "Under maskin"}}, {"type": "Feature", "geometry": {"type": "Point", "coordinates": [5.968747, 62.448597]}, "properties": {"time": "2025-10-21T08:31:31Z", "sog": 7.1, "cog": 246.1, "heading": 511, "status": "Under maskin"}}, {"type": "Feature", "geometry": {"type": "Point", "coordinates": [5.966826, 62.448215]}, "properties": {"time": "2025-10-21T08:32:01Z", "sog": 7.0, "cog": 245.0, "heading": 511, "status": "Under maskin"}}, {"type": "Feature", "geometry": {"type": "Point", "coordinates": [5.964913, 62.447834]}, "properties": {"time": "2025-10-21T08:32:31Z", "sog": 7.2, "cog": 247.6, "heading": 511, "status": "Under maskin"}}, {"type": "Feature", "geometry": {"type": "Point", "coordinates": [5.96299, 62.447449]}, "properties": {"time": "2025-10-21T08:33:01Z", "sog": 6.1, "cog": 248.6, "heading": 511, "status": "Under maskin"}}, {"type": "Feature", "geometry": {"type": "Point", "coordinates": [5.961174, 62.447079]}, "properties": {"time": "2025-10-21T08:33:32Z", "sog": 6.8, "cog": 246.3, "heading": 511, "status": "Under maskin"}}, {"type": "Feature", "geometry": {"type": "Point", "coordinates": [5.959512, 62.446735]}, "properties": {"time": "2025-10-21T08:34:01Z", "sog": 6.3, "cog": 240.8, "heading": 511, "status": "Under maskin"}}, {"type": "Feature", "geometry": {"type": "Point", "coordinates": [5.957638, 62.44635]}, "properties": {"time": "2025-10-21T08:34:32Z", "sog": 6.2, "cog": 245.5, "heading": 511, "status": "Under maskin"}}, {"type": "Feature", "geometry": {"type": "Point", "coordinates": [5.955983, 62.446007]}, "properties": {"time": "2025-10-21T08:34:59Z", "sog": 7.3, "cog": 247.6, "heading": 511, "status": "Under maskin"}}, {"type": "Feature", "geometry": {"type": "Point", "coordinates": [5.953872, 62.445591]}, "properties": {"time": "2025-10-21T08:35:32Z", "sog": 7.0, "cog": 247.1, "heading": 511, "status": "Under maskin"}}, {"type": "Feature", "geometry": {"type": "Point", "coordinates": [5.952085, 62.445236]}, "properties": {"time": "2025-10-21T08:35:59Z", "sog": 7.1, "cog": 247.8, "heading": 511, "status": "Under maskin"}}, {"type": "Feature", "geometry": {"type": "Point", "coordinates": [5.95, 62.444813]}, "properties": {"time": "2025-10-21T08:36:32Z", "sog": 7.2, "cog": 245.0, "heading": 511, "status": "Under maskin"}}, {"type": "Feature", "geometry": {"type": "Point", "coordinates": [5.948333, 62.444477]}, "properties": {"time": "2025-10-21T08:36:59Z", "sog": 7.0, "cog": 242.3, "heading": 511, "status": "Under maskin"}}, {"type": "Feature", "geometry": {"type": "Point", "coordinates": [5.946213, 62.444054]}, "properties": {"time": "2025-10-21T08:37:32Z", "sog": 7.1, "cog": 245.5, "heading": 511, "status": "Under maskin"}}, {"type": "Feature", "geometry": {"type": "Point", "coordinates": [5.94446, 62.443699]}, "properties": {"time": "2025-10-21T08:37:59Z", "sog": 6.7, "cog": 245.2, "heading": 511, "status": "Under maskin"}}, {"type": "Feature", "geometry": {"type": "Point", "coordinates": [5.942492, 62.443302]}, "properties": {"time": "2025-10-21T08:38:31Z", "sog": 7.0, "cog": 246.7, "heading": 511, "status": "Under maskin"}}, {"type": "Feature", "geometry": {"type": "Point", "coordinates": [5.9406, 62.442944]}, "properties": {"time": "2025-10-21T08:38:59Z", "sog": 6.7, "cog": 245.5, "heading": 511, "status": "Under maskin"}}, {"type": "Feature", "geometry": {"type": "Point", "coordinates": [5.938547, 62.442558]}, "properties": {"time": "2025-10-21T08:39:31Z", "sog": 7.2, "cog": 248.3, "heading": 511, "status": "Under maskin"}}, {"type": "Feature", "geometry": {"type": "Point", "coordinates": [5.936875, 62.442238]}, "properties": {"time": "2025-10-21T08:39:59Z", "sog": 6.9, "cog": 247.5, "heading": 511, "status": "Under maskin"}}, {"type": "Feature", "geometry": {"type": "Point", "coordinates": [5.934885, 62.44186]}, "properties": {"time": "2025-10-21T08:40:31Z", "sog": 6.4, "cog": 248.3, "heading": 511, "status": "Under maskin"}}, {"type": "Feature", "geometry": {"type": "Point", "coordinates": [5.933145, 62.441532]}, "properties": {"time": "2025-10-21T08:40:59Z", "sog": 6.8, "cog": 247.5, "heading": 511, "status": "Under maskin"}}, {"type": "Feature", "geometry": {"type": "Point", "coordinates": [5.931167, 62.441147]}, "properties": {"time": "2025-10-21T08:41:31Z", "sog": 6.4, "cog": 251.4, "heading": 511, "status": "Under maskin"}}, {"type": "Feature", "geometry": {"type": "Point", "coordinates": [5.929382, 62.4408]}, "properties": {"time": "2025-10-21T08:41:59Z", "sog": 6.8, "cog": 245.8, "heading": 511, "status": "Under maskin"}}, {"type": "Feature", "geometry": {"type": "Point", "coordinates": [5.927367, 62.440434]}, "properties": {"time": "2025-10-21T08:42:31Z", "sog": 7.0, "cog": 248.1, "heading": 511, "status": "Under maskin"}}, {"type": "Feature", "geometry": {"type": "Point", "coordinates": [5.925667, 62.440117]}, "properties": {"time": "2025-10-21T08:42:59Z", "sog": 7.2, "cog": 249.4, "heading": 511, "status": "Under maskin"}}, {"type": "Feature", "geometry": {"type": "Point", "coordinates": [5.923673, 62.439739]}, "properties": {"time": "2025-10-21T08:43:31Z", "sog": 7.0, "cog": 248.6, "heading": 511, "status": "Under maskin"}}, {"type": "Feature", "geometry": {"type": "Point", "coordinates": [5.921886, 62.439396]}, "properties": {"time": "2025-10-21T08:43:59Z", "sog": 6.7, "cog": 251.9, "heading": 511, "status": "Under maskin"}}, {"type": "Feature", "geometry": {"type": "Point", "coordinates": [5.91998, 62.439037]}, "properties": {"time": "2025-10-21T08:44:31Z", "sog": 6.2, "cog": 247.0, "heading": 511, "status": "Under maskin"}}, {"type": "Feature", "geometry": {"type": "Point", "coordinates": [5.918215, 62.438705]}, "properties": {"time": "2025-10-21T08:44:59Z", "sog": 6.7, "cog": 250.3, "heading": 511, "status": "Under maskin"}}, {"type": "Feature", "geometry": {"type": "Point", "coordinates": [5.916312, 62.438332]}, "properties": {"time": "2025-10-21T08:45:31Z", "sog": 6.6, "cog": 250.0, "heading": 511, "status": "Under maskin"}}, {"type": "Feature", "geometry": {"type": "Point", "coordinates": [5.914613, 62.437984]}, "properties": {"time": "2025-10-21T08:45:59Z", "sog": 7.0, "cog": 245.9, "heading": 511, "status": "Under maskin"}}, {"type": "Feature", "geometry": {"type": "Point", "coordinates": [5.91271, 62.43758]}, "properties": {"time": "2025-10-21T08:46:31Z", "sog": 6.6, "cog": 245.2, "heading": 511, "status": "Under maskin"}}, {"type": "Feature", "geometry": {"type": "Point", "coordinates": [5.911057, 62.437218]}, "properties": {"time": "2025-10-21T08:46:59Z", "sog": 6.4, "cog": 237.6, "heading": 511, "status": "Under maskin"}}, {"type": "Feature", "geometry": {"type": "Point", "coordinates": [5.909285, 62.436787]}, "properties": {"time": "2025-10-21T08:47:31Z", "sog": 5.8, "cog": 236.7, "heading": 511, "status": "Under maskin"}}, {"type": "Feature", "geometry": {"type": "Point", "coordinates": [5.907856, 62.436352]}, "properties": {"time": "2025-10-21T08:47:59Z", "sog": 6.2, "cog": 233.5, "heading": 511, "status": "Under maskin"}}, {"type": "Feature", "geometry": {"type": "Point", "coordinates": [5.906227, 62.435833]}, "properties": {"time": "2025-10-21T08:48:31Z", "sog": 6.2, "cog": 235.7, "heading": 511, "status": "Under maskin"}}, {"type": "Feature", "geometry": {"type": "Point", "coordinates": [5.904783, 62.435394]}, "properties": {"time": "2025-10-21T08:48:59Z", "sog": 6.2, "cog": 231.9, "heading": 511, "status": "Under maskin"}}, {"type": "Feature", "geometry": {"type": "Point", "coordinates": [5.903128, 62.434868]}, "properties": {"time": "2025-10-21T08:49:31Z", "sog": 6.6, "cog": 229.8, "heading": 511, "status": "Under maskin"}}, {"type": "Feature", "geometry": {"type": "Point", "coordinates": [5.901677, 62.43438]}, "properties": {"time": "2025-10-21T08:49:59Z", "sog": 6.5, "cog": 234.8, "heading": 511, "status": "Under maskin"}}, {"type": "Feature", "geometry": {"type": "Point", "coordinates": [5.899981, 62.433826]}, "properties": {"time": "2025-10-21T08:50:31Z", "sog": 6.3, "cog": 229.6, "heading": 511, "status": "Under maskin"}}, {"type": "Feature", "geometry": {"type": "Point", "coordinates": [5.898602, 62.433388]}, "properties": {"time": "2025-10-21T08:50:59Z", "sog": 6.1, "cog": 232.9, "heading": 511, "status": "Under maskin"}}, {"type": "Feature", "geometry": {"type": "Point", "coordinates": [5.896917, 62.432846]}, "properties": {"time": "2025-10-21T08:51:32Z", "sog": 6.4, "cog": 234.4, "heading": 511, "status": "Under maskin"}}, {"type": "Feature", "geometry": {"type": "Point", "coordinates": [5.895556, 62.432392]}, "properties": {"time": "2025-10-21T08:51:59Z", "sog": 6.1, "cog": 239.1, "heading": 511, "status": "Under maskin"}}, {"type": "Feature", "geometry": {"type": "Point", "coordinates": [5.893873, 62.431828]}, "properties": {"time": "2025-10-21T08:52:32Z", "sog": 6.7, "cog": 231.4, "heading": 511, "status": "Under maskin"}}, {"type": "Feature", "geometry": {"type": "Point", "coordinates": [5.89232, 62.431332]}, "properties": {"time": "2025-10-21T08:53:00Z", "sog": 6.2, "cog": 237.1, "heading": 511, "status": "Under maskin"}}, {"type": "Feature", "geometry": {"type": "Point", "coordinates": [5.890717, 62.430794]}, "properties": {"time": "2025-10-21T08:53:32Z", "sog": 6.3, "cog": 235.7, "heading": 511, "status": "Under maskin"}}, {"type": "Feature", "geometry": {"type": "Point", "coordinates": [5.889238, 62.430325]}, "properties": {"time": "2025-10-21T08:54:00Z", "sog": 6.4, "cog": 237.5, "heading": 511, "status": "Under maskin"}}, {"type": "Feature", "geometry": {"type": "Point", "coordinates": [5.887589, 62.429756]}, "properties": {"time": "2025-10-21T08:54:32Z", "sog": 6.5, "cog": 237.4, "heading": 511, "status": "Under maskin"}}, {"type": "Feature", "geometry": {"type": "Point", "coordinates": [5.886117, 62.429256]}, "properties": {"time": "2025-10-21T08:55:00Z", "sog": 6.2, "cog": 230.2, "heading": 511, "status": "Under maskin"}}, {"type": "Feature", "geometry": {"type": "Point", "coordinates": [5.884497, 62.428741]}, "properties": {"time": "2025-10-21T08:55:32Z", "sog": 6.4, "cog": 235.5, "heading": 511, "status": "Under maskin"}}, {"type": "Feature", "geometry": {"type": "Point", "coordinates": [5.88303, 62.428272]}, "properties": {"time": "2025-10-21T08:56:00Z", "sog": 6.5, "cog": 234.7, "heading": 511, "status": "Under maskin"}}, {"type": "Feature", "geometry": {"type": "Point", "coordinates": [5.881397, 62.427753]}, "properties": {"time": "2025-10-21T08:56:32Z", "sog": 6.8, "cog": 232.5, "heading": 511, "status": "Under maskin"}}, {"type": "Feature", "geometry": {"type": "Point", "coordinates": [5.879855, 62.427254]}, "properties": {"time": "2025-10-21T08:57:00Z", "sog": 6.7, "cog": 228.1, "heading": 511, "status": "Under maskin"}}, {"type": "Feature", "geometry": {"type": "Point", "coordinates": [5.878152, 62.426716]}, "properties": {"time": "2025-10-21T08:57:32Z", "sog": 6.5, "cog": 235.1, "heading": 511, "status": "Under maskin"}}, {"type": "Feature", "geometry": {"type": "Point", "coordinates": [5.87663, 62.42622]}, "properties": {"time": "2025-10-21T08:58:00Z", "sog": 6.4, "cog": 233.9, "heading": 511, "status": "Under maskin"}}, {"type": "Feature", "geometry": {"type": "Point", "coordinates": [5.87512, 62.425758]}, "properties": {"time": "2025-10-21T08:58:28Z", "sog": 6.6, "cog": 232.6, "heading": 511, "status": "Under maskin"}}, {"type": "Feature", "geometry": {"type": "Point", "coordinates": [5.873458, 62.42524]}, "properties": {"time": "2025-10-21T08:59:00Z", "sog": 6.2, "cog": 237.8, "heading": 511, "status": "Under maskin"}}, {"type": "Feature", "geometry": {"type": "Point", "coordinates": [5.871855, 62.424786]}, "properties": {"time": "2025-10-21T08:59:28Z", "sog": 6.4, "cog": 239.8, "heading": 511, "status": "Under maskin"}}, {"type": "Feature", "geometry": {"type": "Point", "coordinates": [5.870237, 62.424305]}, "properties": {"time": "2025-10-21T08:59:59Z", "sog": 6.4, "cog": 244.5, "heading": 511, "status": "Under maskin"}}, {"type": "Feature", "geometry": {"type": "Point", "coordinates": [5.868618, 62.423809]}, "properties": {"time": "2025-10-21T09:00:28Z", "sog": 6.2, "cog": 236.6, "heading": 511, "status": "Under maskin"}}, {"type": "Feature", "geometry": {"type": "Point", "coordinates": [5.866987, 62.423302]}, "properties": {"time": "2025-10-21T09:00:59Z", "sog": 6.4, "cog": 238.2, "heading": 511, "status": "Under maskin"}}, {"type": "Feature", "geometry": {"type": "Point", "coordinates": [5.865395, 62.422829]}, "properties": {"time": "2025-10-21T09:01:28Z", "sog": 6.6, "cog": 240.1, "heading": 511, "status": "Under maskin"}}, {"type": "Feature", "geometry": {"type": "Point", "coordinates": [5.86379, 62.422329]}, "properties": {"time": "2025-10-21T09:01:59Z", "sog": 6.8, "cog": 231.7, "heading": 511, "status": "Under maskin"}}, {"type": "Feature", "geometry": {"type": "Point", "coordinates": [5.8622, 62.421841]}, "properties": {"time": "2025-10-21T09:02:28Z", "sog": 6.8, "cog": 240.2, "heading": 511, "status": "Under maskin"}}, {"type": "Feature", "geometry": {"type": "Point", "coordinates": [5.86049, 62.421337]}, "properties": {"time": "2025-10-21T09:02:59Z", "sog": 7.0, "cog": 231.8, "heading": 511, "status": "Under maskin"}}, {"type": "Feature", "geometry": {"type": "Point", "coordinates": [5.858855, 62.42083]}, "properties": {"time": "2025-10-21T09:03:28Z", "sog": 6.4, "cog": 237.2, "heading": 511, "status": "Under maskin"}}, {"type": "Feature", "geometry": {"type": "Point", "coordinates": [5.857172, 62.42033]}, "properties": {"time": "2025-10-21T09:03:59Z", "sog": 6.9, "cog": 238.0, "heading": 511, "status": "Under maskin"}}, {"type": "Feature", "geometry": {"type": "Point", "coordinates": [5.85559, 62.419815]}, "properties": {"time": "2025-10-21T09:04:29Z", "sog": 6.7, "cog": 234.9, "heading": 511, "status": "Under maskin"}}, {"type": "Feature", "geometry": {"type": "Point", "coordinates": [5.853995, 62.419281]}, "properties": {"time": "2025-10-21T09:04:59Z", "sog": 6.7, "cog": 228.0, "heading": 511, "status": "Under maskin"}}, {"type": "Feature", "geometry": {"type": "Point", "coordinates": [5.852453, 62.418781]}, "properties": {"time": "2025-10-21T09:05:29Z", "sog": 6.3, "cog": 230.5, "heading": 511, "status": "Under maskin"}}, {"type": "Feature", "geometry": {"type": "Point", "coordinates": [5.850883, 62.418251]}, "properties": {"time": "2025-10-21T09:05:59Z", "sog": 6.6, "cog": 238.0, "heading": 511, "status": "Under maskin"}}, {"type": "Feature", "geometry": {"type": "Point", "coordinates": [5.849302, 62.417709]}, "properties": {"time": "2025-10-21T09:06:29Z", "sog": 6.5, "cog": 233.8, "heading": 511, "status": "Under maskin"}}, {"type": "Feature", "geometry": {"type": "Point", "coordinates": [5.847718, 62.417206]}, "properties": {"time": "2025-10-21T09:06:59Z", "sog": 5.9, "cog": 239.4, "heading": 511, "status": "Under maskin"}}, {"type": "Feature", "geometry": {"type": "Point", "coordinates": [5.846095, 62.416672]}, "properties": {"time": "2025-10-21T09:07:29Z", "sog": 6.3, "cog": 233.6, "heading": 511, "status": "Under maskin"}}, {"type": "Feature", "geometry": {"type": "Point", "coordinates": [5.844605, 62.416172]}, "properties": {"time": "2025-10-21T09:07:59Z", "sog": 6.4, "cog": 234.5, "heading": 511, "status": "Under maskin"}}, {"type": "Feature", "geometry": {"type": "Point", "coordinates": [5.843068, 62.415642]}, "properties": {"time": "2025-10-21T09:08:29Z", "sog": 6.6, "cog": 234.9, "heading": 511, "status": "Under maskin"}}, {"type": "Feature", "geometry": {"type": "Point", "coordinates": [5.84151, 62.415115]}, "properties": {"time": "2025-10-21T09:08:59Z", "sog": 6.3, "cog": 236.6, "heading": 511, "status": "Under maskin"}}, {"type": "Feature", "geometry": {"type": "Point", "coordinates": [5.839945, 62.414585]}, "properties": {"time": "2025-10-21T09:09:29Z", "sog": 6.6, "cog": 232.5, "heading": 511, "status": "Under maskin"}}, {"type": "Feature", "geometry": {"type": "Point", "coordinates": [5.838318, 62.414059]}, "properties": {"time": "2025-10-21T09:09:59Z", "sog": 6.3, "cog": 236.8, "heading": 511, "status": "Under maskin"}}, {"type": "Feature", "geometry": {"type": "Point", "coordinates": [5.836818, 62.413551]}, "properties": {"time": "2025-10-21T09:10:29Z", "sog": 6.3, "cog": 236.6, "heading": 511, "status": "Under maskin"}}, {"type": "Feature", "geometry": {"type": "Point", "coordinates": [5.835212, 62.413006]}, "properties": {"time": "2025-10-21T09:10:59Z", "sog": 6.5, "cog": 232.4, "heading": 511, "status": "Under maskin"}}, {"type": "Feature", "geometry": {"type": "Point", "coordinates": [5.833695, 62.412506]}, "properties": {"time": "2025-10-21T09:11:29Z", "sog": 6.6, "cog": 232.9, "heading": 511, "status": "Under maskin"}}, {"type": "Feature", "geometry": {"type": "Point", "coordinates": [5.832122, 62.411987]}, "properties": {"time": "2025-10-21T09:11:59Z", "sog": 6.6, "cog": 231.6, "heading": 511, "status": "Under maskin"}}, {"type": "Feature", "geometry": {"type": "Point", "coordinates": [5.830586, 62.411461]}, "properties": {"time": "2025-10-21T09:12:29Z", "sog": 6.3, "cog": 232.3, "heading": 511, "status": "Under maskin"}}, {"type": "Feature", "geometry": {"type": "Point", "coordinates": [5.829113, 62.410896]}, "properties": {"time": "2025-10-21T09:12:59Z", "sog": 6.3, "cog": 234.0, "heading": 511, "status": "Under maskin"}}, {"type": "Feature", "geometry": {"type": "Point", "coordinates": [5.827648, 62.410343]}, "properties": {"time": "2025-10-21T09:13:29Z", "sog": 6.3, "cog": 234.4, "heading": 511, "status": "Under maskin"}}, {"type": "Feature", "geometry": {"type": "Point", "coordinates": [5.826173, 62.40979]}, "properties": {"time": "2025-10-21T09:13:59Z", "sog": 6.0, "cog": 236.1, "heading": 511, "status": "Under maskin"}}, {"type": "Feature", "geometry": {"type": "Point", "coordinates": [5.82454, 62.409184]}, "properties": {"time": "2025-10-21T09:14:32Z", "sog": 6.3, "cog": 233.5, "heading": 511, "status": "Under maskin"}}, {"type": "Feature", "geometry": {"type": "Point", "coordinates": [5.82322, 62.408672]}, "properties": {"time": "2025-10-21T09:14:59Z", "sog": 6.4, "cog": 235.5, "heading": 511, "status": "Under maskin"}}, {"type": "Feature", "geometry": {"type": "Point", "coordinates": [5.821599, 62.408051]}, "properties": {"time": "2025-10-21T09:15:32Z", "sog": 6.3, "cog": 228.0, "heading": 511, "status": "Under maskin"}}, {"type": "Feature", "geometry": {"type": "Point", "coordinates": [5.820273, 62.407555]}, "properties": {"time": "2025-10-21T09:15:59Z", "sog": 6.5, "cog": 228.9, "heading": 511, "status": "Under maskin"}}, {"type": "Feature", "geometry": {"type": "Point", "coordinates": [5.818538, 62.406963]}, "properties": {"time": "2025-10-21T09:16:32Z", "sog": 6.1, "cog": 239.7, "heading": 511, "status": "Under maskin"}}, {"type": "Feature", "geometry": {"type": "Point", "coordinates": [5.817168, 62.406502]}, "properties": {"time": "2025-10-21T09:16:59Z", "sog": 6.2, "cog": 227.6, "heading": 511, "status": "Under maskin"}}, {"type": "Feature", "geometry": {"type": "Point", "coordinates": [5.815465, 62.40596]}, "properties": {"time": "2025-10-21T09:17:32Z", "sog": 6.5, "cog": 233.1, "heading": 511, "status": "Under maskin"}}, {"type": "Feature", "geometry": {"type": "Point", "coordinates": [5.814175, 62.405529]}, "properties": {"time": "2025-10-21T09:17:59Z", "sog": 6.4, "cog": 236.9, "heading": 511, "status": "Under maskin"}}, {"type": "Feature", "geometry": {"type": "Point", "coordinates": [5.812407, 62.404957]}, "properties": {"time": "2025-10-21T09:18:32Z", "sog": 7.0, "cog": 235.4, "heading": 511, "status": "Under maskin"}}, {"type": "Feature", "geometry": {"type": "Point", "coordinates": [5.810797, 62.404457]}, "properties": {"time": "2025-10-21T09:19:01Z", "sog": 6.5, "cog": 238.0, "heading": 511, "status": "Under maskin"}}, {"type": "Feature", "geometry": {"type": "Point", "coordinates": [5.809028, 62.403919]}, "properties": {"time": "2025-10-21T09:19:32Z", "sog": 6.6, "cog": 235.0, "heading": 511, "status": "Under maskin"}}, {"type": "Feature", "geometry": {"type": "Point", "coordinates": [5.807433, 62.403423]}, "properties": {"time": "2025-10-21T09:20:01Z", "sog": 6.4, "cog": 237.0, "heading": 511, "status": "Under maskin"}}, {"type": "Feature", "geometry": {"type": "Point", "coordinates": [5.805713, 62.402878]}, "properties": {"time": "2025-10-21T09:20:32Z", "sog": 6.4, "cog": 235.0, "heading": 511, "status": "Under maskin"}}, {"type": "Feature", "geometry": {"type": "Point", "coordinates": [5.804173, 62.402382]}, "properties": {"time": "2025-10-21T09:21:01Z", "sog": 6.9, "cog": 235.5, "heading": 511, "status": "Under maskin"}}, {"type": "Feature", "geometry": {"type": "Point", "coordinates": [5.802492, 62.401855]}, "properties": {"time": "2025-10-21T09:21:31Z", "sog": 6.5, "cog": 234.5, "heading": 511, "status": "Under maskin"}}, {"type": "Feature", "geometry": {"type": "Point", "coordinates": [5.800793, 62.401325]}, "properties": {"time": "2025-10-21T09:22:01Z", "sog": 7.1, "cog": 235.8, "heading": 511, "status": "Under maskin"}}, {"type": "Feature", "geometry": {"type": "Point", "coordinates": [5.799068, 62.400799]}, "properties": {"time": "2025-10-21T09:22:31Z", "sog": 6.7, "cog": 234.4, "heading": 511, "status": "Under maskin"}}, {"type": "Feature", "geometry": {"type": "Point", "coordinates": [5.797392, 62.400269]}, "properties": {"time": "2025-10-21T09:23:01Z", "sog": 6.9, "cog": 237.6, "heading": 511, "status": "Under maskin"}}, {"type": "Feature", "geometry": {"type": "Point", "coordinates": [5.795712, 62.399738]}, "properties": {"time": "2025-10-21T09:23:31Z", "sog": 7.2, "cog": 236.0, "heading": 511, "status": "Under maskin"}}, {"type": "Feature", "geometry": {"type": "Point", "coordinates": [5.793993, 62.399216]}, "properties": {"time": "2025-10-21T09:24:01Z", "sog": 6.9, "cog": 233.1, "heading": 511, "status": "Under maskin"}}, {"type": "Feature", "geometry": {"type": "Point", "coordinates": [5.792302, 62.398678]}, "properties": {"time": "2025-10-21T09:24:31Z", "sog": 7.1, "cog": 239.3, "heading": 511, "status": "Under maskin"}}, {"type": "Feature", "geometry": {"type": "Point", "coordinates": [5.790576, 62.398178]}, "properties": {"time": "2025-10-21T09:25:01Z", "sog": 7.0, "cog": 237.7, "heading": 511, "status": "Under maskin"}}, {"type": "Feature", "geometry": {"type": "Point", "coordinates": [5.78903, 62.397736]}, "properties": {"time": "2025-10-21T09:25:28Z", "sog": 6.8, "cog": 237.3, "heading": 511, "status": "Under maskin"}}, {"type": "Feature", "geometry": {"type": "Point", "coordinates": [5.787263, 62.397221]}, "properties": {"time": "2025-10-21T09:25:59Z", "sog": 6.6, "cog": 240.4, "heading": 511, "status": "Under maskin"}}, {"type": "Feature", "geometry": {"type": "Point", "coordinates": [5.785572, 62.39674]}, "properties": {"time": "2025-10-21T09:26:28Z", "sog": 6.4, "cog": 237.9, "heading": 511, "status": "Under maskin"}}, {"type": "Feature", "geometry": {"type": "Point", "coordinates": [5.783875, 62.39624]}, "properties": {"time": "2025-10-21T09:26:59Z", "sog": 6.5, "cog": 237.7, "heading": 511, "status": "Under maskin"}}, {"type": "Feature", "geometry": {"type": "Point", "coordinates": [5.7822, 62.395756]}, "properties": {"time": "2025-10-21T09:27:28Z", "sog": 6.4, "cog": 239.5, "heading": 511, "status": "Under maskin"}}, {"type": "Feature", "geometry": {"type": "Point", "coordinates": [5.780418, 62.395237]}, "properties": {"time": "2025-10-21T09:27:59Z", "sog": 6.4, "cog": 236.5, "heading": 511, "status": "Under maskin"}}, {"type": "Feature", "geometry": {"type": "Point", "coordinates": [5.778833, 62.394775]}, "properties": {"time": "2025-10-21T09:28:28Z", "sog": 6.9, "cog": 238.9, "heading": 511, "status": "Under maskin"}}, {"type": "Feature", "geometry": {"type": "Point", "coordinates": [5.777081, 62.394268]}, "properties": {"time": "2025-10-21T09:28:59Z", "sog": 6.9, "cog": 237.3, "heading": 511, "status": "Under maskin"}}, {"type": "Feature", "geometry": {"type": "Point", "coordinates": [5.775363, 62.393768]}, "properties": {"time": "2025-10-21T09:29:28Z", "sog": 6.7, "cog": 237.6, "heading": 511, "status": "Under maskin"}}, {"type": "Feature", "geometry": {"type": "Point", "coordinates": [5.773585, 62.393265]}, "properties": {"time": "2025-10-21T09:29:59Z", "sog": 6.5, "cog": 242.5, "heading": 511, "status": "Under maskin"}}, {"type": "Feature", "geometry": {"type": "Point", "coordinates": [5.771946, 62.392769]}, "properties": {"time": "2025-10-21T09:30:28Z", "sog": 7.0, "cog": 233.0, "heading": 511, "status": "Under maskin"}}, {"type": "Feature", "geometry": {"type": "Point", "coordinates": [5.77023, 62.392269]}, "properties": {"time": "2025-10-21T09:30:59Z", "sog": 6.2, "cog": 238.0, "heading": 511, "status": "Under maskin"}}, {"type": "Feature", "geometry": {"type": "Point", "coordinates": [5.768538, 62.391766]}, "properties": {"time": "2025-10-21T09:31:28Z", "sog": 6.9, "cog": 238.3, "heading": 511, "status": "Under maskin"}}, {"type": "Feature", "geometry": {"type": "Point", "coordinates": [5.76678, 62.391251]}, "properties": {"time": "2025-10-21T09:32:00Z", "sog": 6.9, "cog": 236.7, "heading": 511, "status": "Under maskin"}}, {"type": "Feature", "geometry": {"type": "Point", "coordinates": [5.765203, 62.390781]}, "properties": {"time": "2025-10-21T09:32:28Z", "sog": 6.5, "cog": 237.8, "heading": 511, "status": "Under maskin"}}, {"type": "Feature", "geometry": {"type": "Point", "coordinates": [5.763428, 62.390293]}, "properties": {"time": "2025-10-21T09:33:00Z", "sog": 7.0, "cog": 241.5, "heading": 511, "status": "Under maskin"}}, {"type": "Feature", "geometry": {"type": "Point", "coordinates": [5.761707, 62.389835]}, "properties": {"time": "2025-10-21T09:33:30Z", "sog": 6.6, "cog": 241.3, "heading": 511, "status": "Under maskin"}}, {"type": "Feature", "geometry": {"type": "Point", "coordinates": [5.760032, 62.389393]}, "properties": {"time": "2025-10-21T09:34:00Z", "sog": 6.5, "cog": 237.8, "heading": 511, "status": "Under maskin"}}, {"type": "Feature", "geometry": {"type": "Point", "coordinates": [5.758215, 62.38892]}, "properties": {"time": "2025-10-21T09:34:30Z", "sog": 6.9, "cog": 238.4, "heading": 511, "status": "Under maskin"}}, {"type": "Feature", "geometry": {"type": "Point", "coordinates": [5.756454, 62.388477]}, "properties": {"time": "2025-10-21T09:35:00Z", "sog": 6.0, "cog": 238.3, "heading": 511, "status": "Under maskin"}}, {"type": "Feature", "geometry": {"type": "Point", "coordinates": [5.754717, 62.388035]}, "properties": {"time": "2025-10-21T09:35:30Z", "sog": 6.7, "cog": 237.6, "heading": 511, "status": "Under maskin"}}, {"type": "Feature", "geometry": {"type": "Point", "coordinates": [5.75302, 62.387596]}, "properties": {"time": "2025-10-21T09:36:00Z", "sog": 6.5, "cog": 242.5, "heading": 511, "status": "Under maskin"}}, {"type": "Feature", "geometry": {"type": "Point", "coordinates": [5.751302, 62.387169]}, "properties": {"time": "2025-10-21T09:36:30Z", "sog": 6.7, "cog": 235.8, "heading": 511, "status": "Under maskin"}}, {"type": "Feature", "geometry": {"type": "Point", "coordinates": [5.749575, 62.386719]}, "properties": {"time": "2025-10-21T09:37:00Z", "sog": 6.6, "cog": 245.6, "heading": 511, "status": "Under maskin"}}, {"type": "Feature", "geometry": {"type": "Point", "coordinates": [5.747795, 62.386292]}, "properties": {"time": "2025-10-21T09:37:30Z", "sog": 6.8, "cog": 241.3, "heading": 511, "status": "Under maskin"}}, {"type": "Feature", "geometry": {"type": "Point", "coordinates": [5.746119, 62.385872]}, "properties": {"time": "2025-10-21T09:37:59Z", "sog": 6.9, "cog": 241.8, "heading": 511, "status": "Under maskin"}}, {"type": "Feature", "geometry": {"type": "Point", "coordinates": [5.744232, 62.385448]}, "properties": {"time": "2025-10-21T09:38:29Z", "sog": 6.6, "cog": 248.0, "heading": 511, "status": "Under maskin"}}, {"type": "Feature", "geometry": {"type": "Point", "coordinates": [5.742404, 62.38509]}, "properties": {"time": "2025-10-21T09:38:59Z", "sog": 7.1, "cog": 253.1, "heading": 511, "status": "Under maskin"}}, {"type": "Feature", "geometry": {"type": "Point", "coordinates": [5.740462, 62.384686]}, "properties": {"time": "2025-10-21T09:39:29Z", "sog": 6.9, "cog": 250.9, "heading": 511, "status": "Under maskin"}}, {"type": "Feature", "geometry": {"type": "Point", "coordinates": [5.736687, 62.3839]}, "properties": {"time": "2025-10-21T09:40:29Z", "sog": 6.7, "cog": 246.3, "heading": 511, "status": "Under maskin"}}, {"type": "Feature", "geometry": {"type": "Point", "coordinates": [5.734857, 62.383537]}, "properties": {"time": "2025-10-21T09:40:59Z", "sog": 6.9, "cog": 246.1, "heading": 511, "status": "Under maskin"}}, {"type": "Feature", "geometry": {"type": "Point", "coordinates": [5.73291, 62.383133]}, "properties": {"time": "2025-10-21T09:41:29Z", "sog": 6.7, "cog": 251.6, "heading": 511, "status": "Under maskin"}}, {"type": "Feature", "geometry": {"type": "Point", "coordinates": [5.731013, 62.382763]}, "properties": {"time": "2025-10-21T09:42:00Z", "sog": 7.3, "cog": 251.6, "heading": 511, "status": "Under maskin"}}, {"type": "Feature", "geometry": {"type": "Point", "coordinates": [5.72911, 62.38237]}, "properties": {"time": "2025-10-21T09:42:29Z", "sog": 7.0, "cog": 243.9, "heading": 511, "status": "Under maskin"}}, {"type": "Feature", "geometry": {"type": "Point", "coordinates": [5.727149, 62.381977]}, "properties": {"time": "2025-10-21T09:43:00Z", "sog": 7.0, "cog": 244.8, "heading": 511, "status": "Under maskin"}}, {"type": "Feature", "geometry": {"type": "Point", "coordinates": [5.725275, 62.381588]}, "properties": {"time": "2025-10-21T09:43:29Z", "sog": 7.1, "cog": 249.0, "heading": 511, "status": "Under maskin"}}, {"type": "Feature", "geometry": {"type": "Point", "coordinates": [5.723338, 62.381199]}, "properties": {"time": "2025-10-21T09:44:00Z", "sog": 7.2, "cog": 246.7, "heading": 511, "status": "Under maskin"}}, {"type": "Feature", "geometry": {"type": "Point", "coordinates": [5.7215, 62.380798]}, "properties": {"time": "2025-10-21T09:44:29Z", "sog": 6.8, "cog": 245.3, "heading": 511, "status": "Under maskin"}}, {"type": "Feature", "geometry": {"type": "Point", "coordinates": [5.719555, 62.380379]}, "properties": {"time": "2025-10-21T09:45:00Z", "sog": 7.2, "cog": 241.1, "heading": 511, "status": "Under maskin"}}, {"type": "Feature", "geometry": {"type": "Point", "coordinates": [5.717718, 62.379986]}, "properties": {"time": "2025-10-21T09:45:29Z", "sog": 6.8, "cog": 243.7, "heading": 511, "status": "Under maskin"}}, {"type": "Feature", "geometry": {"type": "Point", "coordinates": [5.71574, 62.379463]}, "properties": {"time": "2025-10-21T09:46:00Z", "sog": 7.6, "cog": 241.7, "heading": 511, "status": "Under maskin"}}, {"type": "Feature", "geometry": {"type": "Point", "coordinates": [5.71403, 62.378975]}, "properties": {"time": "2025-10-21T09:46:29Z", "sog": 7.3, "cog": 237.8, "heading": 511, "status": "Under maskin"}}, {"type": "Feature", "geometry": {"type": "Point", "coordinates": [5.712108, 62.378487]}, "properties": {"time": "2025-10-21T09:47:00Z", "sog": 6.9, "cog": 237.2, "heading": 511, "status": "Under maskin"}}, {"type": "Feature", "geometry": {"type": "Point", "coordinates": [5.710323, 62.37801]}, "properties": {"time": "2025-10-21T09:47:29Z", "sog": 6.9, "cog": 244.7, "heading": 511, "status": "Under maskin"}}, {"type": "Feature", "geometry": {"type": "Point", "coordinates": [5.708423, 62.377514]}, "properties": {"time": "2025-10-21T09:47:59Z", "sog": 7.3, "cog": 241.1, "heading": 511, "status": "Under maskin"}}, {"type": "Feature", "geometry": {"type": "Point", "coordinates": [5.706523, 62.377022]}, "properties": {"time": "2025-10-21T09:48:29Z", "sog": 7.3, "cog": 246.8, "heading": 511, "status": "Under maskin"}}, {"type": "Feature", "geometry": {"type": "Point", "coordinates": [5.704625, 62.376534]}, "properties": {"time": "2025-10-21T09:48:59Z", "sog": 7.2, "cog": 238.2, "heading": 511, "status": "Under maskin"}}, {"type": "Feature", "geometry": {"type": "Point", "coordinates": [5.702713, 62.375996]}, "properties": {"time": "2025-10-21T09:49:29Z", "sog": 7.3, "cog": 238.1, "heading": 511, "status": "Under maskin"}}, {"type": "Feature", "geometry": {"type": "Point", "coordinates": [5.700927, 62.375504]}, "properties": {"time": "2025-10-21T09:49:59Z", "sog": 6.9, "cog": 238.6, "heading": 511, "status": "Under maskin"}}, {"type": "Feature", "geometry": {"type": "Point", "coordinates": [5.697445, 62.37442]}, "properties": {"time": "2025-10-21T09:50:59Z", "sog": 7.2, "cog": 234.9, "heading": 511, "status": "Under maskin"}}, {"type": "Feature", "geometry": {"type": "Point", "coordinates": [5.693942, 62.373241]}, "properties": {"time": "2025-10-21T09:51:59Z", "sog": 7.3, "cog": 237.8, "heading": 511, "status": "Under maskin"}}, {"type": "Feature", "geometry": {"type": "Point", "coordinates": [5.690548, 62.371979]}, "properties": {"time": "2025-10-21T09:52:59Z", "sog": 7.4, "cog": 228.1, "heading": 511, "status": "Under maskin"}}, {"type": "Feature", "geometry": {"type": "Point", "coordinates": [5.688832, 62.371277]}, "properties": {"time": "2025-10-21T09:53:30Z", "sog": 7.0, "cog": 228.6, "heading": 511, "status": "Under maskin"}}, {"type": "Feature", "geometry": {"type": "Point", "coordinates": [5.687292, 62.37067]}, "properties": {"time": "2025-10-21T09:53:59Z", "sog": 6.9, "cog": 228.1, "heading": 511, "status": "Under maskin"}}, {"type": "Feature", "geometry": {"type": "Point", "coordinates": [5.685707, 62.369968]}, "properties": {"time": "2025-10-21T09:54:30Z", "sog": 6.9, "cog": 229.1, "heading": 511, "status": "Under maskin"}}, {"type": "Feature", "geometry": {"type": "Point", "coordinates": [5.684083, 62.369278]}, "properties": {"time": "2025-10-21T09:55:01Z", "sog": 7.1, "cog": 225.8, "heading": 511, "status": "Under maskin"}}, {"type": "Feature", "geometry": {"type": "Point", "coordinates": [5.682456, 62.368595]}, "properties": {"time": "2025-10-21T09:55:30Z", "sog": 7.5, "cog": 227.0, "heading": 511, "status": "Under maskin"}}, {"type": "Feature", "geometry": {"type": "Point", "coordinates": [5.680817, 62.367924]}, "properties": {"time": "2025-10-21T09:56:01Z", "sog": 7.1, "cog": 229.3, "heading": 511, "status": "Under maskin"}}, {"type": "Feature", "geometry": {"type": "Point", "coordinates": [5.679153, 62.367264]}, "properties": {"time": "2025-10-21T09:56:30Z", "sog": 6.9, "cog": 229.6, "heading": 511, "status": "Under maskin"}}, {"type": "Feature", "geometry": {"type": "Point", "coordinates": [5.67748, 62.366627]}, "properties": {"time": "2025-10-21T09:57:01Z", "sog": 7.2, "cog": 231.5, "heading": 511, "status": "Under maskin"}}, {"type": "Feature", "geometry": {"type": "Point", "coordinates": [5.675765, 62.366001]}, "properties": {"time": "2025-10-21T09:57:30Z", "sog": 7.2, "cog": 233.9, "heading": 511, "status": "Under maskin"}}, {"type": "Feature", "geometry": {"type": "Point", "coordinates": [5.67412, 62.365395]}, "properties": {"time": "2025-10-21T09:58:01Z", "sog": 7.3, "cog": 229.1, "heading": 511, "status": "Under maskin"}}, {"type": "Feature", "geometry": {"type": "Point", "coordinates": [5.672443, 62.364738]}, "properties": {"time": "2025-10-21T09:58:30Z", "sog": 7.3, "cog": 230.3, "heading": 511, "status": "Under maskin"}}, {"type": "Feature", "geometry": {"type": "Point", "coordinates": [5.670738, 62.364105]}, "properties": {"time": "2025-10-21T09:58:59Z", "sog": 7.4, "cog": 231.1, "heading": 511, "status": "Under maskin"}}, {"type": "Feature", "geometry": {"type": "Point", "coordinates": [5.669022, 62.363461]}, "properties": {"time": "2025-10-21T09:59:30Z", "sog": 7.4, "cog": 230.5, "heading": 511, "status": "Under maskin"}}, {"type": "Feature", "geometry": {"type": "Point", "coordinates": [5.667356, 62.362835]}, "properties": {"time": "2025-10-21T09:59:59Z", "sog": 7.4, "cog": 230.9, "heading": 511, "status": "Under maskin"}}, {"type": "Feature", "geometry": {"type": "Point", "coordinates": [5.66568, 62.362125]}, "properties": {"time": "2025-10-21T10:00:30Z", "sog": 7.4, "cog": 224.8, "heading": 511, "status": "Under maskin"}}, {"type": "Feature", "geometry": {"type": "Point", "coordinates": [5.664122, 62.361397]}, "properties": {"time": "2025-10-21T10:00:59Z", "sog": 7.4, "cog": 224.6, "heading": 511, "status": "Under maskin"}}, {"type": "Feature", "geometry": {"type": "Point", "coordinates": [5.66259, 62.360661]}, "properties": {"time": "2025-10-21T10:01:30Z", "sog": 7.4, "cog": 225.0, "heading": 511, "status": "Under maskin"}}, {"type": "Feature", "geometry": {"type": "Point", "coordinates": [5.66103, 62.359943]}, "properties": {"time": "2025-10-21T10:01:59Z", "sog": 7.2, "cog": 225.3, "heading": 511, "status": "Under maskin"}}, {"type": "Feature", "geometry": {"type": "Point", "coordinates": [5.659927, 62.359417]}, "properties": {"time": "2025-10-21T10:02:30Z", "sog": 3.8, "cog": 224.5, "heading": 511, "status": "Under maskin"}}, {"type": "Feature", "geometry": {"type": "Point", "coordinates": [5.659369, 62.359142]}, "properties": {"time": "2025-10-21T10:02:59Z", "sog": 1.6, "cog": 223.7, "heading": 511, "status": "Under maskin"}}, {"type": "Feature", "geometry": {"type": "Point", "coordinates": [5.659167, 62.359009]}, "properties": {"time": "2025-10-21T10:03:30Z", "sog": 1.1, "cog": 208.7, "heading": 511, "status": "Under maskin"}}, {"type": "Feature", "geometry": {"type": "Point", "coordinates": [5.659023, 62.358902]}, "properties": {"time": "2025-10-21T10:03:59Z", "sog": 0.8, "cog": 214.3, "heading": 511, "status": "Under maskin"}}, {"type": "Feature", "geometry": {"type": "Point", "coordinates": [5.658895, 62.358822]}, "properties": {"time": "2025-10-21T10:04:30Z", "sog": 0.6, "cog": 219.0, "heading": 511, "status": "Under maskin"}}, {"type": "Feature", "geometry": {"type": "Point", "coordinates": [5.658773, 62.358757]}, "properties": {"time": "2025-10-21T10:05:00Z", "sog": 0.6, "cog": 227.1, "heading": 511, "status": "Under maskin"}}, {"type": "Feature", "geometry": {"type": "Point", "coordinates": [5.65866, 62.358711]}, "properties": {"time": "2025-10-21T10:05:32Z", "sog": 0.4, "cog": 234.6, "heading": 511, "status": "Under maskin"}}, {"type": "Feature", "geometry": {"type": "Point", "coordinates": [5.658573, 62.358688]}, "properties": {"time": "2025-10-21T10:06:00Z", "sog": 0.3, "cog": 247.5, "heading": 511, "status": "Under maskin"}}, {"type": "Feature", "geometry": {"type": "Point", "coordinates": [5.658484, 62.358669]}, "properties": {"time": "2025-10-21T10:06:32Z", "sog": 0.3, "cog": 219.9, "heading": 511, "status": "Under maskin"}}, {"type": "Feature", "geometry": {"type": "Point", "coordinates": [5.658223, 62.358604]}, "properties": {"time": "2025-10-21T10:08:59Z", "sog": 0.2, "cog": 360.0, "heading": 511, "status": "Under maskin"}}, {"type": "Feature", "geometry": {"type": "Point", "coordinates": [5.65799, 62.358459]}, "properties": {"time": "2025-10-21T10:12:00Z", "sog": 0.4, "cog": 217.0, "heading": 511, "status": "Under maskin"}}, {"type": "Feature", "geometry": {"type": "Point", "coordinates": [5.656877, 62.358219]}, "properties": {"time": "2025-10-21T10:13:58Z", "sog": 4.0, "cog": 226.4, "heading": 511, "status": "Under maskin"}}, {"type": "Feature", "geometry": {"type": "Point", "coordinates": [5.655863, 62.357758]}, "properties": {"time": "2025-10-21T10:14:28Z", "sog": 5.3, "cog": 226.5, "heading": 511, "status": "Under maskin"}}, {"type": "Feature", "geometry": {"type": "Point", "coordinates": [5.654716, 62.357246]}, "properties": {"time": "2025-10-21T10:14:58Z", "sog": 5.4, "cog": 226.4, "heading": 511, "status": "Under maskin"}}, {"type": "Feature", "geometry": {"type": "Point", "coordinates": [5.653557, 62.356728]}, "properties": {"time": "2025-10-21T10:15:28Z", "sog": 5.4, "cog": 225.9, "heading": 511, "status": "Under maskin"}}, {"type": "Feature", "geometry": {"type": "Point", "coordinates": [5.652407, 62.356201]}, "properties": {"time": "2025-10-21T10:15:58Z", "sog": 5.4, "cog": 225.0, "heading": 511, "status": "Under maskin"}}, {"type": "Feature", "geometry": {"type": "Point", "coordinates": [5.651265, 62.355679]}, "properties": {"time": "2025-10-21T10:16:28Z", "sog": 5.4, "cog": 226.3, "heading": 511, "status": "Under maskin"}}, {"type": "Feature", "geometry": {"type": "Point", "coordinates": [5.650108, 62.355152]}, "properties": {"time": "2025-10-21T10:16:58Z", "sog": 5.5, "cog": 225.5, "heading": 511, "status": "Under maskin"}}, {"type": "Feature", "geometry": {"type": "Point", "coordinates": [5.648953, 62.354633]}, "properties": {"time": "2025-10-21T10:17:28Z", "sog": 5.4, "cog": 226.2, "heading": 511, "status": "Under maskin"}}, {"type": "Feature", "geometry": {"type": "Point", "coordinates": [5.647803, 62.354103]}, "properties": {"time": "2025-10-21T10:17:58Z", "sog": 5.3, "cog": 223.5, "heading": 511, "status": "Under maskin"}}, {"type": "Feature", "geometry": {"type": "Point", "coordinates": [5.64669, 62.353558]}, "properties": {"time": "2025-10-21T10:18:28Z", "sog": 5.5, "cog": 223.2, "heading": 511, "status": "Under maskin"}}, {"type": "Feature", "geometry": {"type": "Point", "coordinates": [5.645556, 62.35302]}, "properties": {"time": "2025-10-21T10:18:58Z", "sog": 5.4, "cog": 224.1, "heading": 511, "status": "Under maskin"}}, {"type": "Feature", "geometry": {"type": "Point", "coordinates": [5.644417, 62.352482]}, "properties": {"time": "2025-10-21T10:19:28Z", "sog": 5.4, "cog": 225.3, "heading": 511, "status": "Under maskin"}}, {"type": "Feature", "geometry": {"type": "Point", "coordinates": [5.64326, 62.351955]}, "properties": {"time": "2025-10-21T10:19:58Z", "sog": 5.3, "cog": 227.0, "heading": 511, "status": "Under maskin"}}, {"type": "Feature", "geometry": {"type": "Point", "coordinates": [5.642052, 62.351421]}, "properties": {"time": "2025-10-21T10:20:28Z", "sog": 5.4, "cog": 226.8, "heading": 511, "status": "Under maskin"}}, {"type": "Feature", "geometry": {"type": "Point", "coordinates": [5.64094, 62.350914]}, "properties": {"time": "2025-10-21T10:20:58Z", "sog": 5.2, "cog": 224.5, "heading": 511, "status": "Under maskin"}}, {"type": "Feature", "geometry": {"type": "Point", "coordinates": [5.63978, 62.350372]}, "properties": {"time": "2025-10-21T10:21:28Z", "sog": 5.7, "cog": 223.8, "heading": 511, "status": "Under maskin"}}, {"type": "Feature", "geometry": {"type": "Point", "coordinates": [5.638577, 62.349785]}, "properties": {"time": "2025-10-21T10:21:58Z", "sog": 5.9, "cog": 223.3, "heading": 511, "status": "Under maskin"}}, {"type": "Feature", "geometry": {"type": "Point", "coordinates": [5.637367, 62.349197]}, "properties": {"time": "2025-10-21T10:22:28Z", "sog": 5.8, "cog": 222.7, "heading": 511, "status": "Under maskin"}}, {"type": "Feature", "geometry": {"type": "Point", "coordinates": [5.63616, 62.34861]}, "properties": {"time": "2025-10-21T10:22:58Z", "sog": 5.9, "cog": 222.8, "heading": 511, "status": "Under maskin"}}, {"type": "Feature", "geometry": {"type": "Point", "coordinates": [5.634928, 62.347992]}, "properties": {"time": "2025-10-21T10:23:28Z", "sog": 5.8, "cog": 223.8, "heading": 511, "status": "Under maskin"}}, {"type": "Feature", "geometry": {"type": "Point", "coordinates": [5.633805, 62.347408]}, "properties": {"time": "2025-10-21T10:23:58Z", "sog": 5.8, "cog": 220.6, "heading": 511, "status": "Under maskin"}}, {"type": "Feature", "geometry": {"type": "Point", "coordinates": [5.632647, 62.346703]}, "properties": {"time": "2025-10-21T10:24:31Z", "sog": 5.7, "cog": 214.6, "heading": 511, "status": "Under maskin"}}, {"type": "Feature", "geometry": {"type": "Point", "coordinates": [5.631965, 62.346073]}, "properties": {"time": "2025-10-21T10:24:58Z", "sog": 5.7, "cog": 200.2, "heading": 511, "status": "Under maskin"}}, {"type": "Feature", "geometry": {"type": "Point", "coordinates": [5.631625, 62.345238]}, "properties": {"time": "2025-10-21T10:25:31Z", "sog": 5.7, "cog": 178.0, "heading": 511, "status": "Under maskin"}}, {"type": "Feature", "geometry": {"type": "Point", "coordinates": [5.632037, 62.344509]}, "properties": {"time": "2025-10-21T10:26:00Z", "sog": 5.7, "cog": 152.2, "heading": 511, "status": "Under maskin"}}, {"type": "Feature", "geometry": {"type": "Point", "coordinates": [5.632905, 62.343853]}, "properties": {"time": "2025-10-21T10:26:31Z", "sog": 5.6, "cog": 139.4, "heading": 511, "status": "Under maskin"}}, {"type": "Feature", "geometry": {"type": "Point", "coordinates": [5.633956, 62.343277]}, "properties": {"time": "2025-10-21T10:27:00Z", "sog": 5.5, "cog": 140.0, "heading": 511, "status": "Under maskin"}}, {"type": "Feature", "geometry": {"type": "Point", "coordinates": [5.635012, 62.342682]}, "properties": {"time": "2025-10-21T10:27:31Z", "sog": 5.4, "cog": 140.5, "heading": 511, "status": "Under maskin"}}, {"type": "Feature", "geometry": {"type": "Point", "coordinates": [5.636065, 62.342117]}, "properties": {"time": "2025-10-21T10:28:00Z", "sog": 5.3, "cog": 136.8, "heading": 511, "status": "Under maskin"}}, {"type": "Feature", "geometry": {"type": "Point", "coordinates": [5.637215, 62.341564]}, "properties": {"time": "2025-10-21T10:28:31Z", "sog": 5.4, "cog": 135.0, "heading": 511, "status": "Under maskin"}}, {"type": "Feature", "geometry": {"type": "Point", "coordinates": [5.638222, 62.341057]}, "properties": {"time": "2025-10-21T10:29:00Z", "sog": 4.8, "cog": 139.1, "heading": 511, "status": "Under maskin"}}, {"type": "Feature", "geometry": {"type": "Point", "coordinates": [5.639102, 62.340557]}, "properties": {"time": "2025-10-21T10:29:31Z", "sog": 4.5, "cog": 146.1, "heading": 511, "status": "Under maskin"}}, {"type": "Feature", "geometry": {"type": "Point", "coordinates": [5.639733, 62.340038]}, "properties": {"time": "2025-10-21T10:30:00Z", "sog": 4.4, "cog": 155.7, "heading": 511, "status": "Under maskin"}}, {"type": "Feature", "geometry": {"type": "Point", "coordinates": [5.640133, 62.339485]}, "properties": {"time": "2025-10-21T10:30:31Z", "sog": 3.3, "cog": 162.4, "heading": 511, "status": "Under maskin"}}, {"type": "Feature", "geometry": {"type": "Point", "coordinates": [5.640419, 62.339115]}, "properties": {"time": "2025-10-21T10:31:00Z", "sog": 2.3, "cog": 159.2, "heading": 511, "status": "Under maskin"}}, {"type": "Feature", "geometry": {"type": "Point", "coordinates": [5.640652, 62.338848]}, "properties": {"time": "2025-10-21T10:31:31Z", "sog": 1.7, "cog": 156.0, "heading": 511, "status": "Under maskin"}}, {"type": "Feature", "geometry": {"type": "Point", "coordinates": [5.640865, 62.338703]}, "properties": {"time": "2025-10-21T10:31:59Z", "sog": 0.5, "cog": 129.6, "heading": 511, "status": "Under maskin"}}, {"type": "Feature", "geometry": {"type": "Point", "coordinates": [5.640967, 62.338676]}, "properties": {"time": "2025-10-21T10:32:30Z", "sog": 0.2, "cog": 141.1, "heading": 511, "status": "Under maskin"}}, {"type": "Feature", "geometry": {"type": "Point", "coordinates": [5.640974, 62.338665]}, "properties": {"time": "2025-10-21T10:32:59Z", "sog": 0.0, "cog": 360.0, "heading": 511, "status": "Under maskin"}}, {"type": "Feature", "geometry": {"type": "Point", "coordinates": [5.641085, 62.338688]}, "properties": {"time": "2025-10-21T10:33:30Z", "sog": 0.5, "cog": 64.8, "heading": 511, "status": "Under maskin"}}, {"type": "Feature", "geometry": {"type": "Point", "coordinates": [5.641142, 62.338692]}, "properties": {"time": "2025-10-21T10:33:59Z", "sog": 0.0, "cog": 360.0, "heading": 511, "status": "Under maskin"}}, {"type": "Feature", "geometry": {"type": "Point", "coordinates": [5.641132, 62.338688]}, "properties": {"time": "2025-10-21T10:34:30Z", "sog": 0.1, "cog": 360.0, "heading": 511, "status": "Under maskin"}}, {"type": "Feature", "geometry": {"type": "Point", "coordinates": [5.641127, 62.338692]}, "properties": {"time": "2025-10-21T10:34:59Z", "sog": 0.0, "cog": 360.0, "heading": 511, "status": "Under maskin"}}, {"type": "Feature", "geometry": {"type": "Point", "coordinates": [5.64114, 62.338692]}, "properties": {"time": "2025-10-21T10:37:30Z", "sog": 0.0, "cog": 360.0, "heading": 511, "status": "Under maskin"}}, {"type": "Feature", "geometry": {"type": "Point", "coordinates": [5.641132, 62.33868]}, "properties": {"time": "2025-10-21T10:40:29Z", "sog": 0.0, "cog": 360.0, "heading": 511, "status": "Under maskin"}}, {"type": "Feature", "geometry": {"type": "Point", "coordinates": [5.64113, 62.338676]}, "properties": {"time": "2025-10-21T10:43:31Z", "sog": 0.0, "cog": 360.0, "heading": 511, "status": "Under maskin"}}, {"type": "Feature", "geometry": {"type": "Point", "coordinates": [5.641133, 62.338684]}, "properties": {"time": "2025-10-21T10:46:30Z", "sog": 0.0, "cog": 360.0, "heading": 511, "status": "Under maskin"}}, {"type": "Feature", "geometry": {"type": "Point", "coordinates": [5.641129, 62.33868]}, "properties": {"time": "2025-10-21T10:49:31Z", "sog": 0.0, "cog": 360.0, "heading": 511, "status": "Under maskin"}}, {"type": "Feature", "geometry": {"type": "Point", "coordinates": [5.64114, 62.338676]}, "properties": {"time": "2025-10-21T10:52:29Z", "sog": 0.0, "cog": 360.0, "heading": 511, "status": "Under maskin"}}, {"type": "Feature", "geometry": {"type": "Point", "coordinates": [5.641112, 62.338692]}, "properties": {"time": "2025-10-21T10:55:28Z", "sog": 0.0, "cog": 360.0, "heading": 511, "status": "Under maskin"}}, {"type": "Feature", "geometry": {"type": "Point", "coordinates": [5.641132, 62.338707]}, "properties": {"time": "2025-10-21T10:58:30Z", "sog": 0.0, "cog": 360.0, "heading": 511, "status": "Under maskin"}}, {"type": "Feature", "geometry": {"type": "Point", "coordinates": [5.64114, 62.338688]}, "properties": {"time": "2025-10-21T11:01:30Z", "sog": 0.0, "cog": 360.0, "heading": 511, "status": "Under maskin"}}, {"type": "Feature", "geometry": {"type": "Point", "coordinates": [5.64115, 62.338696]}, "properties": {"time": "2025-10-21T11:04:31Z", "sog": 0.0, "cog": 360.0, "heading": 511, "status": "Under maskin"}}, {"type": "Feature", "geometry": {"type": "Point", "coordinates": [5.641143, 62.338684]}, "properties": {"time": "2025-10-21T11:07:31Z", "sog": 0.0, "cog": 360.0, "heading": 511, "status": "Under maskin"}}, {"type": "Feature", "geometry": {"type": "Point", "coordinates": [5.641165, 62.338676]}, "properties": {"time": "2025-10-21T11:10:31Z", "sog": 0.0, "cog": 360.0, "heading": 511, "status": "Under maskin"}}, {"type": "Feature", "geometry": {"type": "Point", "coordinates": [5.64115, 62.338684]}, "properties": {"time": "2025-10-21T11:13:29Z", "sog": 0.0, "cog": 360.0, "heading": 511, "status": "Under maskin"}}, {"type": "Feature", "geometry": {"type": "Point", "coordinates": [5.641157, 62.338669]}, "properties": {"time": "2025-10-21T11:16:30Z", "sog": 0.0, "cog": 360.0, "heading": 511, "status": "Under maskin"}}, {"type": "Feature", "geometry": {"type": "Point", "coordinates": [5.641153, 62.338673]}, "properties": {"time": "2025-10-21T11:19:29Z", "sog": 0.0, "cog": 360.0, "heading": 511, "status": "Under maskin"}}, {"type": "Feature", "geometry": {"type": "Point", "coordinates": [5.64113, 62.338669]}, "properties": {"time": "2025-10-21T11:22:30Z", "sog": 0.0, "cog": 360.0, "heading": 511, "status": "Under maskin"}}, {"type": "Feature", "geometry": {"type": "Point", "coordinates": [5.64134, 62.338715]}, "properties": {"time": "2025-10-21T11:23:27Z", "sog": 2.2, "cog": 74.7, "heading": 511, "status": "Under maskin"}}, {"type": "Feature", "geometry": {"type": "Point", "coordinates": [5.641755, 62.338768]}, "properties": {"time": "2025-10-21T11:23:58Z", "sog": 0.5, "cog": 69.1, "heading": 511, "status": "Under maskin"}}, {"type": "Feature", "geometry": {"type": "Point", "coordinates": [5.641823, 62.338772]}, "properties": {"time": "2025-10-21T11:24:27Z", "sog": 0.3, "cog": 144.3, "heading": 511, "status": "Under maskin"}}, {"type": "Feature", "geometry": {"type": "Point", "coordinates": [5.641798, 62.338776]}, "properties": {"time": "2025-10-21T11:25:27Z", "sog": 0.0, "cog": 360.0, "heading": 511, "status": "Under maskin"}}, {"type": "Feature", "geometry": {"type": "Point", "coordinates": [5.641782, 62.338779]}, "properties": {"time": "2025-10-21T11:26:27Z", "sog": 0.0, "cog": 360.0, "heading": 511, "status": "Under maskin"}}, {"type": "Feature", "geometry": {"type": "Point", "coordinates": [5.64177, 62.338791]}, "properties": {"time": "2025-10-21T11:27:27Z", "sog": 0.0, "cog": 360.0, "heading": 511, "status": "Under maskin"}}, {"type": "Feature", "geometry": {"type": "Point", "coordinates": [5.641788, 62.338795]}, "properties": {"time": "2025-10-21T11:29:59Z", "sog": 0.0, "cog": 360.0, "heading": 511, "status": "Under maskin"}}, {"type": "Feature", "geometry": {"type": "Point", "coordinates": [5.641792, 62.338783]}, "properties": {"time": "2025-10-21T11:33:00Z", "sog": 0.0, "cog": 360.0, "heading": 511, "status": "Under maskin"}}, {"type": "Feature", "geometry": {"type": "Point", "coordinates": [5.641797, 62.338772]}, "properties": {"time": "2025-10-21T11:35:58Z", "sog": 0.0, "cog": 360.0, "heading": 511, "status": "Under maskin"}}, {"type": "Feature", "geometry": {"type": "Point", "coordinates": [5.64178, 62.338783]}, "properties": {"time": "2025-10-21T11:38:59Z", "sog": 0.0, "cog": 360.0, "heading": 511, "status": "Under maskin"}}, {"type": "Feature", "geometry": {"type": "Point", "coordinates": [5.641819, 62.338772]}, "properties": {"time": "2025-10-21T11:41:59Z", "sog": 0.0, "cog": 360.0, "heading": 511, "status": "Under maskin"}}, {"type": "Feature", "geometry": {"type": "Point", "coordinates": [5.641802, 62.338772]}, "properties": {"time": "2025-10-21T11:44:58Z", "sog": 0.0, "cog": 360.0, "heading": 511, "status": "Under maskin"}}, {"type": "Feature", "geometry": {"type": "Point", "coordinates": [5.6418, 62.338787]}, "properties": {"time": "2025-10-21T11:47:59Z", "sog": 0.0, "cog": 360.0, "heading": 511, "status": "Under maskin"}}, {"type": "Feature", "geometry": {"type": "Point", "coordinates": [5.641829, 62.338764]}, "properties": {"time": "2025-10-21T11:50:59Z", "sog": 0.0, "cog": 360.0, "heading": 511, "status": "Under maskin"}}, {"type": "Feature", "geometry": {"type": "Point", "coordinates": [5.641803, 62.338779]}, "properties": {"time": "2025-10-21T11:53:56Z", "sog": 0.0, "cog": 360.0, "heading": 511, "status": "Under maskin"}}, {"type": "Feature", "geometry": {"type": "Point", "coordinates": [5.641807, 62.338757]}, "properties": {"time": "2025-10-21T11:56:57Z", "sog": 0.0, "cog": 360.0, "heading": 511, "status": "Under maskin"}}, {"type": "Feature", "geometry": {"type": "Point", "coordinates": [5.641817, 62.338768]}, "properties": {"time": "2025-10-21T11:59:59Z", "sog": 0.0, "cog": 360.0, "heading": 511, "status": "Under maskin"}}, {"type": "Feature", "geometry": {"type": "Point", "coordinates": [5.641822, 62.338783]}, "properties": {"time": "2025-10-21T12:02:58Z", "sog": 0.1, "cog": 360.0, "heading": 511, "status": "Under maskin"}}, {"type": "Feature", "geometry": {"type": "Point", "coordinates": [5.641817, 62.338779]}, "properties": {"time": "2025-10-21T12:06:00Z", "sog": 0.0, "cog": 360.0, "heading": 511, "status": "Under maskin"}}, {"type": "Feature", "geometry": {"type": "Point", "coordinates": [5.641817, 62.338779]}, "properties": {"time": "2025-10-21T12:08:58Z", "sog": 0.0, "cog": 360.0, "heading": 511, "status": "Under maskin"}}, {"type": "Feature", "geometry": {"type": "Point", "coordinates": [5.641827, 62.338787]}, "properties": {"time": "2025-10-21T12:11:59Z", "sog": 0.0, "cog": 360.0, "heading": 511, "status": "Under maskin"}}, {"type": "Feature", "geometry": {"type": "Point", "coordinates": [5.641815, 62.338783]}, "properties": {"time": "2025-10-21T12:15:00Z", "sog": 0.0, "cog": 360.0, "heading": 511, "status": "Under maskin"}}, {"type": "Feature", "geometry": {"type": "Point", "coordinates": [5.641817, 62.338779]}, "properties": {"time": "2025-10-21T12:17:56Z", "sog": 0.0, "cog": 360.0, "heading": 511, "status": "Under maskin"}}, {"type": "Feature", "geometry": {"type": "Point", "coordinates": [5.641813, 62.338783]}, "properties": {"time": "2025-10-21T12:20:56Z", "sog": 0.0, "cog": 360.0, "heading": 511, "status": "Under maskin"}}, {"type": "Feature", "geometry": {"type": "Point", "coordinates": [5.641793, 62.338772]}, "properties": {"time": "2025-10-21T12:24:00Z", "sog": 0.0, "cog": 360.0, "heading": 511, "status": "Under maskin"}}, {"type": "Feature", "geometry": {"type": "Point", "coordinates": [5.64183, 62.338772]}, "properties": {"time": "2025-10-21T12:26:57Z", "sog": 0.0, "cog": 360.0, "heading": 511, "status": "Under maskin"}}, {"type": "Feature", "geometry": {"type": "Point", "coordinates": [5.641832, 62.338772]}, "properties": {"time": "2025-10-21T12:29:59Z", "sog": 0.0, "cog": 360.0, "heading": 511, "status": "Under maskin"}}, {"type": "Feature", "geometry": {"type": "Point", "coordinates": [5.641822, 62.338783]}, "properties": {"time": "2025-10-21T12:32:58Z", "sog": 0.0, "cog": 360.0, "heading": 511, "status": "Under maskin"}}, {"type": "Feature", "geometry": {"type": "Point", "coordinates": [5.641822, 62.338783]}, "properties": {"time": "2025-10-21T12:36:00Z", "sog": 0.0, "cog": 360.0, "heading": 511, "status": "Under maskin"}}, {"type": "Feature", "geometry": {"type": "Point", "coordinates": [5.641798, 62.338768]}, "properties": {"time": "2025-10-21T12:38:57Z", "sog": 0.0, "cog": 360.0, "heading": 511, "status": "Under maskin"}}, {"type": "Feature", "geometry": {"type": "Point", "coordinates": [5.6418, 62.338768]}, "properties": {"time": "2025-10-21T12:41:58Z", "sog": 0.0, "cog": 360.0, "heading": 511, "status": "Under maskin"}}, {"type": "Feature", "geometry": {"type": "Point", "coordinates": [5.64179, 62.338757]}, "properties": {"time": "2025-10-21T12:44:59Z", "sog": 0.0, "cog": 360.0, "heading": 511, "status": "Under maskin"}}, {"type": "Feature", "geometry": {"type": "Point", "coordinates": [5.641788, 62.338734]}, "properties": {"time": "2025-10-21T12:47:59Z", "sog": 0.1, "cog": 360.0, "heading": 511, "status": "Under maskin"}}, {"type": "Feature", "geometry": {"type": "Point", "coordinates": [5.641807, 62.338741]}, "properties": {"time": "2025-10-21T12:50:58Z", "sog": 0.0, "cog": 360.0, "heading": 511, "status": "Under maskin"}}, {"type": "Feature", "geometry": {"type": "Point", "coordinates": [5.641777, 62.338749]}, "properties": {"time": "2025-10-21T12:53:59Z", "sog": 0.1, "cog": 360.0, "heading": 511, "status": "Under maskin"}}, {"type": "Feature", "geometry": {"type": "Point", "coordinates": [5.641803, 62.338741]}, "properties": {"time": "2025-10-21T12:56:56Z", "sog": 0.0, "cog": 360.0, "heading": 511, "status": "Under maskin"}}, {"type": "Feature", "geometry": {"type": "Point", "coordinates": [5.641803, 62.338741]}, "properties": {"time": "2025-10-21T13:00:00Z", "sog": 0.0, "cog": 360.0, "heading": 511, "status": "Under maskin"}}, {"type": "Feature", "geometry": {"type": "Point", "coordinates": [5.64181, 62.338749]}, "properties": {"time": "2025-10-21T13:02:59Z", "sog": 0.0, "cog": 360.0, "heading": 511, "status": "Under maskin"}}, {"type": "Feature", "geometry": {"type": "Point", "coordinates": [5.641538, 62.33881]}, "properties": {"time": "2025-10-21T13:05:56Z", "sog": 0.8, "cog": 312.3, "heading": 511, "status": "Under maskin"}}, {"type": "Feature", "geometry": {"type": "Point", "coordinates": [5.640238, 62.338547]}, "properties": {"time": "2025-10-21T13:12:00Z", "sog": 0.0, "cog": 360.0, "heading": 511, "status": "Under maskin"}}, {"type": "Feature", "geometry": {"type": "Point", "coordinates": [5.640345, 62.338543]}, "properties": {"time": "2025-10-21T13:14:58Z", "sog": 0.1, "cog": 360.0, "heading": 511, "status": "Under maskin"}}, {"type": "Feature", "geometry": {"type": "Point", "coordinates": [5.640378, 62.338551]}, "properties": {"time": "2025-10-21T13:17:58Z", "sog": 0.0, "cog": 360.0, "heading": 511, "status": "Under maskin"}}, {"type": "Feature", "geometry": {"type": "Point", "coordinates": [5.640478, 62.338676]}, "properties": {"time": "2025-10-21T13:23:56Z", "sog": 0.1, "cog": 360.0, "heading": 511, "status": "Under maskin"}}, {"type": "Feature", "geometry": {"type": "Point", "coordinates": [5.640495, 62.338802]}, "properties": {"time": "2025-10-21T13:26:56Z", "sog": 0.2, "cog": 360.0, "heading": 511, "status": "Under maskin"}}, {"type": "Feature", "geometry": {"type": "Point", "coordinates": [5.640537, 62.338913]}, "properties": {"time": "2025-10-21T13:27:58Z", "sog": 2.0, "cog": 12.0, "heading": 511, "status": "Under maskin"}}, {"type": "Feature", "geometry": {"type": "Point", "coordinates": [5.640517, 62.339329]}, "properties": {"time": "2025-10-21T13:28:28Z", "sog": 4.0, "cog": 351.3, "heading": 511, "status": "Under maskin"}}, {"type": "Feature", "geometry": {"type": "Point", "coordinates": [5.64005, 62.339916]}, "properties": {"time": "2025-10-21T13:28:58Z", "sog": 4.4, "cog": 335.6, "heading": 511, "status": "Under maskin"}}, {"type": "Feature", "geometry": {"type": "Point", "coordinates": [5.639443, 62.340336]}, "properties": {"time": "2025-10-21T13:29:28Z", "sog": 3.1, "cog": 317.6, "heading": 511, "status": "Under maskin"}}, {"type": "Feature", "geometry": {"type": "Point", "coordinates": [5.638767, 62.340691]}, "properties": {"time": "2025-10-21T13:29:58Z", "sog": 4.6, "cog": 318.5, "heading": 511, "status": "Under maskin"}}, {"type": "Feature", "geometry": {"type": "Point", "coordinates": [5.637768, 62.341183]}, "properties": {"time": "2025-10-21T13:30:28Z", "sog": 5.0, "cog": 317.7, "heading": 511, "status": "Under maskin"}}, {"type": "Feature", "geometry": {"type": "Point", "coordinates": [5.636722, 62.341728]}, "properties": {"time": "2025-10-21T13:30:58Z", "sog": 5.2, "cog": 318.8, "heading": 511, "status": "Under maskin"}}, {"type": "Feature", "geometry": {"type": "Point", "coordinates": [5.635742, 62.342247]}, "properties": {"time": "2025-10-21T13:31:28Z", "sog": 5.2, "cog": 318.1, "heading": 511, "status": "Under maskin"}}, {"type": "Feature", "geometry": {"type": "Point", "coordinates": [5.634733, 62.342793]}, "properties": {"time": "2025-10-21T13:31:58Z", "sog": 5.1, "cog": 318.8, "heading": 511, "status": "Under maskin"}}, {"type": "Feature", "geometry": {"type": "Point", "coordinates": [5.633723, 62.343342]}, "properties": {"time": "2025-10-21T13:32:28Z", "sog": 6.3, "cog": 318.6, "heading": 511, "status": "Under maskin"}}, {"type": "Feature", "geometry": {"type": "Point", "coordinates": [5.632397, 62.344101]}, "properties": {"time": "2025-10-21T13:32:58Z", "sog": 7.1, "cog": 328.5, "heading": 511, "status": "Under maskin"}}, {"type": "Feature", "geometry": {"type": "Point", "coordinates": [5.63202, 62.345119]}, "properties": {"time": "2025-10-21T13:33:28Z", "sog": 7.7, "cog": 12.2, "heading": 511, "status": "Under maskin"}}, {"type": "Feature", "geometry": {"type": "Point", "coordinates": [5.633345, 62.345947]}, "properties": {"time": "2025-10-21T13:33:58Z", "sog": 7.7, "cog": 61.0, "heading": 511, "status": "Under maskin"}}, {"type": "Feature", "geometry": {"type": "Point", "coordinates": [5.635627, 62.346272]}, "properties": {"time": "2025-10-21T13:34:28Z", "sog": 7.7, "cog": 78.1, "heading": 511, "status": "Under maskin"}}, {"type": "Feature", "geometry": {"type": "Point", "coordinates": [5.63783, 62.346474]}, "properties": {"time": "2025-10-21T13:34:58Z", "sog": 7.8, "cog": 79.1, "heading": 511, "status": "Under maskin"}}, {"type": "Feature", "geometry": {"type": "Point", "coordinates": [5.640123, 62.346676]}, "properties": {"time": "2025-10-21T13:35:28Z", "sog": 7.8, "cog": 80.5, "heading": 511, "status": "Under maskin"}}, {"type": "Feature", "geometry": {"type": "Point", "coordinates": [5.642422, 62.346863]}, "properties": {"time": "2025-10-21T13:35:58Z", "sog": 7.8, "cog": 79.6, "heading": 511, "status": "Under maskin"}}, {"type": "Feature", "geometry": {"type": "Point", "coordinates": [5.6448, 62.347061]}, "properties": {"time": "2025-10-21T13:36:29Z", "sog": 7.9, "cog": 80.3, "heading": 511, "status": "Under maskin"}}, {"type": "Feature", "geometry": {"type": "Point", "coordinates": [5.647085, 62.347252]}, "properties": {"time": "2025-10-21T13:36:58Z", "sog": 7.8, "cog": 80.3, "heading": 511, "status": "Under maskin"}}, {"type": "Feature", "geometry": {"type": "Point", "coordinates": [5.649385, 62.347427]}, "properties": {"time": "2025-10-21T13:37:29Z", "sog": 7.8, "cog": 81.4, "heading": 511, "status": "Under maskin"}}, {"type": "Feature", "geometry": {"type": "Point", "coordinates": [5.651618, 62.347569]}, "properties": {"time": "2025-10-21T13:37:58Z", "sog": 7.7, "cog": 84.1, "heading": 511, "status": "Under maskin"}}, {"type": "Feature", "geometry": {"type": "Point", "coordinates": [5.654005, 62.347672]}, "properties": {"time": "2025-10-21T13:38:29Z", "sog": 7.8, "cog": 85.6, "heading": 511, "status": "Under maskin"}}, {"type": "Feature", "geometry": {"type": "Point", "coordinates": [5.656249, 62.347748]}, "properties": {"time": "2025-10-21T13:38:58Z", "sog": 7.8, "cog": 86.6, "heading": 511, "status": "Under maskin"}}, {"type": "Feature", "geometry": {"type": "Point", "coordinates": [5.658725, 62.347801]}, "properties": {"time": "2025-10-21T13:39:29Z", "sog": 7.8, "cog": 88.4, "heading": 511, "status": "Under maskin"}}, {"type": "Feature", "geometry": {"type": "Point", "coordinates": [5.66097, 62.347775]}, "properties": {"time": "2025-10-21T13:39:59Z", "sog": 7.8, "cog": 93.5, "heading": 511, "status": "Under maskin"}}, {"type": "Feature", "geometry": {"type": "Point", "coordinates": [5.663259, 62.347698]}, "properties": {"time": "2025-10-21T13:40:29Z", "sog": 7.8, "cog": 94.2, "heading": 511, "status": "Under maskin"}}, {"type": "Feature", "geometry": {"type": "Point", "coordinates": [5.66784, 62.347427]}, "properties": {"time": "2025-10-21T13:41:29Z", "sog": 7.8, "cog": 105.6, "heading": 511, "status": "Under maskin"}}, {"type": "Feature", "geometry": {"type": "Point", "coordinates": [5.671967, 62.34647]}, "properties": {"time": "2025-10-21T13:42:29Z", "sog": 7.8, "cog": 127.4, "heading": 511, "status": "Under maskin"}}, {"type": "Feature", "geometry": {"type": "Point", "coordinates": [5.674407, 62.344738]}, "properties": {"time": "2025-10-21T13:43:29Z", "sog": 7.6, "cog": 162.5, "heading": 511, "status": "Under maskin"}}, {"type": "Feature", "geometry": {"type": "Point", "coordinates": [5.675565, 62.342892]}, "properties": {"time": "2025-10-21T13:44:31Z", "sog": 5.5, "cog": 166.6, "heading": 511, "status": "Under maskin"}}, {"type": "Feature", "geometry": {"type": "Point", "coordinates": [5.67578, 62.342304]}, "properties": {"time": "2025-10-21T13:44:59Z", "sog": 3.2, "cog": 183.4, "heading": 511, "status": "Under maskin"}}, {"type": "Feature", "geometry": {"type": "Point", "coordinates": [5.675692, 62.341976]}, "properties": {"time": "2025-10-21T13:45:31Z", "sog": 0.4, "cog": 190.1, "heading": 511, "status": "Under maskin"}}, {"type": "Feature", "geometry": {"type": "Point", "coordinates": [5.675687, 62.341946]}, "properties": {"time": "2025-10-21T13:45:59Z", "sog": 0.2, "cog": 180.7, "heading": 511, "status": "Under maskin"}}, {"type": "Feature", "geometry": {"type": "Point", "coordinates": [5.675677, 62.341915]}, "properties": {"time": "2025-10-21T13:46:31Z", "sog": 0.0, "cog": 360.0, "heading": 511, "status": "Under maskin"}}, {"type": "Feature", "geometry": {"type": "Point", "coordinates": [5.675672, 62.341919]}, "properties": {"time": "2025-10-21T13:46:59Z", "sog": 0.0, "cog": 360.0, "heading": 511, "status": "Under maskin"}}, {"type": "Feature", "geometry": {"type": "Point", "coordinates": [5.675672, 62.341919]}, "properties": {"time": "2025-10-21T13:47:31Z", "sog": 0.0, "cog": 360.0, "heading": 511, "status": "Under maskin"}}, {"type": "Feature", "geometry": {"type": "Point", "coordinates": [5.675682, 62.341923]}, "properties": {"time": "2025-10-21T13:48:31Z", "sog": 0.0, "cog": 360.0, "heading": 511, "status": "Under maskin"}}, {"type": "Feature", "geometry": {"type": "Point", "coordinates": [5.675678, 62.341923]}, "properties": {"time": "2025-10-21T13:51:30Z", "sog": 0.0, "cog": 360.0, "heading": 511, "status": "Under maskin"}}, {"type": "Feature", "geometry": {"type": "Point", "coordinates": [5.675678, 62.341927]}, "properties": {"time": "2025-10-21T13:54:30Z", "sog": 0.0, "cog": 360.0, "heading": 511, "status": "Under maskin"}}, {"type": "Feature", "geometry": {"type": "Point", "coordinates": [5.675673, 62.341927]}, "properties": {"time": "2025-10-21T13:57:29Z", "sog": 0.0, "cog": 360.0, "heading": 511, "status": "Under maskin"}}, {"type": "Feature", "geometry": {"type": "Point", "coordinates": [5.675683, 62.341927]}, "properties": {"time": "2025-10-21T14:03:30Z", "sog": 0.0, "cog": 360.0, "heading": 511, "status": "Under maskin"}}, {"type": "Feature", "geometry": {"type": "Point", "coordinates": [5.675673, 62.34193]}, "properties": {"time": "2025-10-21T14:06:32Z", "sog": 0.0, "cog": 360.0, "heading": 511, "status": "Under maskin"}}, {"type": "Feature", "geometry": {"type": "Point", "coordinates": [5.67568, 62.34193]}, "properties": {"time": "2025-10-21T14:09:29Z", "sog": 0.0, "cog": 360.0, "heading": 511, "status": "Under maskin"}}, {"type": "Feature", "geometry": {"type": "Point", "coordinates": [5.675683, 62.341938]}, "properties": {"time": "2025-10-21T14:12:30Z", "sog": 0.0, "cog": 360.0, "heading": 511, "status": "Under maskin"}}, {"type": "Feature", "geometry": {"type": "Point", "coordinates": [5.675685, 62.34193]}, "properties": {"time": "2025-10-21T14:15:32Z", "sog": 0.0, "cog": 360.0, "heading": 511, "status": "Under maskin"}}, {"type": "Feature", "geometry": {"type": "Point", "coordinates": [5.675685, 62.341934]}, "properties": {"time": "2025-10-21T14:18:33Z", "sog": 0.0, "cog": 360.0, "heading": 511, "status": "Under maskin"}}, {"type": "Feature", "geometry": {"type": "Point", "coordinates": [5.675683, 62.341938]}, "properties": {"time": "2025-10-21T14:21:30Z", "sog": 0.0, "cog": 360.0, "heading": 511, "status": "Under maskin"}}, {"type": "Feature", "geometry": {"type": "Point", "coordinates": [5.675683, 62.341938]}, "properties": {"time": "2025-10-21T14:24:30Z", "sog": 0.0, "cog": 360.0, "heading": 511, "status": "Under maskin"}}, {"type": "Feature", "geometry": {"type": "Point", "coordinates": [5.675687, 62.341938]}, "properties": {"time": "2025-10-21T14:27:29Z", "sog": 0.0, "cog": 360.0, "heading": 511, "status": "Under maskin"}}, {"type": "Feature", "geometry": {"type": "Point", "coordinates": [5.675672, 62.341942]}, "properties": {"time": "2025-10-21T14:30:31Z", "sog": 0.0, "cog": 360.0, "heading": 511, "status": "Under maskin"}}, {"type": "Feature", "geometry": {"type": "Point", "coordinates": [5.675673, 62.341942]}, "properties": {"time": "2025-10-21T14:33:30Z", "sog": 0.0, "cog": 360.0, "heading": 511, "status": "Under maskin"}}, {"type": "Feature", "geometry": {"type": "Point", "coordinates": [5.675685, 62.341942]}, "properties": {"time": "2025-10-21T14:39:30Z", "sog": 0.0, "cog": 360.0, "heading": 511, "status": "Under maskin"}}, {"type": "Feature", "geometry": {"type": "Point", "coordinates": [5.67568, 62.341946]}, "properties": {"time": "2025-10-21T14:42:32Z", "sog": 0.0, "cog": 360.0, "heading": 511, "status": "Under maskin"}}, {"type": "Feature", "geometry": {"type": "Point", "coordinates": [5.675677, 62.341942]}, "properties": {"time": "2025-10-21T14:45:32Z", "sog": 0.0, "cog": 360.0, "heading": 511, "status": "Under maskin"}}, {"type": "Feature", "geometry": {"type": "Point", "coordinates": [5.675673, 62.341946]}, "properties": {"time": "2025-10-21T14:51:30Z", "sog": 0.0, "cog": 360.0, "heading": 511, "status": "Under maskin"}}, {"type": "Feature", "geometry": {"type": "Point", "coordinates": [5.675672, 62.341942]}, "properties": {"time": "2025-10-21T14:54:32Z", "sog": 0.0, "cog": 360.0, "heading": 511, "status": "Under maskin"}}, {"type": "Feature", "geometry": {"type": "Point", "coordinates": [5.675687, 62.341942]}, "properties": {"time": "2025-10-21T15:00:33Z", "sog": 0.0, "cog": 360.0, "heading": 511, "status": "Under maskin"}}, {"type": "Feature", "geometry": {"type": "Point", "coordinates": [5.675682, 62.341938]}, "properties": {"time": "2025-10-21T15:03:33Z", "sog": 0.0, "cog": 360.0, "heading": 511, "status": "Under maskin"}}, {"type": "Feature", "geometry": {"type": "Point", "coordinates": [5.675672, 62.341942]}, "properties": {"time": "2025-10-21T15:06:33Z", "sog": 0.1, "cog": 360.0, "heading": 511, "status": "Under maskin"}}, {"type": "Feature", "geometry": {"type": "Point", "coordinates": [5.675675, 62.341942]}, "properties": {"time": "2025-10-21T15:09:31Z", "sog": 0.0, "cog": 360.0, "heading": 511, "status": "Under maskin"}}, {"type": "Feature", "geometry": {"type": "Point", "coordinates": [5.67567, 62.341942]}, "properties": {"time": "2025-10-21T15:12:29Z", "sog": 0.0, "cog": 360.0, "heading": 511, "status": "Under maskin"}}, {"type": "Feature", "geometry": {"type": "Point", "coordinates": [5.675673, 62.341942]}, "properties": {"time": "2025-10-21T15:15:32Z", "sog": 0.0, "cog": 360.0, "heading": 511, "status": "Under maskin"}}, {"type": "Feature", "geometry": {"type": "Point", "coordinates": [5.675672, 62.341942]}, "properties": {"time": "2025-10-21T15:18:31Z", "sog": 0.0, "cog": 360.0, "heading": 511, "status": "Under maskin"}}, {"type": "Feature", "geometry": {"type": "Point", "coordinates": [5.675667, 62.341949]}, "properties": {"time": "2025-10-21T15:21:31Z", "sog": 0.1, "cog": 360.0, "heading": 511, "status": "Under maskin"}}, {"type": "Feature", "geometry": {"type": "Point", "coordinates": [5.675673, 62.341942]}, "properties": {"time": "2025-10-21T15:24:29Z", "sog": 0.0, "cog": 360.0, "heading": 511, "status": "Under maskin"}}, {"type": "Feature", "geometry": {"type": "Point", "coordinates": [5.675667, 62.341942]}, "properties": {"time": "2025-10-21T15:27:31Z", "sog": 0.0, "cog": 360.0, "heading": 511, "status": "Under maskin"}}, {"type": "Feature", "geometry": {"type": "Point", "coordinates": [5.67568, 62.341938]}, "properties": {"time": "2025-10-21T15:30:31Z", "sog": 0.0, "cog": 360.0, "heading": 511, "status": "Under maskin"}}, {"type": "Feature", "geometry": {"type": "Point", "coordinates": [5.675695, 62.341934]}, "properties": {"time": "2025-10-21T15:36:29Z", "sog": 0.0, "cog": 360.0, "heading": 511, "status": "Under maskin"}}, {"type": "Feature", "geometry": {"type": "Point", "coordinates": [5.675677, 62.341938]}, "properties": {"time": "2025-10-21T15:39:30Z", "sog": 0.0, "cog": 360.0, "heading": 511, "status": "Under maskin"}}, {"type": "Feature", "geometry": {"type": "Point", "coordinates": [5.675678, 62.341927]}, "properties": {"time": "2025-10-21T15:42:29Z", "sog": 0.0, "cog": 360.0, "heading": 511, "status": "Under maskin"}}, {"type": "Feature", "geometry": {"type": "Point", "coordinates": [5.675683, 62.341923]}, "properties": {"time": "2025-10-21T15:45:31Z", "sog": 0.0, "cog": 360.0, "heading": 511, "status": "Under maskin"}}, {"type": "Feature", "geometry": {"type": "Point", "coordinates": [5.67568, 62.341915]}, "properties": {"time": "2025-10-21T15:48:29Z", "sog": 0.0, "cog": 360.0, "heading": 511, "status": "Under maskin"}}, {"type": "Feature", "geometry": {"type": "Point", "coordinates": [5.675672, 62.341919]}, "properties": {"time": "2025-10-21T15:51:30Z", "sog": 0.0, "cog": 360.0, "heading": 511, "status": "Under maskin"}}, {"type": "Feature", "geometry": {"type": "Point", "coordinates": [5.675683, 62.341923]}, "properties": {"time": "2025-10-21T15:57:32Z", "sog": 0.0, "cog": 360.0, "heading": 511, "status": "Under maskin"}}, {"type": "Feature", "geometry": {"type": "Point", "coordinates": [5.675672, 62.341923]}, "properties": {"time": "2025-10-21T16:00:32Z", "sog": 0.0, "cog": 360.0, "heading": 511, "status": "Under maskin"}}, {"type": "Feature", "geometry": {"type": "Point", "coordinates": [5.675668, 62.341915]}, "properties": {"time": "2025-10-21T16:03:32Z", "sog": 0.0, "cog": 360.0, "heading": 511, "status": "Under maskin"}}, {"type": "Feature", "geometry": {"type": "Point", "coordinates": [5.675682, 62.341911]}, "properties": {"time": "2025-10-21T16:06:32Z", "sog": 0.1, "cog": 360.0, "heading": 511, "status": "Under maskin"}}, {"type": "Feature", "geometry": {"type": "Point", "coordinates": [5.676037, 62.342045]}, "properties": {"time": "2025-10-21T16:09:31Z", "sog": 3.4, "cog": 344.0, "heading": 511, "status": "Under maskin"}}, {"type": "Feature", "geometry": {"type": "Point", "coordinates": [5.675756, 62.342628]}, "properties": {"time": "2025-10-21T16:10:00Z", "sog": 5.0, "cog": 348.9, "heading": 511, "status": "Under maskin"}}, {"type": "Feature", "geometry": {"type": "Point", "coordinates": [5.675453, 62.343349]}, "properties": {"time": "2025-10-21T16:10:31Z", "sog": 5.2, "cog": 349.2, "heading": 511, "status": "Under maskin"}}, {"type": "Feature", "geometry": {"type": "Point", "coordinates": [5.675175, 62.344028]}, "properties": {"time": "2025-10-21T16:11:00Z", "sog": 5.2, "cog": 348.6, "heading": 511, "status": "Under maskin"}}, {"type": "Feature", "geometry": {"type": "Point", "coordinates": [5.674859, 62.344753]}, "properties": {"time": "2025-10-21T16:11:31Z", "sog": 5.2, "cog": 348.6, "heading": 511, "status": "Under maskin"}}, {"type": "Feature", "geometry": {"type": "Point", "coordinates": [5.674551, 62.345432]}, "properties": {"time": "2025-10-21T16:12:00Z", "sog": 5.1, "cog": 344.2, "heading": 511, "status": "Under maskin"}}, {"type": "Feature", "geometry": {"type": "Point", "coordinates": [5.673775, 62.346134]}, "properties": {"time": "2025-10-21T16:12:31Z", "sog": 5.7, "cog": 327.2, "heading": 511, "status": "Under maskin"}}, {"type": "Feature", "geometry": {"type": "Point", "coordinates": [5.672838, 62.346764]}, "properties": {"time": "2025-10-21T16:13:00Z", "sog": 5.7, "cog": 324.0, "heading": 511, "status": "Under maskin"}}, {"type": "Feature", "geometry": {"type": "Point", "coordinates": [5.671782, 62.347435]}, "properties": {"time": "2025-10-21T16:13:31Z", "sog": 6.0, "cog": 323.6, "heading": 511, "status": "Under maskin"}}, {"type": "Feature", "geometry": {"type": "Point", "coordinates": [5.670762, 62.348064]}, "properties": {"time": "2025-10-21T16:14:00Z", "sog": 6.1, "cog": 321.8, "heading": 511, "status": "Under maskin"}}, {"type": "Feature", "geometry": {"type": "Point", "coordinates": [5.66953, 62.348808]}, "properties": {"time": "2025-10-21T16:14:31Z", "sog": 6.1, "cog": 322.1, "heading": 511, "status": "Under maskin"}}, {"type": "Feature", "geometry": {"type": "Point", "coordinates": [5.668475, 62.349434]}, "properties": {"time": "2025-10-21T16:15:00Z", "sog": 6.2, "cog": 322.2, "heading": 511, "status": "Under maskin"}}, {"type": "Feature", "geometry": {"type": "Point", "coordinates": [5.667295, 62.350132]}, "properties": {"time": "2025-10-21T16:15:31Z", "sog": 6.3, "cog": 321.8, "heading": 511, "status": "Under maskin"}}, {"type": "Feature", "geometry": {"type": "Point", "coordinates": [5.666185, 62.350788]}, "properties": {"time": "2025-10-21T16:16:00Z", "sog": 6.3, "cog": 322.2, "heading": 511, "status": "Under maskin"}}, {"type": "Feature", "geometry": {"type": "Point", "coordinates": [5.66494, 62.351536]}, "properties": {"time": "2025-10-21T16:16:32Z", "sog": 6.2, "cog": 322.4, "heading": 511, "status": "Under maskin"}}, {"type": "Feature", "geometry": {"type": "Point", "coordinates": [5.663967, 62.352131]}, "properties": {"time": "2025-10-21T16:17:00Z", "sog": 6.3, "cog": 323.2, "heading": 511, "status": "Under maskin"}}, {"type": "Feature", "geometry": {"type": "Point", "coordinates": [5.662722, 62.35289]}, "properties": {"time": "2025-10-21T16:17:32Z", "sog": 6.2, "cog": 322.0, "heading": 511, "status": "Under maskin"}}, {"type": "Feature", "geometry": {"type": "Point", "coordinates": [5.661622, 62.35355]}, "properties": {"time": "2025-10-21T16:18:01Z", "sog": 6.2, "cog": 327.1, "heading": 511, "status": "Under maskin"}}, {"type": "Feature", "geometry": {"type": "Point", "coordinates": [5.660827, 62.354385]}, "properties": {"time": "2025-10-21T16:18:32Z", "sog": 6.2, "cog": 342.2, "heading": 511, "status": "Under maskin"}}, {"type": "Feature", "geometry": {"type": "Point", "coordinates": [5.66039, 62.355198]}, "properties": {"time": "2025-10-21T16:19:01Z", "sog": 6.3, "cog": 352.3, "heading": 511, "status": "Under maskin"}}, {"type": "Feature", "geometry": {"type": "Point", "coordinates": [5.66024, 62.356091]}, "properties": {"time": "2025-10-21T16:19:32Z", "sog": 6.2, "cog": 357.2, "heading": 511, "status": "Under maskin"}}, {"type": "Feature", "geometry": {"type": "Point", "coordinates": [5.660143, 62.356865]}, "properties": {"time": "2025-10-21T16:20:01Z", "sog": 4.7, "cog": 356.1, "heading": 511, "status": "Under maskin"}}, {"type": "Feature", "geometry": {"type": "Point", "coordinates": [5.660053, 62.357471]}, "properties": {"time": "2025-10-21T16:20:32Z", "sog": 4.4, "cog": 356.6, "heading": 511, "status": "Under maskin"}}, {"type": "Feature", "geometry": {"type": "Point", "coordinates": [5.659908, 62.357918]}, "properties": {"time": "2025-10-21T16:21:01Z", "sog": 2.1, "cog": 331.9, "heading": 511, "status": "Under maskin"}}, {"type": "Feature", "geometry": {"type": "Point", "coordinates": [5.659622, 62.358032]}, "properties": {"time": "2025-10-21T16:21:33Z", "sog": 0.8, "cog": 292.5, "heading": 511, "status": "Under maskin"}}, {"type": "Feature", "geometry": {"type": "Point", "coordinates": [5.659455, 62.35807]}, "properties": {"time": "2025-10-21T16:21:59Z", "sog": 0.6, "cog": 291.6, "heading": 511, "status": "Under maskin"}}, {"type": "Feature", "geometry": {"type": "Point", "coordinates": [5.659285, 62.358089]}, "properties": {"time": "2025-10-21T16:22:33Z", "sog": 0.4, "cog": 279.2, "heading": 511, "status": "Under maskin"}}, {"type": "Feature", "geometry": {"type": "Point", "coordinates": [5.65918, 62.358093]}, "properties": {"time": "2025-10-21T16:22:59Z", "sog": 0.4, "cog": 269.3, "heading": 511, "status": "Under maskin"}}, {"type": "Feature", "geometry": {"type": "Point", "coordinates": [5.6589, 62.358093]}, "properties": {"time": "2025-10-21T16:23:33Z", "sog": 3.0, "cog": 276.4, "heading": 511, "status": "Under maskin"}}, {"type": "Feature", "geometry": {"type": "Point", "coordinates": [5.658772, 62.358536]}, "properties": {"time": "2025-10-21T16:23:59Z", "sog": 6.7, "cog": 31.8, "heading": 511, "status": "Under maskin"}}, {"type": "Feature", "geometry": {"type": "Point", "coordinates": [5.66033, 62.359417]}, "properties": {"time": "2025-10-21T16:24:33Z", "sog": 7.7, "cog": 43.4, "heading": 511, "status": "Under maskin"}}, {"type": "Feature", "geometry": {"type": "Point", "coordinates": [5.661645, 62.360096]}, "properties": {"time": "2025-10-21T16:24:59Z", "sog": 7.6, "cog": 42.2, "heading": 511, "status": "Under maskin"}}, {"type": "Feature", "geometry": {"type": "Point", "coordinates": [5.663335, 62.360989]}, "properties": {"time": "2025-10-21T16:25:33Z", "sog": 7.6, "cog": 40.9, "heading": 511, "status": "Under maskin"}}, {"type": "Feature", "geometry": {"type": "Point", "coordinates": [5.664718, 62.361691]}, "properties": {"time": "2025-10-21T16:25:59Z", "sog": 7.6, "cog": 44.7, "heading": 511, "status": "Under maskin"}}, {"type": "Feature", "geometry": {"type": "Point", "coordinates": [5.666592, 62.362453]}, "properties": {"time": "2025-10-21T16:26:33Z", "sog": 7.6, "cog": 51.6, "heading": 511, "status": "Under maskin"}}, {"type": "Feature", "geometry": {"type": "Point", "coordinates": [5.668277, 62.363071]}, "properties": {"time": "2025-10-21T16:27:01Z", "sog": 7.9, "cog": 50.2, "heading": 511, "status": "Under maskin"}}, {"type": "Feature", "geometry": {"type": "Point", "coordinates": [5.670166, 62.363853]}, "properties": {"time": "2025-10-21T16:27:33Z", "sog": 8.1, "cog": 49.3, "heading": 511, "status": "Under maskin"}}, {"type": "Feature", "geometry": {"type": "Point", "coordinates": [5.671915, 62.364529]}, "properties": {"time": "2025-10-21T16:28:01Z", "sog": 8.2, "cog": 50.2, "heading": 511, "status": "Under maskin"}}, {"type": "Feature", "geometry": {"type": "Point", "coordinates": [5.673975, 62.365292]}, "properties": {"time": "2025-10-21T16:28:33Z", "sog": 8.2, "cog": 52.5, "heading": 511, "status": "Under maskin"}}, {"type": "Feature", "geometry": {"type": "Point", "coordinates": [5.675772, 62.365955]}, "properties": {"time": "2025-10-21T16:29:01Z", "sog": 8.2, "cog": 51.5, "heading": 511, "status": "Under maskin"}}, {"type": "Feature", "geometry": {"type": "Point", "coordinates": [5.677775, 62.366695]}, "properties": {"time": "2025-10-21T16:29:33Z", "sog": 8.4, "cog": 50.4, "heading": 511, "status": "Under maskin"}}, {"type": "Feature", "geometry": {"type": "Point", "coordinates": [5.67948, 62.367329]}, "properties": {"time": "2025-10-21T16:30:01Z", "sog": 7.6, "cog": 56.4, "heading": 511, "status": "Under maskin"}}, {"type": "Feature", "geometry": {"type": "Point", "coordinates": [5.681607, 62.367916]}, "properties": {"time": "2025-10-21T16:30:33Z", "sog": 8.0, "cog": 59.4, "heading": 511, "status": "Under maskin"}}, {"type": "Feature", "geometry": {"type": "Point", "coordinates": [5.683445, 62.368435]}, "properties": {"time": "2025-10-21T16:31:01Z", "sog": 7.0, "cog": 56.8, "heading": 511, "status": "Under maskin"}}, {"type": "Feature", "geometry": {"type": "Point", "coordinates": [5.685497, 62.369049]}, "properties": {"time": "2025-10-21T16:31:33Z", "sog": 7.5, "cog": 59.5, "heading": 511, "status": "Under maskin"}}, {"type": "Feature", "geometry": {"type": "Point", "coordinates": [5.687272, 62.369583]}, "properties": {"time": "2025-10-21T16:32:01Z", "sog": 7.8, "cog": 56.8, "heading": 511, "status": "Under maskin"}}, {"type": "Feature", "geometry": {"type": "Point", "coordinates": [5.689261, 62.37019]}, "properties": {"time": "2025-10-21T16:32:33Z", "sog": 7.3, "cog": 57.9, "heading": 511, "status": "Under maskin"}}, {"type": "Feature", "geometry": {"type": "Point", "coordinates": [5.691017, 62.370762]}, "properties": {"time": "2025-10-21T16:33:01Z", "sog": 7.5, "cog": 55.3, "heading": 511, "status": "Under maskin"}}, {"type": "Feature", "geometry": {"type": "Point", "coordinates": [5.692914, 62.371384]}, "properties": {"time": "2025-10-21T16:33:33Z", "sog": 7.4, "cog": 57.3, "heading": 511, "status": "Under maskin"}}, {"type": "Feature", "geometry": {"type": "Point", "coordinates": [5.694728, 62.371967]}, "properties": {"time": "2025-10-21T16:34:03Z", "sog": 8.1, "cog": 51.1, "heading": 511, "status": "Under maskin"}}, {"type": "Feature", "geometry": {"type": "Point", "coordinates": [5.696503, 62.372505]}, "properties": {"time": "2025-10-21T16:34:33Z", "sog": 7.5, "cog": 51.3, "heading": 511, "status": "Under maskin"}}, {"type": "Feature", "geometry": {"type": "Point", "coordinates": [5.698332, 62.37307]}, "properties": {"time": "2025-10-21T16:35:03Z", "sog": 6.7, "cog": 52.5, "heading": 511, "status": "Under maskin"}}, {"type": "Feature", "geometry": {"type": "Point", "coordinates": [5.700181, 62.373646]}, "properties": {"time": "2025-10-21T16:35:33Z", "sog": 7.5, "cog": 55.1, "heading": 511, "status": "Under maskin"}}, {"type": "Feature", "geometry": {"type": "Point", "coordinates": [5.70186, 62.374176]}, "properties": {"time": "2025-10-21T16:36:03Z", "sog": 7.2, "cog": 58.1, "heading": 511, "status": "Under maskin"}}, {"type": "Feature", "geometry": {"type": "Point", "coordinates": [5.70371, 62.374722]}, "properties": {"time": "2025-10-21T16:36:32Z", "sog": 7.3, "cog": 64.8, "heading": 511, "status": "Under maskin"}}, {"type": "Feature", "geometry": {"type": "Point", "coordinates": [5.705675, 62.375252]}, "properties": {"time": "2025-10-21T16:37:03Z", "sog": 7.2, "cog": 61.9, "heading": 511, "status": "Under maskin"}}, {"type": "Feature", "geometry": {"type": "Point", "coordinates": [5.707515, 62.375759]}, "properties": {"time": "2025-10-21T16:37:32Z", "sog": 7.3, "cog": 62.1, "heading": 511, "status": "Under maskin"}}, {"type": "Feature", "geometry": {"type": "Point", "coordinates": [5.709458, 62.376308]}, "properties": {"time": "2025-10-21T16:38:03Z", "sog": 6.9, "cog": 56.5, "heading": 511, "status": "Under maskin"}}, {"type": "Feature", "geometry": {"type": "Point", "coordinates": [5.711248, 62.376823]}, "properties": {"time": "2025-10-21T16:38:32Z", "sog": 7.4, "cog": 55.8, "heading": 511, "status": "Under maskin"}}, {"type": "Feature", "geometry": {"type": "Point", "coordinates": [5.713207, 62.377338]}, "properties": {"time": "2025-10-21T16:39:03Z", "sog": 6.6, "cog": 61.7, "heading": 511, "status": "Under maskin"}}, {"type": "Feature", "geometry": {"type": "Point", "coordinates": [5.715042, 62.377811]}, "properties": {"time": "2025-10-21T16:39:32Z", "sog": 7.6, "cog": 65.0, "heading": 511, "status": "Under maskin"}}, {"type": "Feature", "geometry": {"type": "Point", "coordinates": [5.716998, 62.378326]}, "properties": {"time": "2025-10-21T16:40:03Z", "sog": 7.5, "cog": 57.1, "heading": 511, "status": "Under maskin"}}, {"type": "Feature", "geometry": {"type": "Point", "coordinates": [5.718862, 62.378799]}, "properties": {"time": "2025-10-21T16:40:32Z", "sog": 7.3, "cog": 65.4, "heading": 511, "status": "Under maskin"}}, {"type": "Feature", "geometry": {"type": "Point", "coordinates": [5.720881, 62.379284]}, "properties": {"time": "2025-10-21T16:41:03Z", "sog": 7.7, "cog": 59.6, "heading": 511, "status": "Under maskin"}}, {"type": "Feature", "geometry": {"type": "Point", "coordinates": [5.722795, 62.37973]}, "properties": {"time": "2025-10-21T16:41:32Z", "sog": 8.0, "cog": 60.7, "heading": 511, "status": "Under maskin"}}, {"type": "Feature", "geometry": {"type": "Point", "coordinates": [5.724627, 62.380169]}, "properties": {"time": "2025-10-21T16:42:00Z", "sog": 7.5, "cog": 57.0, "heading": 511, "status": "Under maskin"}}, {"type": "Feature", "geometry": {"type": "Point", "coordinates": [5.726682, 62.380695]}, "properties": {"time": "2025-10-21T16:42:32Z", "sog": 7.5, "cog": 62.1, "heading": 511, "status": "Under maskin"}}, {"type": "Feature", "geometry": {"type": "Point", "coordinates": [5.728547, 62.38118]}, "properties": {"time": "2025-10-21T16:43:00Z", "sog": 7.0, "cog": 62.7, "heading": 511, "status": "Under maskin"}}, {"type": "Feature", "geometry": {"type": "Point", "coordinates": [5.730522, 62.381702]}, "properties": {"time": "2025-10-21T16:43:32Z", "sog": 7.5, "cog": 52.3, "heading": 511, "status": "Under maskin"}}, {"type": "Feature", "geometry": {"type": "Point", "coordinates": [5.734364, 62.382706]}, "properties": {"time": "2025-10-21T16:44:32Z", "sog": 7.4, "cog": 58.8, "heading": 511, "status": "Under maskin"}}, {"type": "Feature", "geometry": {"type": "Point", "coordinates": [5.736212, 62.383167]}, "properties": {"time": "2025-10-21T16:45:00Z", "sog": 7.3, "cog": 62.9, "heading": 511, "status": "Under maskin"}}, {"type": "Feature", "geometry": {"type": "Point", "coordinates": [5.738297, 62.38369]}, "properties": {"time": "2025-10-21T16:45:32Z", "sog": 7.7, "cog": 61.6, "heading": 511, "status": "Under maskin"}}, {"type": "Feature", "geometry": {"type": "Point", "coordinates": [5.740152, 62.384178]}, "properties": {"time": "2025-10-21T16:46:00Z", "sog": 7.7, "cog": 59.1, "heading": 511, "status": "Under maskin"}}, {"type": "Feature", "geometry": {"type": "Point", "coordinates": [5.7422, 62.38472]}, "properties": {"time": "2025-10-21T16:46:32Z", "sog": 7.5, "cog": 63.8, "heading": 511, "status": "Under maskin"}}, {"type": "Feature", "geometry": {"type": "Point", "coordinates": [5.744075, 62.385181]}, "properties": {"time": "2025-10-21T16:47:02Z", "sog": 7.5, "cog": 58.6, "heading": 511, "status": "Under maskin"}}, {"type": "Feature", "geometry": {"type": "Point", "coordinates": [5.746002, 62.385674]}, "properties": {"time": "2025-10-21T16:47:32Z", "sog": 7.4, "cog": 61.1, "heading": 511, "status": "Under maskin"}}, {"type": "Feature", "geometry": {"type": "Point", "coordinates": [5.747968, 62.386154]}, "properties": {"time": "2025-10-21T16:48:02Z", "sog": 8.1, "cog": 62.3, "heading": 511, "status": "Under maskin"}}, {"type": "Feature", "geometry": {"type": "Point", "coordinates": [5.749945, 62.386631]}, "properties": {"time": "2025-10-21T16:48:32Z", "sog": 7.3, "cog": 66.6, "heading": 511, "status": "Under maskin"}}, {"type": "Feature", "geometry": {"type": "Point", "coordinates": [5.751915, 62.3871]}, "properties": {"time": "2025-10-21T16:49:02Z", "sog": 8.0, "cog": 63.0, "heading": 511, "status": "Under maskin"}}, {"type": "Feature", "geometry": {"type": "Point", "coordinates": [5.753839, 62.387566]}, "properties": {"time": "2025-10-21T16:49:32Z", "sog": 7.6, "cog": 66.4, "heading": 511, "status": "Under maskin"}}, {"type": "Feature", "geometry": {"type": "Point", "coordinates": [5.755902, 62.38805]}, "properties": {"time": "2025-10-21T16:50:02Z", "sog": 7.6, "cog": 62.1, "heading": 511, "status": "Under maskin"}}, {"type": "Feature", "geometry": {"type": "Point", "coordinates": [5.757906, 62.388519]}, "properties": {"time": "2025-10-21T16:50:32Z", "sog": 7.5, "cog": 63.7, "heading": 511, "status": "Under maskin"}}, {"type": "Feature", "geometry": {"type": "Point", "coordinates": [5.759912, 62.388992]}, "properties": {"time": "2025-10-21T16:51:02Z", "sog": 7.3, "cog": 63.2, "heading": 511, "status": "Under maskin"}}, {"type": "Feature", "geometry": {"type": "Point", "coordinates": [5.76192, 62.389454]}, "properties": {"time": "2025-10-21T16:51:32Z", "sog": 7.5, "cog": 62.1, "heading": 511, "status": "Under maskin"}}, {"type": "Feature", "geometry": {"type": "Point", "coordinates": [5.76393, 62.389931]}, "properties": {"time": "2025-10-21T16:52:02Z", "sog": 7.7, "cog": 59.8, "heading": 511, "status": "Under maskin"}}, {"type": "Feature", "geometry": {"type": "Point", "coordinates": [5.765893, 62.39045]}, "properties": {"time": "2025-10-21T16:52:32Z", "sog": 7.5, "cog": 61.9, "heading": 511, "status": "Under maskin"}}, {"type": "Feature", "geometry": {"type": "Point", "coordinates": [5.769818, 62.391472]}, "properties": {"time": "2025-10-21T16:53:32Z", "sog": 7.5, "cog": 61.5, "heading": 511, "status": "Under maskin"}}, {"type": "Feature", "geometry": {"type": "Point", "coordinates": [5.773728, 62.392487]}, "properties": {"time": "2025-10-21T16:54:32Z", "sog": 7.1, "cog": 60.1, "heading": 511, "status": "Under maskin"}}, {"type": "Feature", "geometry": {"type": "Point", "coordinates": [5.775681, 62.392986]}, "properties": {"time": "2025-10-21T16:55:02Z", "sog": 7.8, "cog": 57.1, "heading": 511, "status": "Under maskin"}}, {"type": "Feature", "geometry": {"type": "Point", "coordinates": [5.777515, 62.393463]}, "properties": {"time": "2025-10-21T16:55:29Z", "sog": 7.3, "cog": 61.7, "heading": 511, "status": "Under maskin"}}, {"type": "Feature", "geometry": {"type": "Point", "coordinates": [5.779654, 62.394028]}, "properties": {"time": "2025-10-21T16:56:02Z", "sog": 7.6, "cog": 60.9, "heading": 511, "status": "Under maskin"}}, {"type": "Feature", "geometry": {"type": "Point", "coordinates": [5.781343, 62.39447]}, "properties": {"time": "2025-10-21T16:56:29Z", "sog": 7.1, "cog": 58.8, "heading": 511, "status": "Under maskin"}}, {"type": "Feature", "geometry": {"type": "Point", "coordinates": [5.783448, 62.395035]}, "properties": {"time": "2025-10-21T16:57:02Z", "sog": 7.7, "cog": 56.8, "heading": 511, "status": "Under maskin"}}, {"type": "Feature", "geometry": {"type": "Point", "coordinates": [5.78526, 62.395523]}, "properties": {"time": "2025-10-21T16:57:29Z", "sog": 7.5, "cog": 60.7, "heading": 511, "status": "Under maskin"}}, {"type": "Feature", "geometry": {"type": "Point", "coordinates": [5.7873, 62.396069]}, "properties": {"time": "2025-10-21T16:58:02Z", "sog": 7.9, "cog": 61.5, "heading": 511, "status": "Under maskin"}}, {"type": "Feature", "geometry": {"type": "Point", "coordinates": [5.789042, 62.396538]}, "properties": {"time": "2025-10-21T16:58:29Z", "sog": 7.7, "cog": 60.8, "heading": 511, "status": "Under maskin"}}, {"type": "Feature", "geometry": {"type": "Point", "coordinates": [5.79114, 62.39711]}, "properties": {"time": "2025-10-21T16:59:02Z", "sog": 6.6, "cog": 59.6, "heading": 511, "status": "Under maskin"}}, {"type": "Feature", "geometry": {"type": "Point", "coordinates": [5.792873, 62.397625]}, "properties": {"time": "2025-10-21T16:59:29Z", "sog": 8.1, "cog": 53.4, "heading": 511, "status": "Under maskin"}}, {"type": "Feature", "geometry": {"type": "Point", "coordinates": [5.79482, 62.398212]}, "properties": {"time": "2025-10-21T17:00:01Z", "sog": 7.7, "cog": 53.2, "heading": 511, "status": "Under maskin"}}, {"type": "Feature", "geometry": {"type": "Point", "coordinates": [5.79663, 62.398762]}, "properties": {"time": "2025-10-21T17:00:29Z", "sog": 7.7, "cog": 56.8, "heading": 511, "status": "Under maskin"}}, {"type": "Feature", "geometry": {"type": "Point", "coordinates": [5.798625, 62.399361]}, "properties": {"time": "2025-10-21T17:01:01Z", "sog": 7.5, "cog": 59.1, "heading": 511, "status": "Under maskin"}}, {"type": "Feature", "geometry": {"type": "Point", "coordinates": [5.800358, 62.399902]}, "properties": {"time": "2025-10-21T17:01:29Z", "sog": 7.6, "cog": 55.3, "heading": 511, "status": "Under maskin"}}, {"type": "Feature", "geometry": {"type": "Point", "coordinates": [5.802262, 62.400501]}, "properties": {"time": "2025-10-21T17:02:01Z", "sog": 7.9, "cog": 54.2, "heading": 511, "status": "Under maskin"}}, {"type": "Feature", "geometry": {"type": "Point", "coordinates": [5.804207, 62.401127]}, "properties": {"time": "2025-10-21T17:02:33Z", "sog": 8.0, "cog": 53.6, "heading": 511, "status": "Under maskin"}}, {"type": "Feature", "geometry": {"type": "Point", "coordinates": [5.805965, 62.401703]}, "properties": {"time": "2025-10-21T17:03:01Z", "sog": 7.4, "cog": 55.7, "heading": 511, "status": "Under maskin"}}, {"type": "Feature", "geometry": {"type": "Point", "coordinates": [5.807877, 62.402325]}, "properties": {"time": "2025-10-21T17:03:33Z", "sog": 7.3, "cog": 55.3, "heading": 511, "status": "Under maskin"}}, {"type": "Feature", "geometry": {"type": "Point", "coordinates": [5.809582, 62.402889]}, "properties": {"time": "2025-10-21T17:04:01Z", "sog": 7.6, "cog": 51.3, "heading": 511, "status": "Under maskin"}}, {"type": "Feature", "geometry": {"type": "Point", "coordinates": [5.811552, 62.40353]}, "properties": {"time": "2025-10-21T17:04:33Z", "sog": 7.4, "cog": 54.5, "heading": 511, "status": "Under maskin"}}, {"type": "Feature", "geometry": {"type": "Point", "coordinates": [5.81327, 62.404083]}, "properties": {"time": "2025-10-21T17:05:01Z", "sog": 7.6, "cog": 55.1, "heading": 511, "status": "Under maskin"}}, {"type": "Feature", "geometry": {"type": "Point", "coordinates": [5.815228, 62.404724]}, "properties": {"time": "2025-10-21T17:05:33Z", "sog": 7.1, "cog": 50.3, "heading": 511, "status": "Under maskin"}}, {"type": "Feature", "geometry": {"type": "Point", "coordinates": [5.816985, 62.4053]}, "properties": {"time": "2025-10-21T17:06:01Z", "sog": 7.5, "cog": 51.8, "heading": 511, "status": "Under maskin"}}, {"type": "Feature", "geometry": {"type": "Point", "coordinates": [5.818917, 62.405941]}, "properties": {"time": "2025-10-21T17:06:33Z", "sog": 7.4, "cog": 47.4, "heading": 511, "status": "Under maskin"}}, {"type": "Feature", "geometry": {"type": "Point", "coordinates": [5.820562, 62.406475]}, "properties": {"time": "2025-10-21T17:07:01Z", "sog": 7.7, "cog": 55.9, "heading": 511, "status": "Under maskin"}}, {"type": "Feature", "geometry": {"type": "Point", "coordinates": [5.822515, 62.407108]}, "properties": {"time": "2025-10-21T17:07:33Z", "sog": 7.5, "cog": 52.9, "heading": 511, "status": "Under maskin"}}, {"type": "Feature", "geometry": {"type": "Point", "coordinates": [5.824247, 62.407677]}, "properties": {"time": "2025-10-21T17:08:01Z", "sog": 7.3, "cog": 57.3, "heading": 511, "status": "Under maskin"}}, {"type": "Feature", "geometry": {"type": "Point", "coordinates": [5.826217, 62.408325]}, "properties": {"time": "2025-10-21T17:08:33Z", "sog": 7.6, "cog": 52.4, "heading": 511, "status": "Under maskin"}}, {"type": "Feature", "geometry": {"type": "Point", "coordinates": [5.827909, 62.408901]}, "properties": {"time": "2025-10-21T17:09:01Z", "sog": 7.3, "cog": 52.9, "heading": 511, "status": "Under maskin"}}, {"type": "Feature", "geometry": {"type": "Point", "coordinates": [5.82986, 62.409565]}, "properties": {"time": "2025-10-21T17:09:33Z", "sog": 7.9, "cog": 56.3, "heading": 511, "status": "Under maskin"}}, {"type": "Feature", "geometry": {"type": "Point", "coordinates": [5.831573, 62.410133]}, "properties": {"time": "2025-10-21T17:10:01Z", "sog": 8.1, "cog": 57.5, "heading": 511, "status": "Under maskin"}}, {"type": "Feature", "geometry": {"type": "Point", "coordinates": [5.83336, 62.41074]}, "properties": {"time": "2025-10-21T17:10:29Z", "sog": 7.2, "cog": 56.7, "heading": 511, "status": "Under maskin"}}, {"type": "Feature", "geometry": {"type": "Point", "coordinates": [5.835279, 62.411381]}, "properties": {"time": "2025-10-21T17:11:01Z", "sog": 7.4, "cog": 54.6, "heading": 511, "status": "Under maskin"}}, {"type": "Feature", "geometry": {"type": "Point", "coordinates": [5.837059, 62.411934]}, "properties": {"time": "2025-10-21T17:11:29Z", "sog": 8.5, "cog": 59.1, "heading": 511, "status": "Under maskin"}}, {"type": "Feature", "geometry": {"type": "Point", "coordinates": [5.839155, 62.412582]}, "properties": {"time": "2025-10-21T17:12:03Z", "sog": 7.6, "cog": 52.7, "heading": 511, "status": "Under maskin"}}, {"type": "Feature", "geometry": {"type": "Point", "coordinates": [5.840945, 62.413132]}, "properties": {"time": "2025-10-21T17:12:29Z", "sog": 8.0, "cog": 54.0, "heading": 511, "status": "Under maskin"}}, {"type": "Feature", "geometry": {"type": "Point", "coordinates": [5.843048, 62.413769]}, "properties": {"time": "2025-10-21T17:13:03Z", "sog": 7.5, "cog": 56.7, "heading": 511, "status": "Under maskin"}}, {"type": "Feature", "geometry": {"type": "Point", "coordinates": [5.844727, 62.41431]}, "properties": {"time": "2025-10-21T17:13:29Z", "sog": 7.7, "cog": 55.5, "heading": 511, "status": "Under maskin"}}, {"type": "Feature", "geometry": {"type": "Point", "coordinates": [5.846845, 62.41494]}, "properties": {"time": "2025-10-21T17:14:03Z", "sog": 7.8, "cog": 60.7, "heading": 511, "status": "Under maskin"}}, {"type": "Feature", "geometry": {"type": "Point", "coordinates": [5.848526, 62.415451]}, "properties": {"time": "2025-10-21T17:14:29Z", "sog": 7.1, "cog": 58.1, "heading": 511, "status": "Under maskin"}}, {"type": "Feature", "geometry": {"type": "Point", "coordinates": [5.850708, 62.416115]}, "properties": {"time": "2025-10-21T17:15:03Z", "sog": 7.7, "cog": 57.0, "heading": 511, "status": "Under maskin"}}, {"type": "Feature", "geometry": {"type": "Point", "coordinates": [5.852535, 62.41666]}, "properties": {"time": "2025-10-21T17:15:31Z", "sog": 7.4, "cog": 60.4, "heading": 511, "status": "Under maskin"}}, {"type": "Feature", "geometry": {"type": "Point", "coordinates": [5.854583, 62.41729]}, "properties": {"time": "2025-10-21T17:16:03Z", "sog": 7.8, "cog": 54.9, "heading": 511, "status": "Under maskin"}}, {"type": "Feature", "geometry": {"type": "Point", "coordinates": [5.856421, 62.417835]}, "properties": {"time": "2025-10-21T17:16:31Z", "sog": 8.0, "cog": 55.6, "heading": 511, "status": "Under maskin"}}, {"type": "Feature", "geometry": {"type": "Point", "coordinates": [5.858511, 62.418453]}, "properties": {"time": "2025-10-21T17:17:03Z", "sog": 8.2, "cog": 56.4, "heading": 511, "status": "Under maskin"}}, {"type": "Feature", "geometry": {"type": "Point", "coordinates": [5.860368, 62.418949]}, "properties": {"time": "2025-10-21T17:17:31Z", "sog": 8.1, "cog": 57.8, "heading": 511, "status": "Under maskin"}}, {"type": "Feature", "geometry": {"type": "Point", "coordinates": [5.862512, 62.41951]}, "properties": {"time": "2025-10-21T17:18:03Z", "sog": 7.2, "cog": 60.7, "heading": 511, "status": "Under maskin"}}, {"type": "Feature", "geometry": {"type": "Point", "coordinates": [5.864419, 62.420029]}, "properties": {"time": "2025-10-21T17:18:31Z", "sog": 7.4, "cog": 60.9, "heading": 511, "status": "Under maskin"}}, {"type": "Feature", "geometry": {"type": "Point", "coordinates": [5.866271, 62.420528]}, "properties": {"time": "2025-10-21T17:19:00Z", "sog": 7.4, "cog": 57.4, "heading": 511, "status": "Under maskin"}}, {"type": "Feature", "geometry": {"type": "Point", "coordinates": [5.868275, 62.421082]}, "properties": {"time": "2025-10-21T17:19:31Z", "sog": 7.5, "cog": 62.5, "heading": 511, "status": "Under maskin"}}, {"type": "Feature", "geometry": {"type": "Point", "coordinates": [5.870217, 62.421612]}, "properties": {"time": "2025-10-21T17:20:00Z", "sog": 7.5, "cog": 62.9, "heading": 511, "status": "Under maskin"}}, {"type": "Feature", "geometry": {"type": "Point", "coordinates": [5.872139, 62.422146]}, "properties": {"time": "2025-10-21T17:20:31Z", "sog": 7.5, "cog": 58.1, "heading": 511, "status": "Under maskin"}}, {"type": "Feature", "geometry": {"type": "Point", "coordinates": [5.874043, 62.422688]}, "properties": {"time": "2025-10-21T17:21:00Z", "sog": 7.6, "cog": 54.0, "heading": 511, "status": "Under maskin"}}, {"type": "Feature", "geometry": {"type": "Point", "coordinates": [5.875975, 62.423222]}, "properties": {"time": "2025-10-21T17:21:31Z", "sog": 7.5, "cog": 54.6, "heading": 511, "status": "Under maskin"}}, {"type": "Feature", "geometry": {"type": "Point", "coordinates": [5.87789, 62.423759]}, "properties": {"time": "2025-10-21T17:22:00Z", "sog": 7.8, "cog": 57.6, "heading": 511, "status": "Under maskin"}}, {"type": "Feature", "geometry": {"type": "Point", "coordinates": [5.879907, 62.424301]}, "properties": {"time": "2025-10-21T17:22:31Z", "sog": 7.8, "cog": 56.6, "heading": 511, "status": "Under maskin"}}, {"type": "Feature", "geometry": {"type": "Point", "coordinates": [5.881688, 62.424751]}, "properties": {"time": "2025-10-21T17:23:00Z", "sog": 7.7, "cog": 55.8, "heading": 511, "status": "Under maskin"}}, {"type": "Feature", "geometry": {"type": "Point", "coordinates": [5.8838, 62.425289]}, "properties": {"time": "2025-10-21T17:23:31Z", "sog": 7.3, "cog": 60.1, "heading": 511, "status": "Under maskin"}}, {"type": "Feature", "geometry": {"type": "Point", "coordinates": [5.88572, 62.42577]}, "properties": {"time": "2025-10-21T17:24:00Z", "sog": 7.7, "cog": 56.9, "heading": 511, "status": "Under maskin"}}, {"type": "Feature", "geometry": {"type": "Point", "coordinates": [5.887818, 62.426292]}, "properties": {"time": "2025-10-21T17:24:31Z", "sog": 7.2, "cog": 59.8, "heading": 511, "status": "Under maskin"}}, {"type": "Feature", "geometry": {"type": "Point", "coordinates": [5.889655, 62.42675]}, "properties": {"time": "2025-10-21T17:25:00Z", "sog": 7.3, "cog": 63.7, "heading": 511, "status": "Under maskin"}}, {"type": "Feature", "geometry": {"type": "Point", "coordinates": [5.891706, 62.42725]}, "properties": {"time": "2025-10-21T17:25:31Z", "sog": 7.1, "cog": 59.6, "heading": 511, "status": "Under maskin"}}, {"type": "Feature", "geometry": {"type": "Point", "coordinates": [5.893623, 62.427731]}, "properties": {"time": "2025-10-21T17:26:00Z", "sog": 7.6, "cog": 60.0, "heading": 511, "status": "Under maskin"}}, {"type": "Feature", "geometry": {"type": "Point", "coordinates": [5.895692, 62.428242]}, "properties": {"time": "2025-10-21T17:26:31Z", "sog": 7.6, "cog": 61.2, "heading": 511, "status": "Under maskin"}}, {"type": "Feature", "geometry": {"type": "Point", "coordinates": [5.897605, 62.42873]}, "properties": {"time": "2025-10-21T17:27:00Z", "sog": 7.4, "cog": 61.8, "heading": 511, "status": "Under maskin"}}, {"type": "Feature", "geometry": {"type": "Point", "coordinates": [5.899688, 62.429234]}, "properties": {"time": "2025-10-21T17:27:31Z", "sog": 7.7, "cog": 66.9, "heading": 511, "status": "Under maskin"}}, {"type": "Feature", "geometry": {"type": "Point", "coordinates": [5.901655, 62.429703]}, "properties": {"time": "2025-10-21T17:28:00Z", "sog": 7.9, "cog": 59.1, "heading": 511, "status": "Under maskin"}}, {"type": "Feature", "geometry": {"type": "Point", "coordinates": [5.903737, 62.430202]}, "properties": {"time": "2025-10-21T17:28:31Z", "sog": 7.2, "cog": 61.1, "heading": 511, "status": "Under maskin"}}, {"type": "Feature", "geometry": {"type": "Point", "coordinates": [5.9058, 62.43071]}, "properties": {"time": "2025-10-21T17:29:01Z", "sog": 7.2, "cog": 63.0, "heading": 511, "status": "Under maskin"}}, {"type": "Feature", "geometry": {"type": "Point", "coordinates": [5.9079, 62.431217]}, "properties": {"time": "2025-10-21T17:29:33Z", "sog": 7.5, "cog": 58.2, "heading": 511, "status": "Under maskin"}}, {"type": "Feature", "geometry": {"type": "Point", "coordinates": [5.909777, 62.431675]}, "properties": {"time": "2025-10-21T17:30:01Z", "sog": 7.7, "cog": 65.8, "heading": 511, "status": "Under maskin"}}, {"type": "Feature", "geometry": {"type": "Point", "coordinates": [5.911933, 62.432198]}, "properties": {"time": "2025-10-21T17:30:33Z", "sog": 7.6, "cog": 64.3, "heading": 511, "status": "Under maskin"}}, {"type": "Feature", "geometry": {"type": "Point", "coordinates": [5.913898, 62.432659]}, "properties": {"time": "2025-10-21T17:31:01Z", "sog": 7.9, "cog": 65.2, "heading": 511, "status": "Under maskin"}}, {"type": "Feature", "geometry": {"type": "Point", "coordinates": [5.916, 62.433155]}, "properties": {"time": "2025-10-21T17:31:33Z", "sog": 8.0, "cog": 68.2, "heading": 511, "status": "Under maskin"}}, {"type": "Feature", "geometry": {"type": "Point", "coordinates": [5.917885, 62.433594]}, "properties": {"time": "2025-10-21T17:32:01Z", "sog": 7.8, "cog": 63.7, "heading": 511, "status": "Under maskin"}}, {"type": "Feature", "geometry": {"type": "Point", "coordinates": [5.920072, 62.434105]}, "properties": {"time": "2025-10-21T17:32:33Z", "sog": 7.3, "cog": 60.5, "heading": 511, "status": "Under maskin"}}, {"type": "Feature", "geometry": {"type": "Point", "coordinates": [5.92183, 62.434566]}, "properties": {"time": "2025-10-21T17:33:01Z", "sog": 6.9, "cog": 49.5, "heading": 511, "status": "Under maskin"}}, {"type": "Feature", "geometry": {"type": "Point", "coordinates": [5.923682, 62.435047]}, "properties": {"time": "2025-10-21T17:33:33Z", "sog": 7.1, "cog": 58.8, "heading": 511, "status": "Under maskin"}}, {"type": "Feature", "geometry": {"type": "Point", "coordinates": [5.925333, 62.435482]}, "properties": {"time": "2025-10-21T17:34:01Z", "sog": 6.6, "cog": 66.5, "heading": 511, "status": "Under maskin"}}, {"type": "Feature", "geometry": {"type": "Point", "coordinates": [5.927233, 62.435978]}, "properties": {"time": "2025-10-21T17:34:33Z", "sog": 7.3, "cog": 64.7, "heading": 511, "status": "Under maskin"}}, {"type": "Feature", "geometry": {"type": "Point", "coordinates": [5.928983, 62.436436]}, "properties": {"time": "2025-10-21T17:35:01Z", "sog": 7.0, "cog": 59.3, "heading": 511, "status": "Under maskin"}}, {"type": "Feature", "geometry": {"type": "Point", "coordinates": [5.930805, 62.436905]}, "properties": {"time": "2025-10-21T17:35:33Z", "sog": 6.8, "cog": 63.1, "heading": 511, "status": "Under maskin"}}, {"type": "Feature", "geometry": {"type": "Point", "coordinates": [5.932468, 62.437336]}, "properties": {"time": "2025-10-21T17:36:01Z", "sog": 7.0, "cog": 63.8, "heading": 511, "status": "Under maskin"}}, {"type": "Feature", "geometry": {"type": "Point", "coordinates": [5.934407, 62.437832]}, "properties": {"time": "2025-10-21T17:36:33Z", "sog": 7.0, "cog": 60.9, "heading": 511, "status": "Under maskin"}}, {"type": "Feature", "geometry": {"type": "Point", "coordinates": [5.936155, 62.438286]}, "properties": {"time": "2025-10-21T17:37:01Z", "sog": 6.8, "cog": 59.9, "heading": 511, "status": "Under maskin"}}, {"type": "Feature", "geometry": {"type": "Point", "coordinates": [5.938082, 62.438793]}, "properties": {"time": "2025-10-21T17:37:33Z", "sog": 6.8, "cog": 63.0, "heading": 511, "status": "Under maskin"}}, {"type": "Feature", "geometry": {"type": "Point", "coordinates": [5.939702, 62.439224]}, "properties": {"time": "2025-10-21T17:38:01Z", "sog": 7.0, "cog": 61.8, "heading": 511, "status": "Under maskin"}}, {"type": "Feature", "geometry": {"type": "Point", "coordinates": [5.94164, 62.439705]}, "properties": {"time": "2025-10-21T17:38:33Z", "sog": 7.1, "cog": 63.9, "heading": 511, "status": "Under maskin"}}, {"type": "Feature", "geometry": {"type": "Point", "coordinates": [5.943395, 62.440144]}, "properties": {"time": "2025-10-21T17:39:01Z", "sog": 7.3, "cog": 64.2, "heading": 511, "status": "Under maskin"}}, {"type": "Feature", "geometry": {"type": "Point", "coordinates": [5.945297, 62.44059]}, "properties": {"time": "2025-10-21T17:39:33Z", "sog": 7.1, "cog": 64.4, "heading": 511, "status": "Under maskin"}}, {"type": "Feature", "geometry": {"type": "Point", "coordinates": [5.94707, 62.441017]}, "properties": {"time": "2025-10-21T17:40:01Z", "sog": 7.1, "cog": 66.2, "heading": 511, "status": "Under maskin"}}, {"type": "Feature", "geometry": {"type": "Point", "coordinates": [5.948956, 62.441475]}, "properties": {"time": "2025-10-21T17:40:33Z", "sog": 6.8, "cog": 59.8, "heading": 511, "status": "Under maskin"}}, {"type": "Feature", "geometry": {"type": "Point", "coordinates": [5.950725, 62.441898]}, "properties": {"time": "2025-10-21T17:41:01Z", "sog": 6.6, "cog": 61.3, "heading": 511, "status": "Under maskin"}}, {"type": "Feature", "geometry": {"type": "Point", "coordinates": [5.95264, 62.442345]}, "properties": {"time": "2025-10-21T17:41:33Z", "sog": 7.0, "cog": 62.1, "heading": 511, "status": "Under maskin"}}, {"type": "Feature", "geometry": {"type": "Point", "coordinates": [5.954427, 62.442768]}, "properties": {"time": "2025-10-21T17:42:01Z", "sog": 7.1, "cog": 61.6, "heading": 511, "status": "Under maskin"}}, {"type": "Feature", "geometry": {"type": "Point", "coordinates": [5.9564, 62.443256]}, "properties": {"time": "2025-10-21T17:42:33Z", "sog": 7.0, "cog": 62.6, "heading": 511, "status": "Under maskin"}}, {"type": "Feature", "geometry": {"type": "Point", "coordinates": [5.958048, 62.443672]}, "properties": {"time": "2025-10-21T17:43:01Z", "sog": 7.0, "cog": 58.5, "heading": 511, "status": "Under maskin"}}, {"type": "Feature", "geometry": {"type": "Point", "coordinates": [5.960028, 62.444172]}, "properties": {"time": "2025-10-21T17:43:33Z", "sog": 6.8, "cog": 62.3, "heading": 511, "status": "Under maskin"}}, {"type": "Feature", "geometry": {"type": "Point", "coordinates": [5.9618, 62.444622]}, "properties": {"time": "2025-10-21T17:44:01Z", "sog": 7.1, "cog": 60.6, "heading": 511, "status": "Under maskin"}}, {"type": "Feature", "geometry": {"type": "Point", "coordinates": [5.963535, 62.445057]}, "properties": {"time": "2025-10-21T17:44:30Z", "sog": 7.0, "cog": 59.7, "heading": 511, "status": "Under maskin"}}, {"type": "Feature", "geometry": {"type": "Point", "coordinates": [5.965598, 62.445583]}, "properties": {"time": "2025-10-21T17:45:03Z", "sog": 6.9, "cog": 60.4, "heading": 511, "status": "Under maskin"}}, {"type": "Feature", "geometry": {"type": "Point", "coordinates": [5.967272, 62.446007]}, "properties": {"time": "2025-10-21T17:45:30Z", "sog": 7.1, "cog": 58.5, "heading": 511, "status": "Under maskin"}}, {"type": "Feature", "geometry": {"type": "Point", "coordinates": [5.96932, 62.446533]}, "properties": {"time": "2025-10-21T17:46:03Z", "sog": 7.1, "cog": 63.2, "heading": 511, "status": "Under maskin"}}, {"type": "Feature", "geometry": {"type": "Point", "coordinates": [5.97108, 62.446991]}, "properties": {"time": "2025-10-21T17:46:30Z", "sog": 7.4, "cog": 60.1, "heading": 511, "status": "Under maskin"}}, {"type": "Feature", "geometry": {"type": "Point", "coordinates": [5.973142, 62.447536]}, "properties": {"time": "2025-10-21T17:47:03Z", "sog": 7.2, "cog": 60.4, "heading": 511, "status": "Under maskin"}}, {"type": "Feature", "geometry": {"type": "Point", "coordinates": [5.974792, 62.447971]}, "properties": {"time": "2025-10-21T17:47:30Z", "sog": 7.6, "cog": 60.0, "heading": 511, "status": "Under maskin"}}, {"type": "Feature", "geometry": {"type": "Point", "coordinates": [5.976855, 62.448517]}, "properties": {"time": "2025-10-21T17:48:03Z", "sog": 7.0, "cog": 60.6, "heading": 511, "status": "Under maskin"}}, {"type": "Feature", "geometry": {"type": "Point", "coordinates": [5.978652, 62.448978]}, "properties": {"time": "2025-10-21T17:48:30Z", "sog": 7.3, "cog": 61.8, "heading": 511, "status": "Under maskin"}}, {"type": "Feature", "geometry": {"type": "Point", "coordinates": [5.980701, 62.449505]}, "properties": {"time": "2025-10-21T17:49:03Z", "sog": 7.3, "cog": 62.3, "heading": 511, "status": "Under maskin"}}, {"type": "Feature", "geometry": {"type": "Point", "coordinates": [5.982498, 62.44997]}, "properties": {"time": "2025-10-21T17:49:30Z", "sog": 7.1, "cog": 59.4, "heading": 511, "status": "Under maskin"}}, {"type": "Feature", "geometry": {"type": "Point", "coordinates": [5.984665, 62.450508]}, "properties": {"time": "2025-10-21T17:50:03Z", "sog": 7.6, "cog": 62.3, "heading": 511, "status": "Under maskin"}}, {"type": "Feature", "geometry": {"type": "Point", "coordinates": [5.986397, 62.450916]}, "properties": {"time": "2025-10-21T17:50:30Z", "sog": 7.0, "cog": 64.0, "heading": 511, "status": "Under maskin"}}, {"type": "Feature", "geometry": {"type": "Point", "coordinates": [5.988335, 62.451366]}, "properties": {"time": "2025-10-21T17:50:59Z", "sog": 7.3, "cog": 63.4, "heading": 511, "status": "Under maskin"}}, {"type": "Feature", "geometry": {"type": "Point", "coordinates": [5.990515, 62.451859]}, "properties": {"time": "2025-10-21T17:51:31Z", "sog": 7.5, "cog": 63.3, "heading": 511, "status": "Under maskin"}}, {"type": "Feature", "geometry": {"type": "Point", "coordinates": [5.992503, 62.452305]}, "properties": {"time": "2025-10-21T17:51:59Z", "sog": 7.7, "cog": 64.3, "heading": 511, "status": "Under maskin"}}, {"type": "Feature", "geometry": {"type": "Point", "coordinates": [5.994628, 62.452782]}, "properties": {"time": "2025-10-21T17:52:31Z", "sog": 7.4, "cog": 64.7, "heading": 511, "status": "Under maskin"}}, {"type": "Feature", "geometry": {"type": "Point", "coordinates": [5.996568, 62.453167]}, "properties": {"time": "2025-10-21T17:52:59Z", "sog": 7.6, "cog": 68.2, "heading": 511, "status": "Under maskin"}}, {"type": "Feature", "geometry": {"type": "Point", "coordinates": [5.998843, 62.453579]}, "properties": {"time": "2025-10-21T17:53:31Z", "sog": 7.9, "cog": 68.9, "heading": 511, "status": "Under maskin"}}, {"type": "Feature", "geometry": {"type": "Point", "coordinates": [6.000913, 62.453926]}, "properties": {"time": "2025-10-21T17:53:59Z", "sog": 7.7, "cog": 71.3, "heading": 511, "status": "Under maskin"}}, {"type": "Feature", "geometry": {"type": "Point", "coordinates": [6.00315, 62.454288]}, "properties": {"time": "2025-10-21T17:54:31Z", "sog": 7.6, "cog": 71.1, "heading": 511, "status": "Under maskin"}}, {"type": "Feature", "geometry": {"type": "Point", "coordinates": [6.005167, 62.454617]}, "properties": {"time": "2025-10-21T17:54:59Z", "sog": 7.6, "cog": 70.5, "heading": 511, "status": "Under maskin"}}, {"type": "Feature", "geometry": {"type": "Point", "coordinates": [6.007482, 62.454979]}, "properties": {"time": "2025-10-21T17:55:31Z", "sog": 7.7, "cog": 72.2, "heading": 511, "status": "Under maskin"}}, {"type": "Feature", "geometry": {"type": "Point", "coordinates": [6.011893, 62.455654]}, "properties": {"time": "2025-10-21T17:56:30Z", "sog": 7.8, "cog": 72.1, "heading": 511, "status": "Under maskin"}}, {"type": "Feature", "geometry": {"type": "Point", "coordinates": [6.01396, 62.455967]}, "properties": {"time": "2025-10-21T17:56:59Z", "sog": 7.8, "cog": 71.8, "heading": 511, "status": "Under maskin"}}, {"type": "Feature", "geometry": {"type": "Point", "coordinates": [6.016325, 62.456322]}, "properties": {"time": "2025-10-21T17:57:30Z", "sog": 8.1, "cog": 72.2, "heading": 511, "status": "Under maskin"}}, {"type": "Feature", "geometry": {"type": "Point", "coordinates": [6.018476, 62.456623]}, "properties": {"time": "2025-10-21T17:57:59Z", "sog": 8.0, "cog": 72.9, "heading": 511, "status": "Under maskin"}}, {"type": "Feature", "geometry": {"type": "Point", "coordinates": [6.020787, 62.456955]}, "properties": {"time": "2025-10-21T17:58:30Z", "sog": 7.4, "cog": 72.5, "heading": 511, "status": "Under maskin"}}, {"type": "Feature", "geometry": {"type": "Point", "coordinates": [6.02312, 62.457279]}, "properties": {"time": "2025-10-21T17:59:01Z", "sog": 7.8, "cog": 74.0, "heading": 511, "status": "Under maskin"}}, {"type": "Feature", "geometry": {"type": "Point", "coordinates": [6.025218, 62.457561]}, "properties": {"time": "2025-10-21T17:59:30Z", "sog": 7.9, "cog": 72.1, "heading": 511, "status": "Under maskin"}}, {"type": "Feature", "geometry": {"type": "Point", "coordinates": [6.027514, 62.457954]}, "properties": {"time": "2025-10-21T18:00:01Z", "sog": 8.0, "cog": 70.8, "heading": 511, "status": "Under maskin"}}, {"type": "Feature", "geometry": {"type": "Point", "coordinates": [6.029723, 62.45837]}, "properties": {"time": "2025-10-21T18:00:30Z", "sog": 8.2, "cog": 65.7, "heading": 511, "status": "Under maskin"}}, {"type": "Feature", "geometry": {"type": "Point", "coordinates": [6.032013, 62.45882]}, "properties": {"time": "2025-10-21T18:01:01Z", "sog": 8.0, "cog": 65.8, "heading": 511, "status": "Under maskin"}}, {"type": "Feature", "geometry": {"type": "Point", "coordinates": [6.034073, 62.459274]}, "properties": {"time": "2025-10-21T18:01:30Z", "sog": 8.1, "cog": 64.5, "heading": 511, "status": "Under maskin"}}, {"type": "Feature", "geometry": {"type": "Point", "coordinates": [6.036292, 62.459827]}, "properties": {"time": "2025-10-21T18:02:01Z", "sog": 8.1, "cog": 58.3, "heading": 511, "status": "Under maskin"}}, {"type": "Feature", "geometry": {"type": "Point", "coordinates": [6.038327, 62.460468]}, "properties": {"time": "2025-10-21T18:02:31Z", "sog": 8.3, "cog": 53.7, "heading": 511, "status": "Under maskin"}}, {"type": "Feature", "geometry": {"type": "Point", "coordinates": [6.040452, 62.461205]}, "properties": {"time": "2025-10-21T18:03:02Z", "sog": 8.3, "cog": 53.9, "heading": 511, "status": "Under maskin"}}, {"type": "Feature", "geometry": {"type": "Point", "coordinates": [6.042313, 62.461853]}, "properties": {"time": "2025-10-21T18:03:31Z", "sog": 8.4, "cog": 51.5, "heading": 511, "status": "Under maskin"}}, {"type": "Feature", "geometry": {"type": "Point", "coordinates": [6.044418, 62.462639]}, "properties": {"time": "2025-10-21T18:04:02Z", "sog": 8.7, "cog": 50.8, "heading": 511, "status": "Under maskin"}}, {"type": "Feature", "geometry": {"type": "Point", "coordinates": [6.04633, 62.463364]}, "properties": {"time": "2025-10-21T18:04:31Z", "sog": 8.6, "cog": 50.2, "heading": 511, "status": "Under maskin"}}, {"type": "Feature", "geometry": {"type": "Point", "coordinates": [6.048306, 62.464127]}, "properties": {"time": "2025-10-21T18:05:02Z", "sog": 8.7, "cog": 50.3, "heading": 511, "status": "Under maskin"}}, {"type": "Feature", "geometry": {"type": "Point", "coordinates": [6.050217, 62.464859]}, "properties": {"time": "2025-10-21T18:05:31Z", "sog": 8.5, "cog": 50.6, "heading": 511, "status": "Under maskin"}}, {"type": "Feature", "geometry": {"type": "Point", "coordinates": [6.052237, 62.465652]}, "properties": {"time": "2025-10-21T18:06:02Z", "sog": 8.5, "cog": 49.1, "heading": 511, "status": "Under maskin"}}, {"type": "Feature", "geometry": {"type": "Point", "coordinates": [6.054098, 62.466412]}, "properties": {"time": "2025-10-21T18:06:31Z", "sog": 8.6, "cog": 49.6, "heading": 511, "status": "Under maskin"}}, {"type": "Feature", "geometry": {"type": "Point", "coordinates": [6.055975, 62.467163]}, "properties": {"time": "2025-10-21T18:07:00Z", "sog": 8.7, "cog": 49.2, "heading": 511, "status": "Under maskin"}}, {"type": "Feature", "geometry": {"type": "Point", "coordinates": [6.058052, 62.467983]}, "properties": {"time": "2025-10-21T18:07:31Z", "sog": 8.6, "cog": 49.4, "heading": 511, "status": "Under maskin"}}, {"type": "Feature", "geometry": {"type": "Point", "coordinates": [6.059852, 62.468704]}, "properties": {"time": "2025-10-21T18:08:00Z", "sog": 8.4, "cog": 48.3, "heading": 511, "status": "Under maskin"}}, {"type": "Feature", "geometry": {"type": "Point", "coordinates": [6.061887, 62.469536]}, "properties": {"time": "2025-10-21T18:08:32Z", "sog": 8.5, "cog": 48.1, "heading": 511, "status": "Under maskin"}}, {"type": "Feature", "geometry": {"type": "Point", "coordinates": [6.063675, 62.470268]}, "properties": {"time": "2025-10-21T18:09:00Z", "sog": 8.5, "cog": 49.3, "heading": 511, "status": "Under maskin"}}, {"type": "Feature", "geometry": {"type": "Point", "coordinates": [6.065814, 62.471035]}, "properties": {"time": "2025-10-21T18:09:32Z", "sog": 8.5, "cog": 54.6, "heading": 511, "status": "Under maskin"}}, {"type": "Feature", "geometry": {"type": "Point", "coordinates": [6.067732, 62.47168]}, "properties": {"time": "2025-10-21T18:10:00Z", "sog": 8.5, "cog": 54.2, "heading": 511, "status": "Under maskin"}}, {"type": "Feature", "geometry": {"type": "Point", "coordinates": [6.069955, 62.472424]}, "properties": {"time": "2025-10-21T18:10:32Z", "sog": 8.5, "cog": 52.9, "heading": 511, "status": "Under maskin"}}, {"type": "Feature", "geometry": {"type": "Point", "coordinates": [6.071792, 62.473038]}, "properties": {"time": "2025-10-21T18:11:00Z", "sog": 8.3, "cog": 55.1, "heading": 511, "status": "Under maskin"}}, {"type": "Feature", "geometry": {"type": "Point", "coordinates": [6.073963, 62.473766]}, "properties": {"time": "2025-10-21T18:11:32Z", "sog": 8.5, "cog": 54.4, "heading": 511, "status": "Under maskin"}}, {"type": "Feature", "geometry": {"type": "Point", "coordinates": [6.075848, 62.474403]}, "properties": {"time": "2025-10-21T18:12:00Z", "sog": 8.3, "cog": 53.9, "heading": 511, "status": "Under maskin"}}, {"type": "Feature", "geometry": {"type": "Point", "coordinates": [6.077991, 62.475159]}, "properties": {"time": "2025-10-21T18:12:32Z", "sog": 8.5, "cog": 52.5, "heading": 511, "status": "Under maskin"}}, {"type": "Feature", "geometry": {"type": "Point", "coordinates": [6.079888, 62.475796]}, "properties": {"time": "2025-10-21T18:13:00Z", "sog": 8.3, "cog": 53.5, "heading": 511, "status": "Under maskin"}}, {"type": "Feature", "geometry": {"type": "Point", "coordinates": [6.082115, 62.476551]}, "properties": {"time": "2025-10-21T18:13:32Z", "sog": 8.4, "cog": 53.8, "heading": 511, "status": "Under maskin"}}, {"type": "Feature", "geometry": {"type": "Point", "coordinates": [6.083955, 62.477177]}, "properties": {"time": "2025-10-21T18:14:00Z", "sog": 8.4, "cog": 54.1, "heading": 511, "status": "Under maskin"}}, {"type": "Feature", "geometry": {"type": "Point", "coordinates": [6.085989, 62.477852]}, "properties": {"time": "2025-10-21T18:14:30Z", "sog": 8.4, "cog": 53.3, "heading": 511, "status": "Under maskin"}}, {"type": "Feature", "geometry": {"type": "Point", "coordinates": [6.088018, 62.478531]}, "properties": {"time": "2025-10-21T18:15:00Z", "sog": 8.5, "cog": 54.5, "heading": 511, "status": "Under maskin"}}, {"type": "Feature", "geometry": {"type": "Point", "coordinates": [6.090065, 62.479214]}, "properties": {"time": "2025-10-21T18:15:30Z", "sog": 8.3, "cog": 54.9, "heading": 511, "status": "Under maskin"}}, {"type": "Feature", "geometry": {"type": "Point", "coordinates": [6.092168, 62.479923]}, "properties": {"time": "2025-10-21T18:16:00Z", "sog": 8.4, "cog": 54.7, "heading": 511, "status": "Under maskin"}}, {"type": "Feature", "geometry": {"type": "Point", "coordinates": [6.094202, 62.480598]}, "properties": {"time": "2025-10-21T18:16:30Z", "sog": 8.4, "cog": 54.3, "heading": 511, "status": "Under maskin"}}, {"type": "Feature", "geometry": {"type": "Point", "coordinates": [6.09615, 62.481251]}, "properties": {"time": "2025-10-21T18:17:00Z", "sog": 8.4, "cog": 54.9, "heading": 511, "status": "Under maskin"}}, {"type": "Feature", "geometry": {"type": "Point", "coordinates": [6.09818, 62.481915]}, "properties": {"time": "2025-10-21T18:17:30Z", "sog": 8.3, "cog": 54.1, "heading": 511, "status": "Under maskin"}}, {"type": "Feature", "geometry": {"type": "Point", "coordinates": [6.100195, 62.48259]}, "properties": {"time": "2025-10-21T18:18:00Z", "sog": 8.3, "cog": 54.1, "heading": 511, "status": "Under maskin"}}, {"type": "Feature", "geometry": {"type": "Point", "coordinates": [6.102193, 62.483242]}, "properties": {"time": "2025-10-21T18:18:30Z", "sog": 8.1, "cog": 55.9, "heading": 511, "status": "Under maskin"}}, {"type": "Feature", "geometry": {"type": "Point", "coordinates": [6.10427, 62.483902]}, "properties": {"time": "2025-10-21T18:19:00Z", "sog": 7.9, "cog": 56.3, "heading": 511, "status": "Under maskin"}}, {"type": "Feature", "geometry": {"type": "Point", "coordinates": [6.106288, 62.484543]}, "properties": {"time": "2025-10-21T18:19:30Z", "sog": 8.3, "cog": 55.5, "heading": 511, "status": "Under maskin"}}, {"type": "Feature", "geometry": {"type": "Point", "coordinates": [6.108237, 62.485157]}, "properties": {"time": "2025-10-21T18:20:00Z", "sog": 8.1, "cog": 54.9, "heading": 511, "status": "Under maskin"}}, {"type": "Feature", "geometry": {"type": "Point", "coordinates": [6.110232, 62.485794]}, "properties": {"time": "2025-10-21T18:20:30Z", "sog": 8.1, "cog": 55.3, "heading": 511, "status": "Under maskin"}}, {"type": "Feature", "geometry": {"type": "Point", "coordinates": [6.112307, 62.486443]}, "properties": {"time": "2025-10-21T18:21:00Z", "sog": 8.0, "cog": 55.7, "heading": 511, "status": "Under maskin"}}, {"type": "Feature", "geometry": {"type": "Point", "coordinates": [6.114333, 62.487061]}, "properties": {"time": "2025-10-21T18:21:30Z", "sog": 8.2, "cog": 56.8, "heading": 511, "status": "Under maskin"}}, {"type": "Feature", "geometry": {"type": "Point", "coordinates": [6.116345, 62.487694]}, "properties": {"time": "2025-10-21T18:22:00Z", "sog": 8.0, "cog": 56.1, "heading": 511, "status": "Under maskin"}}, {"type": "Feature", "geometry": {"type": "Point", "coordinates": [6.118283, 62.488281]}, "properties": {"time": "2025-10-21T18:22:30Z", "sog": 8.1, "cog": 57.6, "heading": 511, "status": "Under maskin"}}, {"type": "Feature", "geometry": {"type": "Point", "coordinates": [6.120273, 62.488876]}, "properties": {"time": "2025-10-21T18:23:00Z", "sog": 7.6, "cog": 57.7, "heading": 511, "status": "Under maskin"}}, {"type": "Feature", "geometry": {"type": "Point", "coordinates": [6.122312, 62.489468]}, "properties": {"time": "2025-10-21T18:23:30Z", "sog": 7.6, "cog": 56.9, "heading": 511, "status": "Under maskin"}}, {"type": "Feature", "geometry": {"type": "Point", "coordinates": [6.124301, 62.490047]}, "properties": {"time": "2025-10-21T18:24:00Z", "sog": 7.8, "cog": 57.1, "heading": 511, "status": "Under maskin"}}, {"type": "Feature", "geometry": {"type": "Point", "coordinates": [6.12635, 62.490631]}, "properties": {"time": "2025-10-21T18:24:31Z", "sog": 8.0, "cog": 57.0, "heading": 511, "status": "Under maskin"}}, {"type": "Feature", "geometry": {"type": "Point", "coordinates": [6.128336, 62.491199]}, "properties": {"time": "2025-10-21T18:25:00Z", "sog": 8.1, "cog": 57.4, "heading": 511, "status": "Under maskin"}}, {"type": "Feature", "geometry": {"type": "Point", "coordinates": [6.130512, 62.491852]}, "properties": {"time": "2025-10-21T18:25:31Z", "sog": 8.0, "cog": 56.3, "heading": 511, "status": "Under maskin"}}, {"type": "Feature", "geometry": {"type": "Point", "coordinates": [6.13247, 62.492455]}, "properties": {"time": "2025-10-21T18:26:00Z", "sog": 8.2, "cog": 56.4, "heading": 511, "status": "Under maskin"}}, {"type": "Feature", "geometry": {"type": "Point", "coordinates": [6.134497, 62.493088]}, "properties": {"time": "2025-10-21T18:26:31Z", "sog": 8.2, "cog": 56.2, "heading": 511, "status": "Under maskin"}}, {"type": "Feature", "geometry": {"type": "Point", "coordinates": [6.136448, 62.493721]}, "properties": {"time": "2025-10-21T18:27:00Z", "sog": 8.2, "cog": 54.1, "heading": 511, "status": "Under maskin"}}, {"type": "Feature", "geometry": {"type": "Point", "coordinates": [6.138568, 62.494453]}, "properties": {"time": "2025-10-21T18:27:31Z", "sog": 8.3, "cog": 52.0, "heading": 511, "status": "Under maskin"}}, {"type": "Feature", "geometry": {"type": "Point", "coordinates": [6.140245, 62.495186]}, "properties": {"time": "2025-10-21T18:28:00Z", "sog": 8.3, "cog": 43.7, "heading": 511, "status": "Under maskin"}}, {"type": "Feature", "geometry": {"type": "Point", "coordinates": [6.141938, 62.496109]}, "properties": {"time": "2025-10-21T18:28:31Z", "sog": 8.3, "cog": 34.0, "heading": 511, "status": "Under maskin"}}, {"type": "Feature", "geometry": {"type": "Point", "coordinates": [6.143222, 62.497002]}, "properties": {"time": "2025-10-21T18:29:00Z", "sog": 8.3, "cog": 32.4, "heading": 511, "status": "Under maskin"}}, {"type": "Feature", "geometry": {"type": "Point", "coordinates": [6.14423, 62.498085]}, "properties": {"time": "2025-10-21T18:29:31Z", "sog": 7.9, "cog": 12.0, "heading": 511, "status": "Under maskin"}}, {"type": "Feature", "geometry": {"type": "Point", "coordinates": [6.144548, 62.499065]}, "properties": {"time": "2025-10-21T18:30:00Z", "sog": 7.5, "cog": 7.3, "heading": 511, "status": "Under maskin"}}, {"type": "Feature", "geometry": {"type": "Point", "coordinates": [6.14483, 62.500164]}, "properties": {"time": "2025-10-21T18:30:31Z", "sog": 7.4, "cog": 6.0, "heading": 511, "status": "Under maskin"}}, {"type": "Feature", "geometry": {"type": "Point", "coordinates": [6.144987, 62.501125]}, "properties": {"time": "2025-10-21T18:31:00Z", "sog": 7.5, "cog": 3.0, "heading": 511, "status": "Under maskin"}}, {"type": "Feature", "geometry": {"type": "Point", "coordinates": [6.145103, 62.502209]}, "properties": {"time": "2025-10-21T18:31:30Z", "sog": 7.6, "cog": 2.6, "heading": 511, "status": "Under maskin"}}, {"type": "Feature", "geometry": {"type": "Point", "coordinates": [6.145135, 62.503231]}, "properties": {"time": "2025-10-21T18:32:00Z", "sog": 7.6, "cog": 0.4, "heading": 511, "status": "Under maskin"}}, {"type": "Feature", "geometry": {"type": "Point", "coordinates": [6.145147, 62.504322]}, "properties": {"time": "2025-10-21T18:32:30Z", "sog": 7.8, "cog": 0.2, "heading": 511, "status": "Under maskin"}}, {"type": "Feature", "geometry": {"type": "Point", "coordinates": [6.14512, 62.505352]}, "properties": {"time": "2025-10-21T18:33:00Z", "sog": 7.6, "cog": 0.9, "heading": 511, "status": "Under maskin"}}, {"type": "Feature", "geometry": {"type": "Point", "coordinates": [6.145123, 62.50639]}, "properties": {"time": "2025-10-21T18:33:30Z", "sog": 7.4, "cog": 358.3, "heading": 511, "status": "Under maskin"}}, {"type": "Feature", "geometry": {"type": "Point", "coordinates": [6.145028, 62.507439]}, "properties": {"time": "2025-10-21T18:34:00Z", "sog": 7.6, "cog": 359.4, "heading": 511, "status": "Under maskin"}}, {"type": "Feature", "geometry": {"type": "Point", "coordinates": [6.145021, 62.508537]}, "properties": {"time": "2025-10-21T18:34:30Z", "sog": 7.9, "cog": 0.5, "heading": 511, "status": "Under maskin"}}, {"type": "Feature", "geometry": {"type": "Point", "coordinates": [6.145033, 62.509579]}, "properties": {"time": "2025-10-21T18:35:00Z", "sog": 7.9, "cog": 1.1, "heading": 511, "status": "Under maskin"}}, {"type": "Feature", "geometry": {"type": "Point", "coordinates": [6.14521, 62.510715]}, "properties": {"time": "2025-10-21T18:35:30Z", "sog": 7.9, "cog": 5.0, "heading": 511, "status": "Under maskin"}}, {"type": "Feature", "geometry": {"type": "Point", "coordinates": [6.145628, 62.511757]}, "properties": {"time": "2025-10-21T18:36:00Z", "sog": 7.8, "cog": 15.0, "heading": 511, "status": "Under maskin"}}, {"type": "Feature", "geometry": {"type": "Point", "coordinates": [6.146258, 62.512844]}, "properties": {"time": "2025-10-21T18:36:30Z", "sog": 7.7, "cog": 14.8, "heading": 511, "status": "Under maskin"}}, {"type": "Feature", "geometry": {"type": "Point", "coordinates": [6.146837, 62.513844]}, "properties": {"time": "2025-10-21T18:37:00Z", "sog": 7.9, "cog": 14.6, "heading": 511, "status": "Under maskin"}}, {"type": "Feature", "geometry": {"type": "Point", "coordinates": [6.147418, 62.514923]}, "properties": {"time": "2025-10-21T18:37:30Z", "sog": 7.8, "cog": 14.7, "heading": 511, "status": "Under maskin"}}, {"type": "Feature", "geometry": {"type": "Point", "coordinates": [6.148062, 62.51593]}, "properties": {"time": "2025-10-21T18:38:00Z", "sog": 7.9, "cog": 16.6, "heading": 511, "status": "Under maskin"}}, {"type": "Feature", "geometry": {"type": "Point", "coordinates": [6.148773, 62.517017]}, "properties": {"time": "2025-10-21T18:38:30Z", "sog": 7.9, "cog": 17.3, "heading": 511, "status": "Under maskin"}}, {"type": "Feature", "geometry": {"type": "Point", "coordinates": [6.149455, 62.518044]}, "properties": {"time": "2025-10-21T18:39:00Z", "sog": 7.9, "cog": 17.2, "heading": 511, "status": "Under maskin"}}, {"type": "Feature", "geometry": {"type": "Point", "coordinates": [6.150235, 62.519176]}, "properties": {"time": "2025-10-21T18:39:32Z", "sog": 8.1, "cog": 19.5, "heading": 511, "status": "Under maskin"}}, {"type": "Feature", "geometry": {"type": "Point", "coordinates": [6.150987, 62.520172]}, "properties": {"time": "2025-10-21T18:40:00Z", "sog": 8.0, "cog": 18.8, "heading": 511, "status": "Under maskin"}}, {"type": "Feature", "geometry": {"type": "Point", "coordinates": [6.151866, 62.521336]}, "properties": {"time": "2025-10-21T18:40:32Z", "sog": 8.2, "cog": 19.1, "heading": 511, "status": "Under maskin"}}, {"type": "Feature", "geometry": {"type": "Point", "coordinates": [6.152568, 62.522293]}, "properties": {"time": "2025-10-21T18:41:00Z", "sog": 7.9, "cog": 18.5, "heading": 511, "status": "Under maskin"}}, {"type": "Feature", "geometry": {"type": "Point", "coordinates": [6.153383, 62.523422]}, "properties": {"time": "2025-10-21T18:41:32Z", "sog": 8.0, "cog": 17.7, "heading": 511, "status": "Under maskin"}}, {"type": "Feature", "geometry": {"type": "Point", "coordinates": [6.154042, 62.524376]}, "properties": {"time": "2025-10-21T18:41:59Z", "sog": 8.1, "cog": 17.9, "heading": 511, "status": "Under maskin"}}, {"type": "Feature", "geometry": {"type": "Point", "coordinates": [6.154837, 62.525539]}, "properties": {"time": "2025-10-21T18:42:32Z", "sog": 7.9, "cog": 19.0, "heading": 511, "status": "Under maskin"}}, {"type": "Feature", "geometry": {"type": "Point", "coordinates": [6.155492, 62.526501]}, "properties": {"time": "2025-10-21T18:42:59Z", "sog": 8.0, "cog": 17.2, "heading": 511, "status": "Under maskin"}}, {"type": "Feature", "geometry": {"type": "Point", "coordinates": [6.15626, 62.527657]}, "properties": {"time": "2025-10-21T18:43:32Z", "sog": 8.2, "cog": 16.0, "heading": 511, "status": "Under maskin"}}, {"type": "Feature", "geometry": {"type": "Point", "coordinates": [6.156858, 62.528591]}, "properties": {"time": "2025-10-21T18:43:59Z", "sog": 7.7, "cog": 16.7, "heading": 511, "status": "Under maskin"}}, {"type": "Feature", "geometry": {"type": "Point", "coordinates": [6.157602, 62.529747]}, "properties": {"time": "2025-10-21T18:44:32Z", "sog": 7.8, "cog": 17.7, "heading": 511, "status": "Under maskin"}}, {"type": "Feature", "geometry": {"type": "Point", "coordinates": [6.158233, 62.530735]}, "properties": {"time": "2025-10-21T18:44:59Z", "sog": 7.6, "cog": 16.4, "heading": 511, "status": "Under maskin"}}, {"type": "Feature", "geometry": {"type": "Point", "coordinates": [6.158987, 62.531895]}, "properties": {"time": "2025-10-21T18:45:32Z", "sog": 7.8, "cog": 17.2, "heading": 511, "status": "Under maskin"}}, {"type": "Feature", "geometry": {"type": "Point", "coordinates": [6.159568, 62.532814]}, "properties": {"time": "2025-10-21T18:45:59Z", "sog": 7.8, "cog": 15.3, "heading": 511, "status": "Under maskin"}}, {"type": "Feature", "geometry": {"type": "Point", "coordinates": [6.160282, 62.533897]}, "properties": {"time": "2025-10-21T18:46:30Z", "sog": 7.8, "cog": 17.7, "heading": 511, "status": "Under maskin"}}, {"type": "Feature", "geometry": {"type": "Point", "coordinates": [6.160974, 62.53495]}, "properties": {"time": "2025-10-21T18:46:59Z", "sog": 8.0, "cog": 17.0, "heading": 511, "status": "Under maskin"}}, {"type": "Feature", "geometry": {"type": "Point", "coordinates": [6.16162, 62.536003]}, "properties": {"time": "2025-10-21T18:47:30Z", "sog": 8.1, "cog": 15.1, "heading": 511, "status": "Under maskin"}}, {"type": "Feature", "geometry": {"type": "Point", "coordinates": [6.162228, 62.537022]}, "properties": {"time": "2025-10-21T18:47:59Z", "sog": 7.9, "cog": 15.3, "heading": 511, "status": "Under maskin"}}, {"type": "Feature", "geometry": {"type": "Point", "coordinates": [6.162882, 62.538101]}, "properties": {"time": "2025-10-21T18:48:30Z", "sog": 8.0, "cog": 15.1, "heading": 511, "status": "Under maskin"}}, {"type": "Feature", "geometry": {"type": "Point", "coordinates": [6.16349, 62.539112]}, "properties": {"time": "2025-10-21T18:48:59Z", "sog": 7.5, "cog": 17.3, "heading": 511, "status": "Under maskin"}}, {"type": "Feature", "geometry": {"type": "Point", "coordinates": [6.164207, 62.540192]}, "properties": {"time": "2025-10-21T18:49:30Z", "sog": 8.1, "cog": 17.2, "heading": 511, "status": "Under maskin"}}, {"type": "Feature", "geometry": {"type": "Point", "coordinates": [6.164945, 62.541275]}, "properties": {"time": "2025-10-21T18:50:00Z", "sog": 7.9, "cog": 19.3, "heading": 511, "status": "Under maskin"}}, {"type": "Feature", "geometry": {"type": "Point", "coordinates": [6.166622, 62.543316]}, "properties": {"time": "2025-10-21T18:51:00Z", "sog": 7.8, "cog": 22.8, "heading": 511, "status": "Under maskin"}}, {"type": "Feature", "geometry": {"type": "Point", "coordinates": [6.167531, 62.544327]}, "properties": {"time": "2025-10-21T18:51:30Z", "sog": 7.8, "cog": 21.4, "heading": 511, "status": "Under maskin"}}, {"type": "Feature", "geometry": {"type": "Point", "coordinates": [6.168503, 62.545368]}, "properties": {"time": "2025-10-21T18:52:00Z", "sog": 8.0, "cog": 24.7, "heading": 511, "status": "Under maskin"}}, {"type": "Feature", "geometry": {"type": "Point", "coordinates": [6.169435, 62.546341]}, "properties": {"time": "2025-10-21T18:52:30Z", "sog": 8.0, "cog": 23.1, "heading": 511, "status": "Under maskin"}}, {"type": "Feature", "geometry": {"type": "Point", "coordinates": [6.17042, 62.54734]}, "properties": {"time": "2025-10-21T18:53:00Z", "sog": 8.2, "cog": 23.4, "heading": 511, "status": "Under maskin"}}, {"type": "Feature", "geometry": {"type": "Point", "coordinates": [6.171397, 62.54834]}, "properties": {"time": "2025-10-21T18:53:30Z", "sog": 7.9, "cog": 23.2, "heading": 511, "status": "Under maskin"}}, {"type": "Feature", "geometry": {"type": "Point", "coordinates": [6.172402, 62.549328]}, "properties": {"time": "2025-10-21T18:54:00Z", "sog": 8.0, "cog": 26.4, "heading": 511, "status": "Under maskin"}}, {"type": "Feature", "geometry": {"type": "Point", "coordinates": [6.173429, 62.550308]}, "properties": {"time": "2025-10-21T18:54:30Z", "sog": 7.9, "cog": 28.4, "heading": 511, "status": "Under maskin"}}, {"type": "Feature", "geometry": {"type": "Point", "coordinates": [6.174497, 62.551308]}, "properties": {"time": "2025-10-21T18:55:00Z", "sog": 8.0, "cog": 25.5, "heading": 511, "status": "Under maskin"}}, {"type": "Feature", "geometry": {"type": "Point", "coordinates": [6.175438, 62.552208]}, "properties": {"time": "2025-10-21T18:55:30Z", "sog": 7.8, "cog": 26.1, "heading": 511, "status": "Under maskin"}}, {"type": "Feature", "geometry": {"type": "Point", "coordinates": [6.176555, 62.553276]}, "properties": {"time": "2025-10-21T18:56:02Z", "sog": 8.1, "cog": 26.5, "heading": 511, "status": "Under maskin"}}, {"type": "Feature", "geometry": {"type": "Point", "coordinates": [6.177495, 62.554165]}, "properties": {"time": "2025-10-21T18:56:30Z", "sog": 8.1, "cog": 26.2, "heading": 511, "status": "Under maskin"}}, {"type": "Feature", "geometry": {"type": "Point", "coordinates": [6.178797, 62.555119]}, "properties": {"time": "2025-10-21T18:57:02Z", "sog": 7.5, "cog": 36.6, "heading": 511, "status": "Under maskin"}}, {"type": "Feature", "geometry": {"type": "Point", "coordinates": [6.180202, 62.555866]}, "properties": {"time": "2025-10-21T18:57:30Z", "sog": 7.5, "cog": 38.5, "heading": 511, "status": "Under maskin"}}, {"type": "Feature", "geometry": {"type": "Point", "coordinates": [6.18188, 62.55674]}, "properties": {"time": "2025-10-21T18:58:02Z", "sog": 7.8, "cog": 44.2, "heading": 511, "status": "Under maskin"}}, {"type": "Feature", "geometry": {"type": "Point", "coordinates": [6.183282, 62.557446]}, "properties": {"time": "2025-10-21T18:58:30Z", "sog": 7.5, "cog": 42.5, "heading": 511, "status": "Under maskin"}}, {"type": "Feature", "geometry": {"type": "Point", "coordinates": [6.184935, 62.558285]}, "properties": {"time": "2025-10-21T18:59:02Z", "sog": 7.7, "cog": 44.5, "heading": 511, "status": "Under maskin"}}, {"type": "Feature", "geometry": {"type": "Point", "coordinates": [6.186473, 62.559071]}, "properties": {"time": "2025-10-21T18:59:32Z", "sog": 7.5, "cog": 44.5, "heading": 511, "status": "Under maskin"}}, {"type": "Feature", "geometry": {"type": "Point", "coordinates": [6.187975, 62.559875]}, "properties": {"time": "2025-10-21T19:00:02Z", "sog": 7.5, "cog": 45.0, "heading": 511, "status": "Under maskin"}}, {"type": "Feature", "geometry": {"type": "Point", "coordinates": [6.189408, 62.560661]}, "properties": {"time": "2025-10-21T19:00:32Z", "sog": 7.9, "cog": 41.7, "heading": 511, "status": "Under maskin"}}, {"type": "Feature", "geometry": {"type": "Point", "coordinates": [6.191017, 62.561543]}, "properties": {"time": "2025-10-21T19:01:03Z", "sog": 7.4, "cog": 44.3, "heading": 511, "status": "Under maskin"}}, {"type": "Feature", "geometry": {"type": "Point", "coordinates": [6.192457, 62.56234]}, "properties": {"time": "2025-10-21T19:01:32Z", "sog": 7.6, "cog": 37.2, "heading": 511, "status": "Under maskin"}}, {"type": "Feature", "geometry": {"type": "Point", "coordinates": [6.194016, 62.563194]}, "properties": {"time": "2025-10-21T19:02:03Z", "sog": 7.6, "cog": 40.0, "heading": 511, "status": "Under maskin"}}, {"type": "Feature", "geometry": {"type": "Point", "coordinates": [6.19546, 62.563995]}, "properties": {"time": "2025-10-21T19:02:32Z", "sog": 7.8, "cog": 35.1, "heading": 511, "status": "Under maskin"}}, {"type": "Feature", "geometry": {"type": "Point", "coordinates": [6.197, 62.564854]}, "properties": {"time": "2025-10-21T19:03:03Z", "sog": 7.9, "cog": 37.6, "heading": 511, "status": "Under maskin"}}, {"type": "Feature", "geometry": {"type": "Point", "coordinates": [6.198448, 62.565659]}, "properties": {"time": "2025-10-21T19:03:32Z", "sog": 7.8, "cog": 36.4, "heading": 511, "status": "Under maskin"}}, {"type": "Feature", "geometry": {"type": "Point", "coordinates": [6.200002, 62.566517]}, "properties": {"time": "2025-10-21T19:04:03Z", "sog": 7.6, "cog": 40.7, "heading": 511, "status": "Under maskin"}}, {"type": "Feature", "geometry": {"type": "Point", "coordinates": [6.201354, 62.567261]}, "properties": {"time": "2025-10-21T19:04:30Z", "sog": 7.8, "cog": 41.0, "heading": 511, "status": "Under maskin"}}, {"type": "Feature", "geometry": {"type": "Point", "coordinates": [6.203082, 62.568153]}, "properties": {"time": "2025-10-21T19:05:03Z", "sog": 7.8, "cog": 45.2, "heading": 511, "status": "Under maskin"}}, {"type": "Feature", "geometry": {"type": "Point", "coordinates": [6.204562, 62.568855]}, "properties": {"time": "2025-10-21T19:05:30Z", "sog": 7.9, "cog": 48.8, "heading": 511, "status": "Under maskin"}}, {"type": "Feature", "geometry": {"type": "Point", "coordinates": [6.206493, 62.569649]}, "properties": {"time": "2025-10-21T19:06:03Z", "sog": 7.8, "cog": 48.1, "heading": 511, "status": "Under maskin"}}, {"type": "Feature", "geometry": {"type": "Point", "coordinates": [6.208125, 62.570274]}, "properties": {"time": "2025-10-21T19:06:29Z", "sog": 7.9, "cog": 48.7, "heading": 511, "status": "Under maskin"}}, {"type": "Feature", "geometry": {"type": "Point", "coordinates": [6.210085, 62.571056]}, "properties": {"time": "2025-10-21T19:07:03Z", "sog": 7.9, "cog": 48.7, "heading": 511, "status": "Under maskin"}}, {"type": "Feature", "geometry": {"type": "Point", "coordinates": [6.211695, 62.571701]}, "properties": {"time": "2025-10-21T19:07:29Z", "sog": 8.0, "cog": 46.9, "heading": 511, "status": "Under maskin"}}, {"type": "Feature", "geometry": {"type": "Point", "coordinates": [6.213495, 62.572403]}, "properties": {"time": "2025-10-21T19:08:00Z", "sog": 7.9, "cog": 45.8, "heading": 511, "status": "Under maskin"}}, {"type": "Feature", "geometry": {"type": "Point", "coordinates": [6.215353, 62.573135]}, "properties": {"time": "2025-10-21T19:08:31Z", "sog": 7.8, "cog": 48.9, "heading": 511, "status": "Under maskin"}}, {"type": "Feature", "geometry": {"type": "Point", "coordinates": [6.217157, 62.573845]}, "properties": {"time": "2025-10-21T19:09:00Z", "sog": 7.9, "cog": 51.5, "heading": 511, "status": "Under maskin"}}, {"type": "Feature", "geometry": {"type": "Point", "coordinates": [6.218928, 62.574558]}, "properties": {"time": "2025-10-21T19:09:31Z", "sog": 7.8, "cog": 48.0, "heading": 511, "status": "Under maskin"}}, {"type": "Feature", "geometry": {"type": "Point", "coordinates": [6.220732, 62.575272]}, "properties": {"time": "2025-10-21T19:10:00Z", "sog": 7.8, "cog": 49.6, "heading": 511, "status": "Under maskin"}}, {"type": "Feature", "geometry": {"type": "Point", "coordinates": [6.222486, 62.576]}, "properties": {"time": "2025-10-21T19:10:31Z", "sog": 7.9, "cog": 45.7, "heading": 511, "status": "Under maskin"}}, {"type": "Feature", "geometry": {"type": "Point", "coordinates": [6.224144, 62.576721]}, "properties": {"time": "2025-10-21T19:11:00Z", "sog": 7.8, "cog": 48.0, "heading": 511, "status": "Under maskin"}}, {"type": "Feature", "geometry": {"type": "Point", "coordinates": [6.22592, 62.577496]}, "properties": {"time": "2025-10-21T19:11:31Z", "sog": 7.8, "cog": 47.6, "heading": 511, "status": "Under maskin"}}, {"type": "Feature", "geometry": {"type": "Point", "coordinates": [6.227635, 62.578239]}, "properties": {"time": "2025-10-21T19:12:00Z", "sog": 7.8, "cog": 41.8, "heading": 511, "status": "Under maskin"}}, {"type": "Feature", "geometry": {"type": "Point", "coordinates": [6.229428, 62.579014]}, "properties": {"time": "2025-10-21T19:12:32Z", "sog": 8.0, "cog": 45.4, "heading": 511, "status": "Under maskin"}}, {"type": "Feature", "geometry": {"type": "Point", "coordinates": [6.23102, 62.57972]}, "properties": {"time": "2025-10-21T19:13:00Z", "sog": 7.9, "cog": 47.0, "heading": 511, "status": "Under maskin"}}, {"type": "Feature", "geometry": {"type": "Point", "coordinates": [6.232848, 62.580528]}, "properties": {"time": "2025-10-21T19:13:32Z", "sog": 8.0, "cog": 45.4, "heading": 511, "status": "Under maskin"}}, {"type": "Feature", "geometry": {"type": "Point", "coordinates": [6.234551, 62.58128]}, "properties": {"time": "2025-10-21T19:14:02Z", "sog": 7.8, "cog": 44.6, "heading": 511, "status": "Under maskin"}}, {"type": "Feature", "geometry": {"type": "Point", "coordinates": [6.23625, 62.582035]}, "properties": {"time": "2025-10-21T19:14:32Z", "sog": 7.9, "cog": 46.2, "heading": 511, "status": "Under maskin"}}, {"type": "Feature", "geometry": {"type": "Point", "coordinates": [6.23802, 62.582825]}, "properties": {"time": "2025-10-21T19:15:02Z", "sog": 7.8, "cog": 44.9, "heading": 511, "status": "Under maskin"}}, {"type": "Feature", "geometry": {"type": "Point", "coordinates": [6.239665, 62.583576]}, "properties": {"time": "2025-10-21T19:15:32Z", "sog": 8.0, "cog": 45.3, "heading": 511, "status": "Under maskin"}}, {"type": "Feature", "geometry": {"type": "Point", "coordinates": [6.241305, 62.584385]}, "properties": {"time": "2025-10-21T19:16:02Z", "sog": 7.9, "cog": 43.2, "heading": 511, "status": "Under maskin"}}, {"type": "Feature", "geometry": {"type": "Point", "coordinates": [6.242965, 62.585205]}, "properties": {"time": "2025-10-21T19:16:32Z", "sog": 8.2, "cog": 43.2, "heading": 511, "status": "Under maskin"}}, {"type": "Feature", "geometry": {"type": "Point", "coordinates": [6.24471, 62.585991]}, "properties": {"time": "2025-10-21T19:17:02Z", "sog": 8.1, "cog": 46.3, "heading": 511, "status": "Under maskin"}}, {"type": "Feature", "geometry": {"type": "Point", "coordinates": [6.246428, 62.586735]}, "properties": {"time": "2025-10-21T19:17:32Z", "sog": 8.3, "cog": 46.7, "heading": 511, "status": "Under maskin"}}, {"type": "Feature", "geometry": {"type": "Point", "coordinates": [6.248293, 62.587521]}, "properties": {"time": "2025-10-21T19:18:02Z", "sog": 8.2, "cog": 47.3, "heading": 511, "status": "Under maskin"}}, {"type": "Feature", "geometry": {"type": "Point", "coordinates": [6.24997, 62.588257]}, "properties": {"time": "2025-10-21T19:18:30Z", "sog": 8.2, "cog": 47.2, "heading": 511, "status": "Under maskin"}}, {"type": "Feature", "geometry": {"type": "Point", "coordinates": [6.251914, 62.589085]}, "properties": {"time": "2025-10-21T19:19:02Z", "sog": 8.2, "cog": 47.9, "heading": 511, "status": "Under maskin"}}, {"type": "Feature", "geometry": {"type": "Point", "coordinates": [6.253652, 62.589802]}, "properties": {"time": "2025-10-21T19:19:30Z", "sog": 8.2, "cog": 48.3, "heading": 511, "status": "Under maskin"}}, {"type": "Feature", "geometry": {"type": "Point", "coordinates": [6.25543, 62.590549]}, "properties": {"time": "2025-10-21T19:19:59Z", "sog": 8.2, "cog": 46.4, "heading": 511, "status": "Under maskin"}}, {"type": "Feature", "geometry": {"type": "Point", "coordinates": [6.259285, 62.592072]}, "properties": {"time": "2025-10-21T19:20:59Z", "sog": 8.6, "cog": 49.6, "heading": 511, "status": "Under maskin"}}, {"type": "Feature", "geometry": {"type": "Point", "coordinates": [6.261229, 62.59285]}, "properties": {"time": "2025-10-21T19:21:30Z", "sog": 8.7, "cog": 48.5, "heading": 511, "status": "Under maskin"}}, {"type": "Feature", "geometry": {"type": "Point", "coordinates": [6.263193, 62.593636]}, "properties": {"time": "2025-10-21T19:21:59Z", "sog": 8.6, "cog": 47.7, "heading": 511, "status": "Under maskin"}}, {"type": "Feature", "geometry": {"type": "Point", "coordinates": [6.265057, 62.594406]}, "properties": {"time": "2025-10-21T19:22:30Z", "sog": 8.7, "cog": 47.1, "heading": 511, "status": "Under maskin"}}, {"type": "Feature", "geometry": {"type": "Point", "coordinates": [6.266992, 62.595215]}, "properties": {"time": "2025-10-21T19:22:59Z", "sog": 8.4, "cog": 47.3, "heading": 511, "status": "Under maskin"}}, {"type": "Feature", "geometry": {"type": "Point", "coordinates": [6.268847, 62.596004]}, "properties": {"time": "2025-10-21T19:23:30Z", "sog": 8.4, "cog": 47.8, "heading": 511, "status": "Under maskin"}}, {"type": "Feature", "geometry": {"type": "Point", "coordinates": [6.270685, 62.596802]}, "properties": {"time": "2025-10-21T19:23:59Z", "sog": 8.6, "cog": 46.1, "heading": 511, "status": "Under maskin"}}, {"type": "Feature", "geometry": {"type": "Point", "coordinates": [6.272503, 62.597591]}, "properties": {"time": "2025-10-21T19:24:30Z", "sog": 8.3, "cog": 46.1, "heading": 511, "status": "Under maskin"}}, {"type": "Feature", "geometry": {"type": "Point", "coordinates": [6.274303, 62.598381]}, "properties": {"time": "2025-10-21T19:25:00Z", "sog": 7.8, "cog": 48.7, "heading": 511, "status": "Under maskin"}}, {"type": "Feature", "geometry": {"type": "Point", "coordinates": [6.276103, 62.599167]}, "properties": {"time": "2025-10-21T19:25:30Z", "sog": 7.9, "cog": 46.8, "heading": 511, "status": "Under maskin"}}, {"type": "Feature", "geometry": {"type": "Point", "coordinates": [6.277968, 62.599995]}, "properties": {"time": "2025-10-21T19:26:00Z", "sog": 8.1, "cog": 45.5, "heading": 511, "status": "Under maskin"}}, {"type": "Feature", "geometry": {"type": "Point", "coordinates": [6.279705, 62.600769]}, "properties": {"time": "2025-10-21T19:26:30Z", "sog": 8.4, "cog": 46.5, "heading": 511, "status": "Under maskin"}}, {"type": "Feature", "geometry": {"type": "Point", "coordinates": [6.281495, 62.601555]}, "properties": {"time": "2025-10-21T19:27:00Z", "sog": 8.4, "cog": 46.1, "heading": 511, "status": "Under maskin"}}, {"type": "Feature", "geometry": {"type": "Point", "coordinates": [6.28517, 62.603146]}, "properties": {"time": "2025-10-21T19:28:00Z", "sog": 8.6, "cog": 46.3, "heading": 511, "status": "Under maskin"}}, {"type": "Feature", "geometry": {"type": "Point", "coordinates": [6.28693, 62.603909]}, "properties": {"time": "2025-10-21T19:28:29Z", "sog": 8.2, "cog": 46.9, "heading": 511, "status": "Under maskin"}}, {"type": "Feature", "geometry": {"type": "Point", "coordinates": [6.288798, 62.604721]}, "properties": {"time": "2025-10-21T19:29:00Z", "sog": 7.9, "cog": 47.1, "heading": 511, "status": "Under maskin"}}, {"type": "Feature", "geometry": {"type": "Point", "coordinates": [6.290495, 62.605446]}, "properties": {"time": "2025-10-21T19:29:29Z", "sog": 8.4, "cog": 47.0, "heading": 511, "status": "Under maskin"}}, {"type": "Feature", "geometry": {"type": "Point", "coordinates": [6.292387, 62.606247]}, "properties": {"time": "2025-10-21T19:30:00Z", "sog": 8.4, "cog": 47.8, "heading": 511, "status": "Under maskin"}}, {"type": "Feature", "geometry": {"type": "Point", "coordinates": [6.29421, 62.607025]}, "properties": {"time": "2025-10-21T19:30:29Z", "sog": 8.4, "cog": 48.9, "heading": 511, "status": "Under maskin"}}, {"type": "Feature", "geometry": {"type": "Point", "coordinates": [6.296102, 62.607822]}, "properties": {"time": "2025-10-21T19:31:00Z", "sog": 8.4, "cog": 47.8, "heading": 511, "status": "Under maskin"}}, {"type": "Feature", "geometry": {"type": "Point", "coordinates": [6.297791, 62.608551]}, "properties": {"time": "2025-10-21T19:31:29Z", "sog": 8.3, "cog": 47.9, "heading": 511, "status": "Under maskin"}}, {"type": "Feature", "geometry": {"type": "Point", "coordinates": [6.299809, 62.609398]}, "properties": {"time": "2025-10-21T19:32:02Z", "sog": 8.0, "cog": 46.9, "heading": 511, "status": "Under maskin"}}, {"type": "Feature", "geometry": {"type": "Point", "coordinates": [6.30168, 62.610207]}, "properties": {"time": "2025-10-21T19:32:33Z", "sog": 8.4, "cog": 47.1, "heading": 511, "status": "Under maskin"}}, {"type": "Feature", "geometry": {"type": "Point", "coordinates": [6.303432, 62.61095]}, "properties": {"time": "2025-10-21T19:33:02Z", "sog": 8.3, "cog": 47.6, "heading": 511, "status": "Under maskin"}}, {"type": "Feature", "geometry": {"type": "Point", "coordinates": [6.305306, 62.611752]}, "properties": {"time": "2025-10-21T19:33:33Z", "sog": 8.3, "cog": 47.2, "heading": 511, "status": "Under maskin"}}, {"type": "Feature", "geometry": {"type": "Point", "coordinates": [6.307103, 62.612522]}, "properties": {"time": "2025-10-21T19:34:02Z", "sog": 8.2, "cog": 46.5, "heading": 511, "status": "Under maskin"}}, {"type": "Feature", "geometry": {"type": "Point", "coordinates": [6.308863, 62.6133]}, "properties": {"time": "2025-10-21T19:34:33Z", "sog": 7.8, "cog": 45.3, "heading": 511, "status": "Under maskin"}}, {"type": "Feature", "geometry": {"type": "Point", "coordinates": [6.31053, 62.614056]}, "properties": {"time": "2025-10-21T19:35:02Z", "sog": 8.2, "cog": 44.8, "heading": 511, "status": "Under maskin"}}, {"type": "Feature", "geometry": {"type": "Point", "coordinates": [6.312294, 62.614864]}, "properties": {"time": "2025-10-21T19:35:33Z", "sog": 8.1, "cog": 45.6, "heading": 511, "status": "Under maskin"}}, {"type": "Feature", "geometry": {"type": "Point", "coordinates": [6.314005, 62.615643]}, "properties": {"time": "2025-10-21T19:36:02Z", "sog": 8.0, "cog": 45.2, "heading": 511, "status": "Under maskin"}}, {"type": "Feature", "geometry": {"type": "Point", "coordinates": [6.315657, 62.616398]}, "properties": {"time": "2025-10-21T19:36:33Z", "sog": 8.1, "cog": 44.6, "heading": 511, "status": "Under maskin"}}, {"type": "Feature", "geometry": {"type": "Point", "coordinates": [6.317342, 62.617203]}, "properties": {"time": "2025-10-21T19:37:02Z", "sog": 7.8, "cog": 43.7, "heading": 511, "status": "Under maskin"}}, {"type": "Feature", "geometry": {"type": "Point", "coordinates": [6.319149, 62.618011]}, "properties": {"time": "2025-10-21T19:37:33Z", "sog": 8.2, "cog": 49.6, "heading": 511, "status": "Under maskin"}}, {"type": "Feature", "geometry": {"type": "Point", "coordinates": [6.321037, 62.618736]}, "properties": {"time": "2025-10-21T19:38:02Z", "sog": 8.1, "cog": 51.2, "heading": 511, "status": "Under maskin"}}, {"type": "Feature", "geometry": {"type": "Point", "coordinates": [6.322943, 62.619461]}, "properties": {"time": "2025-10-21T19:38:33Z", "sog": 8.4, "cog": 50.9, "heading": 511, "status": "Under maskin"}}, {"type": "Feature", "geometry": {"type": "Point", "coordinates": [6.324769, 62.620163]}, "properties": {"time": "2025-10-21T19:39:02Z", "sog": 7.8, "cog": 49.3, "heading": 511, "status": "Under maskin"}}, {"type": "Feature", "geometry": {"type": "Point", "coordinates": [6.32668, 62.620918]}, "properties": {"time": "2025-10-21T19:39:33Z", "sog": 7.9, "cog": 50.1, "heading": 511, "status": "Under maskin"}}, {"type": "Feature", "geometry": {"type": "Point", "coordinates": [6.328485, 62.621601]}, "properties": {"time": "2025-10-21T19:40:01Z", "sog": 7.9, "cog": 52.1, "heading": 511, "status": "Under maskin"}}, {"type": "Feature", "geometry": {"type": "Point", "coordinates": [6.330373, 62.622284]}, "properties": {"time": "2025-10-21T19:40:33Z", "sog": 7.9, "cog": 51.5, "heading": 511, "status": "Under maskin"}}, {"type": "Feature", "geometry": {"type": "Point", "coordinates": [6.332057, 62.622906]}, "properties": {"time": "2025-10-21T19:41:01Z", "sog": 7.6, "cog": 52.3, "heading": 511, "status": "Under maskin"}}, {"type": "Feature", "geometry": {"type": "Point", "coordinates": [6.333987, 62.623611]}, "properties": {"time": "2025-10-21T19:41:33Z", "sog": 7.6, "cog": 50.2, "heading": 511, "status": "Under maskin"}}, {"type": "Feature", "geometry": {"type": "Point", "coordinates": [6.335577, 62.624233]}, "properties": {"time": "2025-10-21T19:42:01Z", "sog": 7.3, "cog": 50.5, "heading": 511, "status": "Under maskin"}}, {"type": "Feature", "geometry": {"type": "Point", "coordinates": [6.337317, 62.624893]}, "properties": {"time": "2025-10-21T19:42:32Z", "sog": 7.4, "cog": 51.2, "heading": 511, "status": "Under maskin"}}, {"type": "Feature", "geometry": {"type": "Point", "coordinates": [6.33904, 62.625519]}, "properties": {"time": "2025-10-21T19:43:01Z", "sog": 7.3, "cog": 53.0, "heading": 511, "status": "Under maskin"}}, {"type": "Feature", "geometry": {"type": "Point", "coordinates": [6.340705, 62.626125]}, "properties": {"time": "2025-10-21T19:43:32Z", "sog": 7.1, "cog": 52.0, "heading": 511, "status": "Under maskin"}}, {"type": "Feature", "geometry": {"type": "Point", "coordinates": [6.342447, 62.626755]}, "properties": {"time": "2025-10-21T19:44:01Z", "sog": 7.6, "cog": 51.0, "heading": 511, "status": "Under maskin"}}, {"type": "Feature", "geometry": {"type": "Point", "coordinates": [6.344242, 62.627419]}, "properties": {"time": "2025-10-21T19:44:32Z", "sog": 7.4, "cog": 51.1, "heading": 511, "status": "Under maskin"}}, {"type": "Feature", "geometry": {"type": "Point", "coordinates": [6.346007, 62.628056]}, "properties": {"time": "2025-10-21T19:45:01Z", "sog": 7.5, "cog": 52.3, "heading": 511, "status": "Under maskin"}}, {"type": "Feature", "geometry": {"type": "Point", "coordinates": [6.347768, 62.628693]}, "properties": {"time": "2025-10-21T19:45:32Z", "sog": 7.4, "cog": 52.6, "heading": 511, "status": "Under maskin"}}, {"type": "Feature", "geometry": {"type": "Point", "coordinates": [6.349411, 62.629292]}, "properties": {"time": "2025-10-21T19:46:00Z", "sog": 7.7, "cog": 50.9, "heading": 511, "status": "Under maskin"}}, {"type": "Feature", "geometry": {"type": "Point", "coordinates": [6.351157, 62.63002]}, "properties": {"time": "2025-10-21T19:46:32Z", "sog": 7.0, "cog": 47.1, "heading": 511, "status": "Under maskin"}}, {"type": "Feature", "geometry": {"type": "Point", "coordinates": [6.352672, 62.630692]}, "properties": {"time": "2025-10-21T19:47:00Z", "sog": 7.1, "cog": 44.2, "heading": 511, "status": "Under maskin"}}, {"type": "Feature", "geometry": {"type": "Point", "coordinates": [6.354235, 62.631413]}, "properties": {"time": "2025-10-21T19:47:32Z", "sog": 7.1, "cog": 45.9, "heading": 511, "status": "Under maskin"}}, {"type": "Feature", "geometry": {"type": "Point", "coordinates": [6.355711, 62.632076]}, "properties": {"time": "2025-10-21T19:48:00Z", "sog": 6.8, "cog": 45.1, "heading": 511, "status": "Under maskin"}}, {"type": "Feature", "geometry": {"type": "Point", "coordinates": [6.357276, 62.632774]}, "properties": {"time": "2025-10-21T19:48:32Z", "sog": 7.0, "cog": 45.8, "heading": 511, "status": "Under maskin"}}, {"type": "Feature", "geometry": {"type": "Point", "coordinates": [6.358686, 62.633415]}, "properties": {"time": "2025-10-21T19:49:00Z", "sog": 7.0, "cog": 45.0, "heading": 511, "status": "Under maskin"}}, {"type": "Feature", "geometry": {"type": "Point", "coordinates": [6.360243, 62.634079]}, "properties": {"time": "2025-10-21T19:49:30Z", "sog": 7.0, "cog": 48.0, "heading": 511, "status": "Under maskin"}}, {"type": "Feature", "geometry": {"type": "Point", "coordinates": [6.361888, 62.634747]}, "properties": {"time": "2025-10-21T19:50:00Z", "sog": 6.6, "cog": 49.3, "heading": 511, "status": "Under maskin"}}, {"type": "Feature", "geometry": {"type": "Point", "coordinates": [6.363463, 62.635361]}, "properties": {"time": "2025-10-21T19:50:30Z", "sog": 7.1, "cog": 51.0, "heading": 511, "status": "Under maskin"}}, {"type": "Feature", "geometry": {"type": "Point", "coordinates": [6.365078, 62.635998]}, "properties": {"time": "2025-10-21T19:51:00Z", "sog": 6.9, "cog": 49.3, "heading": 511, "status": "Under maskin"}}, {"type": "Feature", "geometry": {"type": "Point", "coordinates": [6.366702, 62.636631]}, "properties": {"time": "2025-10-21T19:51:30Z", "sog": 7.0, "cog": 50.1, "heading": 511, "status": "Under maskin"}}, {"type": "Feature", "geometry": {"type": "Point", "coordinates": [6.368302, 62.637276]}, "properties": {"time": "2025-10-21T19:52:00Z", "sog": 6.9, "cog": 48.9, "heading": 511, "status": "Under maskin"}}, {"type": "Feature", "geometry": {"type": "Point", "coordinates": [6.369922, 62.637932]}, "properties": {"time": "2025-10-21T19:52:30Z", "sog": 7.1, "cog": 48.7, "heading": 511, "status": "Under maskin"}}, {"type": "Feature", "geometry": {"type": "Point", "coordinates": [6.37159, 62.638615]}, "properties": {"time": "2025-10-21T19:53:00Z", "sog": 7.3, "cog": 48.6, "heading": 511, "status": "Under maskin"}}, {"type": "Feature", "geometry": {"type": "Point", "coordinates": [6.373152, 62.639248]}, "properties": {"time": "2025-10-21T19:53:30Z", "sog": 7.3, "cog": 43.6, "heading": 511, "status": "Under maskin"}}, {"type": "Feature", "geometry": {"type": "Point", "coordinates": [6.374623, 62.639996]}, "properties": {"time": "2025-10-21T19:54:00Z", "sog": 7.3, "cog": 41.9, "heading": 511, "status": "Under maskin"}}, {"type": "Feature", "geometry": {"type": "Point", "coordinates": [6.376127, 62.640751]}, "properties": {"time": "2025-10-21T19:54:30Z", "sog": 7.1, "cog": 43.1, "heading": 511, "status": "Under maskin"}}, {"type": "Feature", "geometry": {"type": "Point", "coordinates": [6.377632, 62.641518]}, "properties": {"time": "2025-10-21T19:55:00Z", "sog": 8.0, "cog": 42.0, "heading": 511, "status": "Under maskin"}}, {"type": "Feature", "geometry": {"type": "Point", "coordinates": [6.379125, 62.642277]}, "properties": {"time": "2025-10-21T19:55:30Z", "sog": 7.7, "cog": 44.9, "heading": 511, "status": "Under maskin"}}, {"type": "Feature", "geometry": {"type": "Point", "coordinates": [6.380672, 62.64304]}, "properties": {"time": "2025-10-21T19:56:01Z", "sog": 7.9, "cog": 44.7, "heading": 511, "status": "Under maskin"}}, {"type": "Feature", "geometry": {"type": "Point", "coordinates": [6.382245, 62.643799]}, "properties": {"time": "2025-10-21T19:56:30Z", "sog": 7.4, "cog": 45.0, "heading": 511, "status": "Under maskin"}}, {"type": "Feature", "geometry": {"type": "Point", "coordinates": [6.383918, 62.644573]}, "properties": {"time": "2025-10-21T19:57:01Z", "sog": 7.4, "cog": 44.6, "heading": 511, "status": "Under maskin"}}, {"type": "Feature", "geometry": {"type": "Point", "coordinates": [6.385563, 62.64534]}, "properties": {"time": "2025-10-21T19:57:32Z", "sog": 7.3, "cog": 44.9, "heading": 511, "status": "Under maskin"}}, {"type": "Feature", "geometry": {"type": "Point", "coordinates": [6.387112, 62.646038]}, "properties": {"time": "2025-10-21T19:58:01Z", "sog": 7.5, "cog": 46.7, "heading": 511, "status": "Under maskin"}}, {"type": "Feature", "geometry": {"type": "Point", "coordinates": [6.388825, 62.646812]}, "properties": {"time": "2025-10-21T19:58:32Z", "sog": 7.3, "cog": 45.9, "heading": 511, "status": "Under maskin"}}, {"type": "Feature", "geometry": {"type": "Point", "coordinates": [6.390242, 62.647537]}, "properties": {"time": "2025-10-21T19:59:01Z", "sog": 7.3, "cog": 40.3, "heading": 511, "status": "Under maskin"}}, {"type": "Feature", "geometry": {"type": "Point", "coordinates": [6.391762, 62.648357]}, "properties": {"time": "2025-10-21T19:59:32Z", "sog": 7.7, "cog": 39.5, "heading": 511, "status": "Under maskin"}}, {"type": "Feature", "geometry": {"type": "Point", "coordinates": [6.393152, 62.649147]}, "properties": {"time": "2025-10-21T20:00:01Z", "sog": 7.7, "cog": 38.4, "heading": 511, "status": "Under maskin"}}, {"type": "Feature", "geometry": {"type": "Point", "coordinates": [6.394629, 62.649998]}, "properties": {"time": "2025-10-21T20:00:32Z", "sog": 7.6, "cog": 37.2, "heading": 511, "status": "Under maskin"}}, {"type": "Feature", "geometry": {"type": "Point", "coordinates": [6.395942, 62.650784]}, "properties": {"time": "2025-10-21T20:01:01Z", "sog": 7.9, "cog": 38.6, "heading": 511, "status": "Under maskin"}}, {"type": "Feature", "geometry": {"type": "Point", "coordinates": [6.397469, 62.651688]}, "properties": {"time": "2025-10-21T20:01:32Z", "sog": 8.0, "cog": 36.5, "heading": 511, "status": "Under maskin"}}, {"type": "Feature", "geometry": {"type": "Point", "coordinates": [6.39886, 62.652504]}, "properties": {"time": "2025-10-21T20:02:01Z", "sog": 7.7, "cog": 37.5, "heading": 511, "status": "Under maskin"}}, {"type": "Feature", "geometry": {"type": "Point", "coordinates": [6.40035, 62.653385]}, "properties": {"time": "2025-10-21T20:02:32Z", "sog": 7.6, "cog": 39.2, "heading": 511, "status": "Under maskin"}}, {"type": "Feature", "geometry": {"type": "Point", "coordinates": [6.401773, 62.654209]}, "properties": {"time": "2025-10-21T20:03:01Z", "sog": 7.9, "cog": 38.2, "heading": 511, "status": "Under maskin"}}, {"type": "Feature", "geometry": {"type": "Point", "coordinates": [6.403358, 62.655128]}, "properties": {"time": "2025-10-21T20:03:32Z", "sog": 8.2, "cog": 39.2, "heading": 511, "status": "Under maskin"}}, {"type": "Feature", "geometry": {"type": "Point", "coordinates": [6.40474, 62.655933]}, "properties": {"time": "2025-10-21T20:04:01Z", "sog": 7.9, "cog": 39.7, "heading": 511, "status": "Under maskin"}}, {"type": "Feature", "geometry": {"type": "Point", "coordinates": [6.406249, 62.65683]}, "properties": {"time": "2025-10-21T20:04:32Z", "sog": 7.9, "cog": 38.9, "heading": 511, "status": "Under maskin"}}, {"type": "Feature", "geometry": {"type": "Point", "coordinates": [6.407677, 62.657661]}, "properties": {"time": "2025-10-21T20:05:01Z", "sog": 7.9, "cog": 37.2, "heading": 511, "status": "Under maskin"}}, {"type": "Feature", "geometry": {"type": "Point", "coordinates": [6.40923, 62.658554]}, "properties": {"time": "2025-10-21T20:05:32Z", "sog": 8.2, "cog": 39.5, "heading": 511, "status": "Under maskin"}}, {"type": "Feature", "geometry": {"type": "Point", "coordinates": [6.410702, 62.659382]}, "properties": {"time": "2025-10-21T20:06:01Z", "sog": 8.0, "cog": 40.7, "heading": 511, "status": "Under maskin"}}, {"type": "Feature", "geometry": {"type": "Point", "coordinates": [6.412337, 62.660294]}, "properties": {"time": "2025-10-21T20:06:32Z", "sog": 7.9, "cog": 41.6, "heading": 511, "status": "Under maskin"}}, {"type": "Feature", "geometry": {"type": "Point", "coordinates": [6.413752, 62.661098]}, "properties": {"time": "2025-10-21T20:07:01Z", "sog": 8.0, "cog": 39.0, "heading": 511, "status": "Under maskin"}}, {"type": "Feature", "geometry": {"type": "Point", "coordinates": [6.415369, 62.661976]}, "properties": {"time": "2025-10-21T20:07:32Z", "sog": 8.1, "cog": 37.4, "heading": 511, "status": "Under maskin"}}, {"type": "Feature", "geometry": {"type": "Point", "coordinates": [6.416853, 62.662804]}, "properties": {"time": "2025-10-21T20:08:01Z", "sog": 8.1, "cog": 37.9, "heading": 511, "status": "Under maskin"}}, {"type": "Feature", "geometry": {"type": "Point", "coordinates": [6.418487, 62.663723]}, "properties": {"time": "2025-10-21T20:08:32Z", "sog": 8.0, "cog": 39.5, "heading": 511, "status": "Under maskin"}}, {"type": "Feature", "geometry": {"type": "Point", "coordinates": [6.420022, 62.664536]}, "properties": {"time": "2025-10-21T20:09:01Z", "sog": 8.3, "cog": 42.5, "heading": 511, "status": "Under maskin"}}, {"type": "Feature", "geometry": {"type": "Point", "coordinates": [6.421575, 62.665379]}, "properties": {"time": "2025-10-21T20:09:32Z", "sog": 7.9, "cog": 40.8, "heading": 511, "status": "Under maskin"}}, {"type": "Feature", "geometry": {"type": "Point", "coordinates": [6.423093, 62.666187]}, "properties": {"time": "2025-10-21T20:10:01Z", "sog": 8.1, "cog": 39.7, "heading": 511, "status": "Under maskin"}}, {"type": "Feature", "geometry": {"type": "Point", "coordinates": [6.424708, 62.667057]}, "properties": {"time": "2025-10-21T20:10:32Z", "sog": 8.0, "cog": 39.0, "heading": 511, "status": "Under maskin"}}, {"type": "Feature", "geometry": {"type": "Point", "coordinates": [6.426188, 62.667873]}, "properties": {"time": "2025-10-21T20:11:01Z", "sog": 8.3, "cog": 40.1, "heading": 511, "status": "Under maskin"}}, {"type": "Feature", "geometry": {"type": "Point", "coordinates": [6.427805, 62.668739]}, "properties": {"time": "2025-10-21T20:11:32Z", "sog": 7.8, "cog": 41.2, "heading": 511, "status": "Under maskin"}}, {"type": "Feature", "geometry": {"type": "Point", "coordinates": [6.429337, 62.669537]}, "properties": {"time": "2025-10-21T20:12:01Z", "sog": 8.3, "cog": 42.6, "heading": 511, "status": "Under maskin"}}, {"type": "Feature", "geometry": {"type": "Point", "coordinates": [6.430955, 62.670399]}, "properties": {"time": "2025-10-21T20:12:32Z", "sog": 7.7, "cog": 38.6, "heading": 511, "status": "Under maskin"}}, {"type": "Feature", "geometry": {"type": "Point", "coordinates": [6.432416, 62.671276]}, "properties": {"time": "2025-10-21T20:13:02Z", "sog": 8.0, "cog": 38.4, "heading": 511, "status": "Under maskin"}}, {"type": "Feature", "geometry": {"type": "Point", "coordinates": [6.433877, 62.672157]}, "properties": {"time": "2025-10-21T20:13:32Z", "sog": 7.7, "cog": 38.3, "heading": 511, "status": "Under maskin"}}, {"type": "Feature", "geometry": {"type": "Point", "coordinates": [6.435335, 62.673038]}, "properties": {"time": "2025-10-21T20:14:02Z", "sog": 8.0, "cog": 38.3, "heading": 511, "status": "Under maskin"}}, {"type": "Feature", "geometry": {"type": "Point", "coordinates": [6.436845, 62.673958]}, "properties": {"time": "2025-10-21T20:14:32Z", "sog": 8.0, "cog": 37.1, "heading": 511, "status": "Under maskin"}}, {"type": "Feature", "geometry": {"type": "Point", "coordinates": [6.438278, 62.674809]}, "properties": {"time": "2025-10-21T20:15:02Z", "sog": 8.1, "cog": 38.9, "heading": 511, "status": "Under maskin"}}, {"type": "Feature", "geometry": {"type": "Point", "coordinates": [6.439758, 62.675694]}, "properties": {"time": "2025-10-21T20:15:32Z", "sog": 8.0, "cog": 37.1, "heading": 511, "status": "Under maskin"}}, {"type": "Feature", "geometry": {"type": "Point", "coordinates": [6.441226, 62.676586]}, "properties": {"time": "2025-10-21T20:16:02Z", "sog": 7.9, "cog": 38.8, "heading": 511, "status": "Under maskin"}}, {"type": "Feature", "geometry": {"type": "Point", "coordinates": [6.442693, 62.677475]}, "properties": {"time": "2025-10-21T20:16:32Z", "sog": 8.1, "cog": 37.7, "heading": 511, "status": "Under maskin"}}, {"type": "Feature", "geometry": {"type": "Point", "coordinates": [6.444235, 62.678391]}, "properties": {"time": "2025-10-21T20:17:02Z", "sog": 8.0, "cog": 36.4, "heading": 511, "status": "Under maskin"}}, {"type": "Feature", "geometry": {"type": "Point", "coordinates": [6.445652, 62.679211]}, "properties": {"time": "2025-10-21T20:17:31Z", "sog": 8.4, "cog": 40.7, "heading": 511, "status": "Under maskin"}}, {"type": "Feature", "geometry": {"type": "Point", "coordinates": [6.44718, 62.68013]}, "properties": {"time": "2025-10-21T20:18:02Z", "sog": 7.9, "cog": 35.3, "heading": 511, "status": "Under maskin"}}, {"type": "Feature", "geometry": {"type": "Point", "coordinates": [6.448585, 62.681015]}, "properties": {"time": "2025-10-21T20:18:31Z", "sog": 8.2, "cog": 36.8, "heading": 511, "status": "Under maskin"}}, {"type": "Feature", "geometry": {"type": "Point", "coordinates": [6.450151, 62.681992]}, "properties": {"time": "2025-10-21T20:19:02Z", "sog": 8.4, "cog": 35.8, "heading": 511, "status": "Under maskin"}}, {"type": "Feature", "geometry": {"type": "Point", "coordinates": [6.451545, 62.682838]}, "properties": {"time": "2025-10-21T20:19:31Z", "sog": 8.3, "cog": 38.1, "heading": 511, "status": "Under maskin"}}, {"type": "Feature", "geometry": {"type": "Point", "coordinates": [6.453095, 62.683773]}, "properties": {"time": "2025-10-21T20:20:02Z", "sog": 8.2, "cog": 38.0, "heading": 511, "status": "Under maskin"}}, {"type": "Feature", "geometry": {"type": "Point", "coordinates": [6.45454, 62.68465]}, "properties": {"time": "2025-10-21T20:20:31Z", "sog": 7.9, "cog": 37.6, "heading": 511, "status": "Under maskin"}}, {"type": "Feature", "geometry": {"type": "Point", "coordinates": [6.456123, 62.685612]}, "properties": {"time": "2025-10-21T20:21:02Z", "sog": 8.2, "cog": 39.0, "heading": 511, "status": "Under maskin"}}, {"type": "Feature", "geometry": {"type": "Point", "coordinates": [6.457547, 62.686455]}, "properties": {"time": "2025-10-21T20:21:31Z", "sog": 8.1, "cog": 37.2, "heading": 511, "status": "Under maskin"}}, {"type": "Feature", "geometry": {"type": "Point", "coordinates": [6.45917, 62.687412]}, "properties": {"time": "2025-10-21T20:22:02Z", "sog": 8.4, "cog": 36.9, "heading": 511, "status": "Under maskin"}}, {"type": "Feature", "geometry": {"type": "Point", "coordinates": [6.460542, 62.688259]}, "properties": {"time": "2025-10-21T20:22:31Z", "sog": 8.2, "cog": 36.2, "heading": 511, "status": "Under maskin"}}, {"type": "Feature", "geometry": {"type": "Point", "coordinates": [6.462081, 62.689205]}, "properties": {"time": "2025-10-21T20:23:02Z", "sog": 8.3, "cog": 37.2, "heading": 511, "status": "Under maskin"}}, {"type": "Feature", "geometry": {"type": "Point", "coordinates": [6.463655, 62.690136]}, "properties": {"time": "2025-10-21T20:23:33Z", "sog": 8.2, "cog": 36.3, "heading": 511, "status": "Under maskin"}}, {"type": "Feature", "geometry": {"type": "Point", "coordinates": [6.465118, 62.69101]}, "properties": {"time": "2025-10-21T20:24:02Z", "sog": 8.4, "cog": 37.7, "heading": 511, "status": "Under maskin"}}, {"type": "Feature", "geometry": {"type": "Point", "coordinates": [6.466677, 62.691948]}, "properties": {"time": "2025-10-21T20:24:33Z", "sog": 8.6, "cog": 37.5, "heading": 511, "status": "Under maskin"}}, {"type": "Feature", "geometry": {"type": "Point", "coordinates": [6.468138, 62.692833]}, "properties": {"time": "2025-10-21T20:25:02Z", "sog": 8.1, "cog": 36.7, "heading": 511, "status": "Under maskin"}}, {"type": "Feature", "geometry": {"type": "Point", "coordinates": [6.469687, 62.693783]}, "properties": {"time": "2025-10-21T20:25:33Z", "sog": 8.6, "cog": 37.0, "heading": 511, "status": "Under maskin"}}, {"type": "Feature", "geometry": {"type": "Point", "coordinates": [6.471135, 62.694672]}, "properties": {"time": "2025-10-21T20:26:02Z", "sog": 8.3, "cog": 36.5, "heading": 511, "status": "Under maskin"}}, {"type": "Feature", "geometry": {"type": "Point", "coordinates": [6.472678, 62.695629]}, "properties": {"time": "2025-10-21T20:26:33Z", "sog": 8.6, "cog": 35.0, "heading": 511, "status": "Under maskin"}}, {"type": "Feature", "geometry": {"type": "Point", "coordinates": [6.473938, 62.696442]}, "properties": {"time": "2025-10-21T20:26:59Z", "sog": 8.5, "cog": 35.7, "heading": 511, "status": "Under maskin"}}, {"type": "Feature", "geometry": {"type": "Point", "coordinates": [6.476945, 62.698269]}, "properties": {"time": "2025-10-21T20:27:59Z", "sog": 8.1, "cog": 37.2, "heading": 511, "status": "Under maskin"}}, {"type": "Feature", "geometry": {"type": "Point", "coordinates": [6.478633, 62.699291]}, "properties": {"time": "2025-10-21T20:28:33Z", "sog": 8.2, "cog": 36.7, "heading": 511, "status": "Under maskin"}}, {"type": "Feature", "geometry": {"type": "Point", "coordinates": [6.479917, 62.700111]}, "properties": {"time": "2025-10-21T20:28:59Z", "sog": 7.5, "cog": 36.1, "heading": 511, "status": "Under maskin"}}, {"type": "Feature", "geometry": {"type": "Point", "coordinates": [6.481431, 62.701107]}, "properties": {"time": "2025-10-21T20:29:33Z", "sog": 7.7, "cog": 33.1, "heading": 511, "status": "Under maskin"}}, {"type": "Feature", "geometry": {"type": "Point", "coordinates": [6.482623, 62.701889]}, "properties": {"time": "2025-10-21T20:29:59Z", "sog": 7.6, "cog": 35.2, "heading": 511, "status": "Under maskin"}}, {"type": "Feature", "geometry": {"type": "Point", "coordinates": [6.48417, 62.7029]}, "properties": {"time": "2025-10-21T20:30:33Z", "sog": 7.8, "cog": 34.4, "heading": 511, "status": "Under maskin"}}, {"type": "Feature", "geometry": {"type": "Point", "coordinates": [6.485398, 62.703705]}, "properties": {"time": "2025-10-21T20:30:59Z", "sog": 7.9, "cog": 35.6, "heading": 511, "status": "Under maskin"}}, {"type": "Feature", "geometry": {"type": "Point", "coordinates": [6.48819, 62.705532]}, "properties": {"time": "2025-10-21T20:32:02Z", "sog": 8.0, "cog": 33.5, "heading": 511, "status": "Under maskin"}}, {"type": "Feature", "geometry": {"type": "Point", "coordinates": [6.4908, 62.707302]}, "properties": {"time": "2025-10-21T20:33:02Z", "sog": 7.4, "cog": 35.5, "heading": 511, "status": "Under maskin"}}, {"type": "Feature", "geometry": {"type": "Point", "coordinates": [6.493445, 62.709087]}, "properties": {"time": "2025-10-21T20:34:02Z", "sog": 7.6, "cog": 33.9, "heading": 511, "status": "Under maskin"}}, {"type": "Feature", "geometry": {"type": "Point", "coordinates": [6.494723, 62.709961]}, "properties": {"time": "2025-10-21T20:34:32Z", "sog": 7.7, "cog": 33.2, "heading": 511, "status": "Under maskin"}}, {"type": "Feature", "geometry": {"type": "Point", "coordinates": [6.495965, 62.710804]}, "properties": {"time": "2025-10-21T20:35:02Z", "sog": 7.8, "cog": 35.1, "heading": 511, "status": "Under maskin"}}, {"type": "Feature", "geometry": {"type": "Point", "coordinates": [6.498367, 62.712528]}, "properties": {"time": "2025-10-21T20:36:00Z", "sog": 7.4, "cog": 30.9, "heading": 511, "status": "Under maskin"}}, {"type": "Feature", "geometry": {"type": "Point", "coordinates": [6.499505, 62.713375]}, "properties": {"time": "2025-10-21T20:36:30Z", "sog": 7.6, "cog": 31.6, "heading": 511, "status": "Under maskin"}}, {"type": "Feature", "geometry": {"type": "Point", "coordinates": [6.500677, 62.714252]}, "properties": {"time": "2025-10-21T20:37:00Z", "sog": 7.5, "cog": 31.8, "heading": 511, "status": "Under maskin"}}, {"type": "Feature", "geometry": {"type": "Point", "coordinates": [6.501805, 62.715137]}, "properties": {"time": "2025-10-21T20:37:30Z", "sog": 7.5, "cog": 31.7, "heading": 511, "status": "Under maskin"}}, {"type": "Feature", "geometry": {"type": "Point", "coordinates": [6.502945, 62.716015]}, "properties": {"time": "2025-10-21T20:38:00Z", "sog": 7.4, "cog": 32.1, "heading": 511, "status": "Under maskin"}}, {"type": "Feature", "geometry": {"type": "Point", "coordinates": [6.504103, 62.716888]}, "properties": {"time": "2025-10-21T20:38:30Z", "sog": 7.4, "cog": 31.0, "heading": 511, "status": "Under maskin"}}, {"type": "Feature", "geometry": {"type": "Point", "coordinates": [6.505273, 62.7178]}, "properties": {"time": "2025-10-21T20:39:00Z", "sog": 7.3, "cog": 30.9, "heading": 511, "status": "Under maskin"}}, {"type": "Feature", "geometry": {"type": "Point", "coordinates": [6.506377, 62.718651]}, "properties": {"time": "2025-10-21T20:39:30Z", "sog": 7.3, "cog": 31.0, "heading": 511, "status": "Under maskin"}}, {"type": "Feature", "geometry": {"type": "Point", "coordinates": [6.50753, 62.719521]}, "properties": {"time": "2025-10-21T20:40:00Z", "sog": 7.6, "cog": 30.5, "heading": 511, "status": "Under maskin"}}, {"type": "Feature", "geometry": {"type": "Point", "coordinates": [6.50878, 62.720455]}, "properties": {"time": "2025-10-21T20:40:32Z", "sog": 7.4, "cog": 31.8, "heading": 511, "status": "Under maskin"}}, {"type": "Feature", "geometry": {"type": "Point", "coordinates": [6.509937, 62.721333]}, "properties": {"time": "2025-10-21T20:41:02Z", "sog": 7.6, "cog": 31.8, "heading": 511, "status": "Under maskin"}}, {"type": "Feature", "geometry": {"type": "Point", "coordinates": [6.511095, 62.722218]}, "properties": {"time": "2025-10-21T20:41:32Z", "sog": 7.6, "cog": 32.5, "heading": 511, "status": "Under maskin"}}, {"type": "Feature", "geometry": {"type": "Point", "coordinates": [6.512263, 62.723087]}, "properties": {"time": "2025-10-21T20:42:02Z", "sog": 7.7, "cog": 30.8, "heading": 511, "status": "Under maskin"}}, {"type": "Feature", "geometry": {"type": "Point", "coordinates": [6.513425, 62.723957]}, "properties": {"time": "2025-10-21T20:42:32Z", "sog": 7.1, "cog": 31.7, "heading": 511, "status": "Under maskin"}}, {"type": "Feature", "geometry": {"type": "Point", "coordinates": [6.514608, 62.724819]}, "properties": {"time": "2025-10-21T20:43:02Z", "sog": 7.5, "cog": 33.3, "heading": 511, "status": "Under maskin"}}, {"type": "Feature", "geometry": {"type": "Point", "coordinates": [6.515805, 62.725677]}, "properties": {"time": "2025-10-21T20:43:32Z", "sog": 7.7, "cog": 32.4, "heading": 511, "status": "Under maskin"}}, {"type": "Feature", "geometry": {"type": "Point", "coordinates": [6.516995, 62.726543]}, "properties": {"time": "2025-10-21T20:44:02Z", "sog": 7.5, "cog": 32.3, "heading": 511, "status": "Under maskin"}}, {"type": "Feature", "geometry": {"type": "Point", "coordinates": [6.51822, 62.727436]}, "properties": {"time": "2025-10-21T20:44:32Z", "sog": 7.3, "cog": 32.5, "heading": 511, "status": "Under maskin"}}, {"type": "Feature", "geometry": {"type": "Point", "coordinates": [6.519363, 62.728275]}, "properties": {"time": "2025-10-21T20:45:02Z", "sog": 7.7, "cog": 33.2, "heading": 511, "status": "Under maskin"}}, {"type": "Feature", "geometry": {"type": "Point", "coordinates": [6.5206, 62.729122]}, "properties": {"time": "2025-10-21T20:45:32Z", "sog": 7.7, "cog": 33.3, "heading": 511, "status": "Under maskin"}}, {"type": "Feature", "geometry": {"type": "Point", "coordinates": [6.521827, 62.729977]}, "properties": {"time": "2025-10-21T20:46:02Z", "sog": 7.6, "cog": 33.8, "heading": 511, "status": "Under maskin"}}, {"type": "Feature", "geometry": {"type": "Point", "coordinates": [6.522975, 62.730774]}, "properties": {"time": "2025-10-21T20:46:30Z", "sog": 7.1, "cog": 33.5, "heading": 511, "status": "Under maskin"}}, {"type": "Feature", "geometry": {"type": "Point", "coordinates": [6.52432, 62.731716]}, "properties": {"time": "2025-10-21T20:47:02Z", "sog": 7.5, "cog": 33.4, "heading": 511, "status": "Under maskin"}}, {"type": "Feature", "geometry": {"type": "Point", "coordinates": [6.525437, 62.732487]}, "properties": {"time": "2025-10-21T20:47:30Z", "sog": 7.4, "cog": 32.9, "heading": 511, "status": "Under maskin"}}, {"type": "Feature", "geometry": {"type": "Point", "coordinates": [6.526745, 62.733414]}, "properties": {"time": "2025-10-21T20:48:02Z", "sog": 7.4, "cog": 33.5, "heading": 511, "status": "Under maskin"}}, {"type": "Feature", "geometry": {"type": "Point", "coordinates": [6.527888, 62.734226]}, "properties": {"time": "2025-10-21T20:48:30Z", "sog": 7.3, "cog": 32.9, "heading": 511, "status": "Under maskin"}}, {"type": "Feature", "geometry": {"type": "Point", "coordinates": [6.530313, 62.735958]}, "properties": {"time": "2025-10-21T20:49:30Z", "sog": 7.3, "cog": 33.2, "heading": 511, "status": "Under maskin"}}, {"type": "Feature", "geometry": {"type": "Point", "coordinates": [6.53163, 62.736885]}, "properties": {"time": "2025-10-21T20:50:02Z", "sog": 7.3, "cog": 32.6, "heading": 511, "status": "Under maskin"}}, {"type": "Feature", "geometry": {"type": "Point", "coordinates": [6.532784, 62.737698]}, "properties": {"time": "2025-10-21T20:50:30Z", "sog": 7.7, "cog": 32.7, "heading": 511, "status": "Under maskin"}}, {"type": "Feature", "geometry": {"type": "Point", "coordinates": [6.534145, 62.738651]}, "properties": {"time": "2025-10-21T20:51:02Z", "sog": 7.5, "cog": 32.9, "heading": 511, "status": "Under maskin"}}, {"type": "Feature", "geometry": {"type": "Point", "coordinates": [6.535265, 62.739422]}, "properties": {"time": "2025-10-21T20:51:30Z", "sog": 7.7, "cog": 32.8, "heading": 511, "status": "Under maskin"}}, {"type": "Feature", "geometry": {"type": "Point", "coordinates": [6.536561, 62.740341]}, "properties": {"time": "2025-10-21T20:52:02Z", "sog": 7.1, "cog": 33.4, "heading": 511, "status": "Under maskin"}}, {"type": "Feature", "geometry": {"type": "Point", "coordinates": [6.537717, 62.741142]}, "properties": {"time": "2025-10-21T20:52:30Z", "sog": 7.6, "cog": 34.4, "heading": 511, "status": "Under maskin"}}, {"type": "Feature", "geometry": {"type": "Point", "coordinates": [6.539098, 62.742092]}, "properties": {"time": "2025-10-21T20:53:02Z", "sog": 7.6, "cog": 34.4, "heading": 511, "status": "Under maskin"}}, {"type": "Feature", "geometry": {"type": "Point", "coordinates": [6.540388, 62.742947]}, "properties": {"time": "2025-10-21T20:53:33Z", "sog": 8.0, "cog": 34.9, "heading": 511, "status": "Under maskin"}}, {"type": "Feature", "geometry": {"type": "Point", "coordinates": [6.541665, 62.743805]}, "properties": {"time": "2025-10-21T20:54:02Z", "sog": 7.5, "cog": 34.1, "heading": 511, "status": "Under maskin"}}, {"type": "Feature", "geometry": {"type": "Point", "coordinates": [6.542898, 62.744648]}, "properties": {"time": "2025-10-21T20:54:33Z", "sog": 7.5, "cog": 34.3, "heading": 511, "status": "Under maskin"}}, {"type": "Feature", "geometry": {"type": "Point", "coordinates": [6.544235, 62.745544]}, "properties": {"time": "2025-10-21T20:55:03Z", "sog": 7.8, "cog": 35.7, "heading": 511, "status": "Under maskin"}}, {"type": "Feature", "geometry": {"type": "Point", "coordinates": [6.545528, 62.746418]}, "properties": {"time": "2025-10-21T20:55:33Z", "sog": 8.0, "cog": 33.9, "heading": 511, "status": "Under maskin"}}, {"type": "Feature", "geometry": {"type": "Point", "coordinates": [6.546797, 62.747269]}, "properties": {"time": "2025-10-21T20:56:03Z", "sog": 7.6, "cog": 34.7, "heading": 511, "status": "Under maskin"}}, {"type": "Feature", "geometry": {"type": "Point", "coordinates": [6.548033, 62.748138]}, "properties": {"time": "2025-10-21T20:56:33Z", "sog": 7.4, "cog": 32.8, "heading": 511, "status": "Under maskin"}}, {"type": "Feature", "geometry": {"type": "Point", "coordinates": [6.549258, 62.749004]}, "properties": {"time": "2025-10-21T20:57:03Z", "sog": 8.1, "cog": 33.3, "heading": 511, "status": "Under maskin"}}, {"type": "Feature", "geometry": {"type": "Point", "coordinates": [6.55049, 62.749878]}, "properties": {"time": "2025-10-21T20:57:33Z", "sog": 7.4, "cog": 32.3, "heading": 511, "status": "Under maskin"}}, {"type": "Feature", "geometry": {"type": "Point", "coordinates": [6.551698, 62.750755]}, "properties": {"time": "2025-10-21T20:58:03Z", "sog": 7.3, "cog": 32.8, "heading": 511, "status": "Under maskin"}}, {"type": "Feature", "geometry": {"type": "Point", "coordinates": [6.552943, 62.751621]}, "properties": {"time": "2025-10-21T20:58:33Z", "sog": 7.9, "cog": 32.7, "heading": 511, "status": "Under maskin"}}, {"type": "Feature", "geometry": {"type": "Point", "coordinates": [6.554168, 62.752487]}, "properties": {"time": "2025-10-21T20:59:03Z", "sog": 7.6, "cog": 33.3, "heading": 511, "status": "Under maskin"}}, {"type": "Feature", "geometry": {"type": "Point", "coordinates": [6.555423, 62.753345]}, "properties": {"time": "2025-10-21T20:59:33Z", "sog": 7.5, "cog": 34.1, "heading": 511, "status": "Under maskin"}}, {"type": "Feature", "geometry": {"type": "Point", "coordinates": [6.55667, 62.754208]}, "properties": {"time": "2025-10-21T21:00:03Z", "sog": 7.8, "cog": 34.0, "heading": 511, "status": "Under maskin"}}, {"type": "Feature", "geometry": {"type": "Point", "coordinates": [6.557808, 62.754978]}, "properties": {"time": "2025-10-21T21:00:30Z", "sog": 7.1, "cog": 34.1, "heading": 511, "status": "Under maskin"}}, {"type": "Feature", "geometry": {"type": "Point", "coordinates": [6.559212, 62.755924]}, "properties": {"time": "2025-10-21T21:01:03Z", "sog": 7.9, "cog": 35.5, "heading": 511, "status": "Under maskin"}}, {"type": "Feature", "geometry": {"type": "Point", "coordinates": [6.560359, 62.756695]}, "properties": {"time": "2025-10-21T21:01:30Z", "sog": 7.6, "cog": 33.9, "heading": 511, "status": "Under maskin"}}, {"type": "Feature", "geometry": {"type": "Point", "coordinates": [6.561765, 62.757652]}, "properties": {"time": "2025-10-21T21:02:03Z", "sog": 7.8, "cog": 33.5, "heading": 511, "status": "Under maskin"}}, {"type": "Feature", "geometry": {"type": "Point", "coordinates": [6.56287, 62.758442]}, "properties": {"time": "2025-10-21T21:02:30Z", "sog": 7.6, "cog": 32.0, "heading": 511, "status": "Under maskin"}}, {"type": "Feature", "geometry": {"type": "Point", "coordinates": [6.564165, 62.759399]}, "properties": {"time": "2025-10-21T21:03:03Z", "sog": 7.4, "cog": 31.6, "heading": 511, "status": "Under maskin"}}, {"type": "Feature", "geometry": {"type": "Point", "coordinates": [6.565198, 62.760166]}, "properties": {"time": "2025-10-21T21:03:30Z", "sog": 7.6, "cog": 31.4, "heading": 511, "status": "Under maskin"}}, {"type": "Feature", "geometry": {"type": "Point", "coordinates": [6.56661, 62.7612]}, "properties": {"time": "2025-10-21T21:04:03Z", "sog": 7.5, "cog": 32.2, "heading": 511, "status": "Under maskin"}}, {"type": "Feature", "geometry": {"type": "Point", "coordinates": [6.56767, 62.761967]}, "properties": {"time": "2025-10-21T21:04:30Z", "sog": 7.6, "cog": 32.0, "heading": 511, "status": "Under maskin"}}, {"type": "Feature", "geometry": {"type": "Point", "coordinates": [6.568937, 62.762939]}, "properties": {"time": "2025-10-21T21:05:03Z", "sog": 7.6, "cog": 29.4, "heading": 511, "status": "Under maskin"}}, {"type": "Feature", "geometry": {"type": "Point", "coordinates": [6.570002, 62.763775]}, "properties": {"time": "2025-10-21T21:05:30Z", "sog": 7.0, "cog": 30.7, "heading": 511, "status": "Under maskin"}}, {"type": "Feature", "geometry": {"type": "Point", "coordinates": [6.57129, 62.764736]}, "properties": {"time": "2025-10-21T21:06:03Z", "sog": 7.7, "cog": 32.1, "heading": 511, "status": "Under maskin"}}, {"type": "Feature", "geometry": {"type": "Point", "coordinates": [6.572303, 62.765503]}, "properties": {"time": "2025-10-21T21:06:30Z", "sog": 7.6, "cog": 31.5, "heading": 511, "status": "Under maskin"}}, {"type": "Feature", "geometry": {"type": "Point", "coordinates": [6.573518, 62.766426]}, "properties": {"time": "2025-10-21T21:07:01Z", "sog": 7.6, "cog": 30.5, "heading": 511, "status": "Under maskin"}}, {"type": "Feature", "geometry": {"type": "Point", "coordinates": [6.57469, 62.767315]}, "properties": {"time": "2025-10-21T21:07:30Z", "sog": 7.6, "cog": 30.0, "heading": 511, "status": "Under maskin"}}, {"type": "Feature", "geometry": {"type": "Point", "coordinates": [6.575893, 62.768238]}, "properties": {"time": "2025-10-21T21:08:01Z", "sog": 7.4, "cog": 30.8, "heading": 511, "status": "Under maskin"}}, {"type": "Feature", "geometry": {"type": "Point", "coordinates": [6.57696, 62.76907]}, "properties": {"time": "2025-10-21T21:08:30Z", "sog": 7.4, "cog": 30.5, "heading": 511, "status": "Under maskin"}}, {"type": "Feature", "geometry": {"type": "Point", "coordinates": [6.578172, 62.769997]}, "properties": {"time": "2025-10-21T21:09:01Z", "sog": 7.5, "cog": 30.2, "heading": 511, "status": "Under maskin"}}, {"type": "Feature", "geometry": {"type": "Point", "coordinates": [6.579313, 62.770859]}, "properties": {"time": "2025-10-21T21:09:30Z", "sog": 7.6, "cog": 31.0, "heading": 511, "status": "Under maskin"}}, {"type": "Feature", "geometry": {"type": "Point", "coordinates": [6.580548, 62.771816]}, "properties": {"time": "2025-10-21T21:10:01Z", "sog": 7.5, "cog": 30.7, "heading": 511, "status": "Under maskin"}}, {"type": "Feature", "geometry": {"type": "Point", "coordinates": [6.581675, 62.772678]}, "properties": {"time": "2025-10-21T21:10:30Z", "sog": 7.6, "cog": 31.2, "heading": 511, "status": "Under maskin"}}, {"type": "Feature", "geometry": {"type": "Point", "coordinates": [6.582843, 62.773563]}, "properties": {"time": "2025-10-21T21:11:01Z", "sog": 8.3, "cog": 31.1, "heading": 511, "status": "Under maskin"}}, {"type": "Feature", "geometry": {"type": "Point", "coordinates": [6.58397, 62.774429]}, "properties": {"time": "2025-10-21T21:11:30Z", "sog": 7.6, "cog": 31.8, "heading": 511, "status": "Under maskin"}}, {"type": "Feature", "geometry": {"type": "Point", "coordinates": [6.585202, 62.775352]}, "properties": {"time": "2025-10-21T21:12:01Z", "sog": 7.5, "cog": 30.6, "heading": 511, "status": "Under maskin"}}, {"type": "Feature", "geometry": {"type": "Point", "coordinates": [6.586387, 62.776245]}, "properties": {"time": "2025-10-21T21:12:30Z", "sog": 7.6, "cog": 31.6, "heading": 511, "status": "Under maskin"}}, {"type": "Feature", "geometry": {"type": "Point", "coordinates": [6.587575, 62.777134]}, "properties": {"time": "2025-10-21T21:13:01Z", "sog": 7.8, "cog": 31.6, "heading": 511, "status": "Under maskin"}}, {"type": "Feature", "geometry": {"type": "Point", "coordinates": [6.588851, 62.77808]}, "properties": {"time": "2025-10-21T21:13:33Z", "sog": 7.9, "cog": 30.9, "heading": 511, "status": "Under maskin"}}, {"type": "Feature", "geometry": {"type": "Point", "coordinates": [6.589973, 62.778904]}, "properties": {"time": "2025-10-21T21:14:01Z", "sog": 7.4, "cog": 30.3, "heading": 511, "status": "Under maskin"}}, {"type": "Feature", "geometry": {"type": "Point", "coordinates": [6.591273, 62.779877]}, "properties": {"time": "2025-10-21T21:14:33Z", "sog": 7.5, "cog": 31.7, "heading": 511, "status": "Under maskin"}}, {"type": "Feature", "geometry": {"type": "Point", "coordinates": [6.592363, 62.780678]}, "properties": {"time": "2025-10-21T21:15:02Z", "sog": 7.7, "cog": 31.4, "heading": 511, "status": "Under maskin"}}, {"type": "Feature", "geometry": {"type": "Point", "coordinates": [6.593655, 62.781631]}, "properties": {"time": "2025-10-21T21:15:33Z", "sog": 7.5, "cog": 32.6, "heading": 511, "status": "Under maskin"}}, {"type": "Feature", "geometry": {"type": "Point", "coordinates": [6.594837, 62.78249]}, "properties": {"time": "2025-10-21T21:16:02Z", "sog": 7.9, "cog": 32.8, "heading": 511, "status": "Under maskin"}}, {"type": "Feature", "geometry": {"type": "Point", "coordinates": [6.596113, 62.783405]}, "properties": {"time": "2025-10-21T21:16:33Z", "sog": 7.8, "cog": 32.6, "heading": 511, "status": "Under maskin"}}, {"type": "Feature", "geometry": {"type": "Point", "coordinates": [6.597267, 62.78426]}, "properties": {"time": "2025-10-21T21:17:02Z", "sog": 6.7, "cog": 32.7, "heading": 511, "status": "Under maskin"}}, {"type": "Feature", "geometry": {"type": "Point", "coordinates": [6.59855, 62.785206]}, "properties": {"time": "2025-10-21T21:17:33Z", "sog": 7.5, "cog": 31.8, "heading": 511, "status": "Under maskin"}}, {"type": "Feature", "geometry": {"type": "Point", "coordinates": [6.599663, 62.786037]}, "properties": {"time": "2025-10-21T21:18:02Z", "sog": 7.4, "cog": 30.7, "heading": 511, "status": "Under maskin"}}, {"type": "Feature", "geometry": {"type": "Point", "coordinates": [6.600875, 62.786961]}, "properties": {"time": "2025-10-21T21:18:33Z", "sog": 8.3, "cog": 30.5, "heading": 511, "status": "Under maskin"}}, {"type": "Feature", "geometry": {"type": "Point", "coordinates": [6.602006, 62.787815]}, "properties": {"time": "2025-10-21T21:19:02Z", "sog": 8.1, "cog": 30.7, "heading": 511, "status": "Under maskin"}}, {"type": "Feature", "geometry": {"type": "Point", "coordinates": [6.603093, 62.788662]}, "properties": {"time": "2025-10-21T21:19:30Z", "sog": 7.6, "cog": 30.3, "heading": 511, "status": "Under maskin"}}, {"type": "Feature", "geometry": {"type": "Point", "coordinates": [6.604317, 62.789623]}, "properties": {"time": "2025-10-21T21:20:02Z", "sog": 6.6, "cog": 29.3, "heading": 511, "status": "Under maskin"}}, {"type": "Feature", "geometry": {"type": "Point", "coordinates": [6.60538, 62.790462]}, "properties": {"time": "2025-10-21T21:20:30Z", "sog": 7.5, "cog": 29.2, "heading": 511, "status": "Under maskin"}}, {"type": "Feature", "geometry": {"type": "Point", "coordinates": [6.606576, 62.791424]}, "properties": {"time": "2025-10-21T21:21:02Z", "sog": 7.7, "cog": 30.1, "heading": 511, "status": "Under maskin"}}, {"type": "Feature", "geometry": {"type": "Point", "coordinates": [6.607678, 62.792301]}, "properties": {"time": "2025-10-21T21:21:30Z", "sog": 7.8, "cog": 29.4, "heading": 511, "status": "Under maskin"}}, {"type": "Feature", "geometry": {"type": "Point", "coordinates": [6.608861, 62.793243]}, "properties": {"time": "2025-10-21T21:22:02Z", "sog": 7.1, "cog": 30.5, "heading": 511, "status": "Under maskin"}}, {"type": "Feature", "geometry": {"type": "Point", "coordinates": [6.609925, 62.794098]}, "properties": {"time": "2025-10-21T21:22:30Z", "sog": 7.7, "cog": 29.6, "heading": 511, "status": "Under maskin"}}, {"type": "Feature", "geometry": {"type": "Point", "coordinates": [6.611148, 62.795078]}, "properties": {"time": "2025-10-21T21:23:01Z", "sog": 7.4, "cog": 28.6, "heading": 511, "status": "Under maskin"}}, {"type": "Feature", "geometry": {"type": "Point", "coordinates": [6.612195, 62.79594]}, "properties": {"time": "2025-10-21T21:23:30Z", "sog": 7.5, "cog": 29.7, "heading": 511, "status": "Under maskin"}}, {"type": "Feature", "geometry": {"type": "Point", "coordinates": [6.613403, 62.796921]}, "properties": {"time": "2025-10-21T21:24:01Z", "sog": 7.8, "cog": 30.4, "heading": 511, "status": "Under maskin"}}, {"type": "Feature", "geometry": {"type": "Point", "coordinates": [6.614462, 62.797775]}, "properties": {"time": "2025-10-21T21:24:30Z", "sog": 7.6, "cog": 29.2, "heading": 511, "status": "Under maskin"}}, {"type": "Feature", "geometry": {"type": "Point", "coordinates": [6.615602, 62.798717]}, "properties": {"time": "2025-10-21T21:25:01Z", "sog": 7.5, "cog": 29.2, "heading": 511, "status": "Under maskin"}}, {"type": "Feature", "geometry": {"type": "Point", "coordinates": [6.616707, 62.799587]}, "properties": {"time": "2025-10-21T21:25:30Z", "sog": 7.3, "cog": 29.8, "heading": 511, "status": "Under maskin"}}, {"type": "Feature", "geometry": {"type": "Point", "coordinates": [6.617898, 62.80056]}, "properties": {"time": "2025-10-21T21:26:01Z", "sog": 8.0, "cog": 30.0, "heading": 511, "status": "Under maskin"}}, {"type": "Feature", "geometry": {"type": "Point", "coordinates": [6.618942, 62.801411]}, "properties": {"time": "2025-10-21T21:26:30Z", "sog": 6.8, "cog": 30.0, "heading": 511, "status": "Under maskin"}}, {"type": "Feature", "geometry": {"type": "Point", "coordinates": [6.620062, 62.802345]}, "properties": {"time": "2025-10-21T21:27:01Z", "sog": 7.4, "cog": 28.2, "heading": 511, "status": "Under maskin"}}, {"type": "Feature", "geometry": {"type": "Point", "coordinates": [6.621228, 62.803307]}, "properties": {"time": "2025-10-21T21:27:33Z", "sog": 7.3, "cog": 28.8, "heading": 511, "status": "Under maskin"}}, {"type": "Feature", "geometry": {"type": "Point", "coordinates": [6.622268, 62.80418]}, "properties": {"time": "2025-10-21T21:28:01Z", "sog": 7.3, "cog": 29.1, "heading": 511, "status": "Under maskin"}}, {"type": "Feature", "geometry": {"type": "Point", "coordinates": [6.623418, 62.805119]}, "properties": {"time": "2025-10-21T21:28:33Z", "sog": 7.7, "cog": 27.7, "heading": 511, "status": "Under maskin"}}, {"type": "Feature", "geometry": {"type": "Point", "coordinates": [6.62446, 62.805977]}, "properties": {"time": "2025-10-21T21:29:01Z", "sog": 7.8, "cog": 30.0, "heading": 511, "status": "Under maskin"}}, {"type": "Feature", "geometry": {"type": "Point", "coordinates": [6.625648, 62.806946]}, "properties": {"time": "2025-10-21T21:29:33Z", "sog": 6.9, "cog": 30.0, "heading": 511, "status": "Under maskin"}}, {"type": "Feature", "geometry": {"type": "Point", "coordinates": [6.626702, 62.807819]}, "properties": {"time": "2025-10-21T21:30:01Z", "sog": 7.3, "cog": 27.4, "heading": 511, "status": "Under maskin"}}, {"type": "Feature", "geometry": {"type": "Point", "coordinates": [6.627803, 62.808754]}, "properties": {"time": "2025-10-21T21:30:33Z", "sog": 7.7, "cog": 27.7, "heading": 511, "status": "Under maskin"}}, {"type": "Feature", "geometry": {"type": "Point", "coordinates": [6.628863, 62.80965]}, "properties": {"time": "2025-10-21T21:31:02Z", "sog": 7.0, "cog": 27.1, "heading": 511, "status": "Under maskin"}}, {"type": "Feature", "geometry": {"type": "Point", "coordinates": [6.629802, 62.810463]}, "properties": {"time": "2025-10-21T21:31:30Z", "sog": 7.6, "cog": 27.9, "heading": 511, "status": "Under maskin"}}, {"type": "Feature", "geometry": {"type": "Point", "coordinates": [6.630927, 62.811428]}, "properties": {"time": "2025-10-21T21:32:02Z", "sog": 7.5, "cog": 28.1, "heading": 511, "status": "Under maskin"}}, {"type": "Feature", "geometry": {"type": "Point", "coordinates": [6.631905, 62.812267]}, "properties": {"time": "2025-10-21T21:32:30Z", "sog": 7.1, "cog": 30.3, "heading": 511, "status": "Under maskin"}}, {"type": "Feature", "geometry": {"type": "Point", "coordinates": [6.63301, 62.813244]}, "properties": {"time": "2025-10-21T21:33:02Z", "sog": 7.6, "cog": 27.8, "heading": 511, "status": "Under maskin"}}, {"type": "Feature", "geometry": {"type": "Point", "coordinates": [6.63392, 62.814064]}, "properties": {"time": "2025-10-21T21:33:30Z", "sog": 7.7, "cog": 25.7, "heading": 511, "status": "Under maskin"}}, {"type": "Feature", "geometry": {"type": "Point", "coordinates": [6.635022, 62.815033]}, "properties": {"time": "2025-10-21T21:34:02Z", "sog": 8.4, "cog": 28.7, "heading": 511, "status": "Under maskin"}}, {"type": "Feature", "geometry": {"type": "Point", "coordinates": [6.636017, 62.81588]}, "properties": {"time": "2025-10-21T21:34:30Z", "sog": 7.3, "cog": 27.3, "heading": 511, "status": "Under maskin"}}, {"type": "Feature", "geometry": {"type": "Point", "coordinates": [6.63718, 62.816868]}, "properties": {"time": "2025-10-21T21:35:02Z", "sog": 7.2, "cog": 27.4, "heading": 511, "status": "Under maskin"}}, {"type": "Feature", "geometry": {"type": "Point", "coordinates": [6.638175, 62.817726]}, "properties": {"time": "2025-10-21T21:35:30Z", "sog": 7.2, "cog": 24.5, "heading": 511, "status": "Under maskin"}}, {"type": "Feature", "geometry": {"type": "Point", "coordinates": [6.639163, 62.818645]}, "properties": {"time": "2025-10-21T21:36:02Z", "sog": 6.5, "cog": 27.9, "heading": 511, "status": "Under maskin"}}, {"type": "Feature", "geometry": {"type": "Point", "coordinates": [6.64014, 62.819523]}, "properties": {"time": "2025-10-21T21:36:30Z", "sog": 7.1, "cog": 27.5, "heading": 511, "status": "Under maskin"}}, {"type": "Feature", "geometry": {"type": "Point", "coordinates": [6.64118, 62.82048]}, "properties": {"time": "2025-10-21T21:37:02Z", "sog": 7.8, "cog": 25.2, "heading": 511, "status": "Under maskin"}}, {"type": "Feature", "geometry": {"type": "Point", "coordinates": [6.642142, 62.821354]}, "properties": {"time": "2025-10-21T21:37:30Z", "sog": 6.5, "cog": 27.6, "heading": 511, "status": "Under maskin"}}, {"type": "Feature", "geometry": {"type": "Point", "coordinates": [6.643229, 62.822323]}, "properties": {"time": "2025-10-21T21:38:02Z", "sog": 7.5, "cog": 24.4, "heading": 511, "status": "Under maskin"}}, {"type": "Feature", "geometry": {"type": "Point", "coordinates": [6.644267, 62.82325]}, "properties": {"time": "2025-10-21T21:38:33Z", "sog": 6.6, "cog": 25.1, "heading": 511, "status": "Under maskin"}}, {"type": "Feature", "geometry": {"type": "Point", "coordinates": [6.645267, 62.824154]}, "properties": {"time": "2025-10-21T21:39:02Z", "sog": 6.6, "cog": 31.3, "heading": 511, "status": "Under maskin"}}, {"type": "Feature", "geometry": {"type": "Point", "coordinates": [6.646363, 62.825081]}, "properties": {"time": "2025-10-21T21:39:33Z", "sog": 6.5, "cog": 27.6, "heading": 511, "status": "Under maskin"}}, {"type": "Feature", "geometry": {"type": "Point", "coordinates": [6.647345, 62.825985]}, "properties": {"time": "2025-10-21T21:40:02Z", "sog": 7.5, "cog": 26.3, "heading": 511, "status": "Under maskin"}}, {"type": "Feature", "geometry": {"type": "Point", "coordinates": [6.648432, 62.826946]}, "properties": {"time": "2025-10-21T21:40:33Z", "sog": 7.0, "cog": 29.7, "heading": 511, "status": "Under maskin"}}, {"type": "Feature", "geometry": {"type": "Point", "coordinates": [6.649432, 62.82785]}, "properties": {"time": "2025-10-21T21:41:02Z", "sog": 7.9, "cog": 29.5, "heading": 511, "status": "Under maskin"}}, {"type": "Feature", "geometry": {"type": "Point", "coordinates": [6.650525, 62.828804]}, "properties": {"time": "2025-10-21T21:41:33Z", "sog": 7.9, "cog": 23.5, "heading": 511, "status": "Under maskin"}}, {"type": "Feature", "geometry": {"type": "Point", "coordinates": [6.651448, 62.829651]}, "properties": {"time": "2025-10-21T21:42:00Z", "sog": 7.2, "cog": 25.7, "heading": 511, "status": "Under maskin"}}, {"type": "Feature", "geometry": {"type": "Point", "coordinates": [6.652563, 62.830673]}, "properties": {"time": "2025-10-21T21:42:33Z", "sog": 7.5, "cog": 26.8, "heading": 511, "status": "Under maskin"}}, {"type": "Feature", "geometry": {"type": "Point", "coordinates": [6.653565, 62.831497]}, "properties": {"time": "2025-10-21T21:43:00Z", "sog": 8.5, "cog": 27.7, "heading": 511, "status": "Under maskin"}}, {"type": "Feature", "geometry": {"type": "Point", "coordinates": [6.654745, 62.83252]}, "properties": {"time": "2025-10-21T21:43:33Z", "sog": 7.7, "cog": 28.0, "heading": 511, "status": "Under maskin"}}, {"type": "Feature", "geometry": {"type": "Point", "coordinates": [6.655697, 62.833336]}, "properties": {"time": "2025-10-21T21:44:00Z", "sog": 6.8, "cog": 25.5, "heading": 511, "status": "Under maskin"}}, {"type": "Feature", "geometry": {"type": "Point", "coordinates": [6.656905, 62.834354]}, "properties": {"time": "2025-10-21T21:44:33Z", "sog": 7.8, "cog": 30.2, "heading": 511, "status": "Under maskin"}}, {"type": "Feature", "geometry": {"type": "Point", "coordinates": [6.658017, 62.835243]}, "properties": {"time": "2025-10-21T21:45:00Z", "sog": 7.5, "cog": 33.0, "heading": 511, "status": "Under maskin"}}, {"type": "Feature", "geometry": {"type": "Point", "coordinates": [6.659342, 62.836273]}, "properties": {"time": "2025-10-21T21:45:33Z", "sog": 8.2, "cog": 26.3, "heading": 511, "status": "Under maskin"}}, {"type": "Feature", "geometry": {"type": "Point", "coordinates": [6.660455, 62.837132]}, "properties": {"time": "2025-10-21T21:46:00Z", "sog": 6.5, "cog": 16.7, "heading": 511, "status": "Under maskin"}}, {"type": "Feature", "geometry": {"type": "Point", "coordinates": [6.66171, 62.838184]}, "properties": {"time": "2025-10-21T21:46:33Z", "sog": 7.4, "cog": 27.8, "heading": 511, "status": "Under maskin"}}, {"type": "Feature", "geometry": {"type": "Point", "coordinates": [6.662818, 62.839035]}, "properties": {"time": "2025-10-21T21:46:59Z", "sog": 8.8, "cog": 28.7, "heading": 511, "status": "Under maskin"}}, {"type": "Feature", "geometry": {"type": "Point", "coordinates": [6.66413, 62.840084]}, "properties": {"time": "2025-10-21T21:47:33Z", "sog": 7.3, "cog": 32.3, "heading": 511, "status": "Under maskin"}}, {"type": "Feature", "geometry": {"type": "Point", "coordinates": [6.665138, 62.840908]}, "properties": {"time": "2025-10-21T21:47:59Z", "sog": 8.6, "cog": 34.7, "heading": 511, "status": "Under maskin"}}, {"type": "Feature", "geometry": {"type": "Point", "coordinates": [6.666407, 62.841988]}, "properties": {"time": "2025-10-21T21:48:33Z", "sog": 8.2, "cog": 28.5, "heading": 511, "status": "Under maskin"}}, {"type": "Feature", "geometry": {"type": "Point", "coordinates": [6.667477, 62.842854]}, "properties": {"time": "2025-10-21T21:48:59Z", "sog": 6.9, "cog": 30.3, "heading": 511, "status": "Under maskin"}}, {"type": "Feature", "geometry": {"type": "Point", "coordinates": [6.668736, 62.843811]}, "properties": {"time": "2025-10-21T21:49:30Z", "sog": 8.6, "cog": 35.0, "heading": 511, "status": "Under maskin"}}, {"type": "Feature", "geometry": {"type": "Point", "coordinates": [6.668736, 62.843811]}, "properties": {"time": "2025-10-21T21:49:30Z", "sog": 8.6, "cog": 35.0, "heading": 511, "status": "Under maskin"}}, {"type": "Feature", "geometry": {"type": "Point", "coordinates": [6.669806, 62.844688]}, "properties": {"time": "2025-10-21T21:49:59Z", "sog": 8.1, "cog": 27.8, "heading": 511, "status": "Under maskin"}}, {"type": "Feature", "geometry": {"type": "Point", "coordinates": [6.669806, 62.844688]}, "properties": {"time": "2025-10-21T21:49:59Z", "sog": 8.1, "cog": 27.8, "heading": 511, "status": "Under maskin"}}, {"type": "Feature", "geometry": {"type": "Point", "coordinates": [6.672347, 62.846523]}, "properties": {"time": "2025-10-21T21:51:00Z", "sog": 8.8, "cog": 29.4, "heading": 511, "status": "Under maskin"}}, {"type": "Feature", "geometry": {"type": "Point", "coordinates": [6.672347, 62.846523]}, "properties": {"time": "2025-10-21T21:51:00Z", "sog": 8.8, "cog": 29.4, "heading": 511, "status": "Under maskin"}}, {"type": "Feature", "geometry": {"type": "Point", "coordinates": [6.674942, 62.84832]}, "properties": {"time": "2025-10-21T21:52:00Z", "sog": 8.2, "cog": 29.1, "heading": 511, "status": "Under maskin"}}, {"type": "Feature", "geometry": {"type": "Point", "coordinates": [6.674942, 62.84832]}, "properties": {"time": "2025-10-21T21:52:00Z", "sog": 8.2, "cog": 29.1, "heading": 511, "status": "Under maskin"}}, {"type": "Feature", "geometry": {"type": "Point", "coordinates": [6.67755, 62.850124]}, "properties": {"time": "2025-10-21T21:53:00Z", "sog": 8.1, "cog": 30.5, "heading": 511, "status": "Under maskin"}}, {"type": "Feature", "geometry": {"type": "Point", "coordinates": [6.67755, 62.850124]}, "properties": {"time": "2025-10-21T21:53:00Z", "sog": 8.1, "cog": 30.5, "heading": 511, "status": "Under maskin"}}, {"type": "Feature", "geometry": {"type": "Point", "coordinates": [6.680183, 62.851978]}, "properties": {"time": "2025-10-21T21:54:00Z", "sog": 6.7, "cog": 29.4, "heading": 511, "status": "Under maskin"}}, {"type": "Feature", "geometry": {"type": "Point", "coordinates": [6.680183, 62.851978]}, "properties": {"time": "2025-10-21T21:54:00Z", "sog": 6.7, "cog": 29.4, "heading": 511, "status": "Under maskin"}}, {"type": "Feature", "geometry": {"type": "Point", "coordinates": [6.681443, 62.852833]}, "properties": {"time": "2025-10-21T21:54:30Z", "sog": 8.0, "cog": 33.0, "heading": 511, "status": "Under maskin"}}, {"type": "Feature", "geometry": {"type": "Point", "coordinates": [6.681443, 62.852833]}, "properties": {"time": "2025-10-21T21:54:30Z", "sog": 8.0, "cog": 33.0, "heading": 511, "status": "Under maskin"}}, {"type": "Feature", "geometry": {"type": "Point", "coordinates": [6.682865, 62.85379]}, "properties": {"time": "2025-10-21T21:55:02Z", "sog": 8.6, "cog": 33.2, "heading": 511, "status": "Under maskin"}}, {"type": "Feature", "geometry": {"type": "Point", "coordinates": [6.682865, 62.85379]}, "properties": {"time": "2025-10-21T21:55:02Z", "sog": 8.6, "cog": 33.2, "heading": 511, "status": "Under maskin"}}, {"type": "Feature", "geometry": {"type": "Point", "coordinates": [6.6841, 62.854671]}, "properties": {"time": "2025-10-21T21:55:30Z", "sog": 8.4, "cog": 34.3, "heading": 511, "status": "Under maskin"}}, {"type": "Feature", "geometry": {"type": "Point", "coordinates": [6.6841, 62.854671]}, "properties": {"time": "2025-10-21T21:55:30Z", "sog": 8.4, "cog": 34.3, "heading": 511, "status": "Under maskin"}}, {"type": "Feature", "geometry": {"type": "Point", "coordinates": [6.685478, 62.855629]}, "properties": {"time": "2025-10-21T21:56:02Z", "sog": 8.3, "cog": 34.9, "heading": 511, "status": "Under maskin"}}, {"type": "Feature", "geometry": {"type": "Point", "coordinates": [6.685478, 62.855629]}, "properties": {"time": "2025-10-21T21:56:02Z", "sog": 8.3, "cog": 34.9, "heading": 511, "status": "Under maskin"}}, {"type": "Feature", "geometry": {"type": "Point", "coordinates": [6.686692, 62.856468]}, "properties": {"time": "2025-10-21T21:56:30Z", "sog": 8.4, "cog": 32.4, "heading": 511, "status": "Under maskin"}}, {"type": "Feature", "geometry": {"type": "Point", "coordinates": [6.686692, 62.856468]}, "properties": {"time": "2025-10-21T21:56:30Z", "sog": 8.4, "cog": 32.4, "heading": 511, "status": "Under maskin"}}, {"type": "Feature", "geometry": {"type": "Point", "coordinates": [6.688115, 62.857399]}, "properties": {"time": "2025-10-21T21:57:02Z", "sog": 7.5, "cog": 33.7, "heading": 511, "status": "Under maskin"}}, {"type": "Feature", "geometry": {"type": "Point", "coordinates": [6.688115, 62.857399]}, "properties": {"time": "2025-10-21T21:57:02Z", "sog": 7.5, "cog": 33.7, "heading": 511, "status": "Under maskin"}}, {"type": "Feature", "geometry": {"type": "Point", "coordinates": [6.689242, 62.858196]}, "properties": {"time": "2025-10-21T21:57:30Z", "sog": 8.8, "cog": 36.5, "heading": 511, "status": "Under maskin"}}, {"type": "Feature", "geometry": {"type": "Point", "coordinates": [6.689242, 62.858196]}, "properties": {"time": "2025-10-21T21:57:30Z", "sog": 8.8, "cog": 36.5, "heading": 511, "status": "Under maskin"}}, {"type": "Feature", "geometry": {"type": "Point", "coordinates": [6.690629, 62.859177]}, "properties": {"time": "2025-10-21T21:58:02Z", "sog": 8.4, "cog": 32.6, "heading": 511, "status": "Under maskin"}}, {"type": "Feature", "geometry": {"type": "Point", "coordinates": [6.690629, 62.859177]}, "properties": {"time": "2025-10-21T21:58:02Z", "sog": 8.4, "cog": 32.6, "heading": 511, "status": "Under maskin"}}, {"type": "Feature", "geometry": {"type": "Point", "coordinates": [6.691813, 62.860004]}, "properties": {"time": "2025-10-21T21:58:30Z", "sog": 6.6, "cog": 32.7, "heading": 511, "status": "Under maskin"}}, {"type": "Feature", "geometry": {"type": "Point", "coordinates": [6.691813, 62.860004]}, "properties": {"time": "2025-10-21T21:58:30Z", "sog": 6.6, "cog": 32.7, "heading": 511, "status": "Under maskin"}}, {"type": "Feature", "geometry": {"type": "Point", "coordinates": [6.693215, 62.860954]}, "properties": {"time": "2025-10-21T21:59:02Z", "sog": 8.2, "cog": 30.3, "heading": 511, "status": "Under maskin"}}, {"type": "Feature", "geometry": {"type": "Point", "coordinates": [6.693215, 62.860954]}, "properties": {"time": "2025-10-21T21:59:02Z", "sog": 8.2, "cog": 30.3, "heading": 511, "status": "Under maskin"}}, {"type": "Feature", "geometry": {"type": "Point", "coordinates": [6.694393, 62.86174]}, "properties": {"time": "2025-10-21T21:59:30Z", "sog": 6.3, "cog": 33.0, "heading": 511, "status": "Under maskin"}}, {"type": "Feature", "geometry": {"type": "Point", "coordinates": [6.694393, 62.86174]}, "properties": {"time": "2025-10-21T21:59:30Z", "sog": 6.3, "cog": 33.0, "heading": 511, "status": "Under maskin"}}, {"type": "Feature", "geometry": {"type": "Point", "coordinates": [6.695714, 62.862637]}, "properties": {"time": "2025-10-21T22:00:01Z", "sog": 7.9, "cog": 34.9, "heading": 511, "status": "Under maskin"}}, {"type": "Feature", "geometry": {"type": "Point", "coordinates": [6.695714, 62.862637]}, "properties": {"time": "2025-10-21T22:00:01Z", "sog": 7.9, "cog": 34.9, "heading": 511, "status": "Under maskin"}}, {"type": "Feature", "geometry": {"type": "Point", "coordinates": [6.696997, 62.863499]}, "properties": {"time": "2025-10-21T22:00:30Z", "sog": 8.8, "cog": 34.6, "heading": 511, "status": "Under maskin"}}, {"type": "Feature", "geometry": {"type": "Point", "coordinates": [6.696997, 62.863499]}, "properties": {"time": "2025-10-21T22:00:30Z", "sog": 8.8, "cog": 34.6, "heading": 511, "status": "Under maskin"}}, {"type": "Feature", "geometry": {"type": "Point", "coordinates": [6.698417, 62.864418]}, "properties": {"time": "2025-10-21T22:01:01Z", "sog": 7.2, "cog": 38.3, "heading": 511, "status": "Under maskin"}}, {"type": "Feature", "geometry": {"type": "Point", "coordinates": [6.698417, 62.864418]}, "properties": {"time": "2025-10-21T22:01:01Z", "sog": 7.2, "cog": 38.3, "heading": 511, "status": "Under maskin"}}, {"type": "Feature", "geometry": {"type": "Point", "coordinates": [6.699663, 62.865238]}, "properties": {"time": "2025-10-21T22:01:30Z", "sog": 6.0, "cog": 34.5, "heading": 511, "status": "Under maskin"}}, {"type": "Feature", "geometry": {"type": "Point", "coordinates": [6.699663, 62.865238]}, "properties": {"time": "2025-10-21T22:01:30Z", "sog": 6.0, "cog": 34.5, "heading": 511, "status": "Under maskin"}}, {"type": "Feature", "geometry": {"type": "Point", "coordinates": [6.70093, 62.866058]}, "properties": {"time": "2025-10-21T22:02:01Z", "sog": 7.0, "cog": 33.3, "heading": 511, "status": "Under maskin"}}, {"type": "Feature", "geometry": {"type": "Point", "coordinates": [6.70093, 62.866058]}, "properties": {"time": "2025-10-21T22:02:01Z", "sog": 7.0, "cog": 33.3, "heading": 511, "status": "Under maskin"}}, {"type": "Feature", "geometry": {"type": "Point", "coordinates": [6.702162, 62.866879]}, "properties": {"time": "2025-10-21T22:02:30Z", "sog": 6.5, "cog": 33.0, "heading": 511, "status": "Under maskin"}}, {"type": "Feature", "geometry": {"type": "Point", "coordinates": [6.702162, 62.866879]}, "properties": {"time": "2025-10-21T22:02:30Z", "sog": 6.5, "cog": 33.0, "heading": 511, "status": "Under maskin"}}, {"type": "Feature", "geometry": {"type": "Point", "coordinates": [6.703515, 62.867764]}, "properties": {"time": "2025-10-21T22:03:01Z", "sog": 6.7, "cog": 36.0, "heading": 511, "status": "Under maskin"}}, {"type": "Feature", "geometry": {"type": "Point", "coordinates": [6.703515, 62.867764]}, "properties": {"time": "2025-10-21T22:03:01Z", "sog": 6.7, "cog": 36.0, "heading": 511, "status": "Under maskin"}}, {"type": "Feature", "geometry": {"type": "Point", "coordinates": [6.704748, 62.868549]}, "properties": {"time": "2025-10-21T22:03:30Z", "sog": 7.6, "cog": 32.3, "heading": 511, "status": "Under maskin"}}, {"type": "Feature", "geometry": {"type": "Point", "coordinates": [6.704748, 62.868549]}, "properties": {"time": "2025-10-21T22:03:30Z", "sog": 7.6, "cog": 32.3, "heading": 511, "status": "Under maskin"}}, {"type": "Feature", "geometry": {"type": "Point", "coordinates": [6.70611, 62.8694]}, "properties": {"time": "2025-10-21T22:04:01Z", "sog": 7.1, "cog": 39.8, "heading": 511, "status": "Under maskin"}}, {"type": "Feature", "geometry": {"type": "Point", "coordinates": [6.70611, 62.8694]}, "properties": {"time": "2025-10-21T22:04:01Z", "sog": 7.1, "cog": 39.8, "heading": 511, "status": "Under maskin"}}, {"type": "Feature", "geometry": {"type": "Point", "coordinates": [6.707348, 62.870171]}, "properties": {"time": "2025-10-21T22:04:30Z", "sog": 7.5, "cog": 26.1, "heading": 511, "status": "Under maskin"}}, {"type": "Feature", "geometry": {"type": "Point", "coordinates": [6.707348, 62.870171]}, "properties": {"time": "2025-10-21T22:04:30Z", "sog": 7.5, "cog": 26.1, "heading": 511, "status": "Under maskin"}}, {"type": "Feature", "geometry": {"type": "Point", "coordinates": [6.708766, 62.871063]}, "properties": {"time": "2025-10-21T22:05:02Z", "sog": 6.5, "cog": 38.2, "heading": 511, "status": "Under maskin"}}, {"type": "Feature", "geometry": {"type": "Point", "coordinates": [6.708766, 62.871063]}, "properties": {"time": "2025-10-21T22:05:02Z", "sog": 6.5, "cog": 38.2, "heading": 511, "status": "Under maskin"}}, {"type": "Feature", "geometry": {"type": "Point", "coordinates": [6.710033, 62.871868]}, "properties": {"time": "2025-10-21T22:05:32Z", "sog": 7.4, "cog": 37.7, "heading": 511, "status": "Under maskin"}}, {"type": "Feature", "geometry": {"type": "Point", "coordinates": [6.710033, 62.871868]}, "properties": {"time": "2025-10-21T22:05:32Z", "sog": 7.4, "cog": 37.7, "heading": 511, "status": "Under maskin"}}, {"type": "Feature", "geometry": {"type": "Point", "coordinates": [6.711378, 62.872719]}, "properties": {"time": "2025-10-21T22:06:02Z", "sog": 7.0, "cog": 31.0, "heading": 511, "status": "Under maskin"}}, {"type": "Feature", "geometry": {"type": "Point", "coordinates": [6.711378, 62.872719]}, "properties": {"time": "2025-10-21T22:06:02Z", "sog": 7.0, "cog": 31.0, "heading": 511, "status": "Under maskin"}}, {"type": "Feature", "geometry": {"type": "Point", "coordinates": [6.712683, 62.87352]}, "properties": {"time": "2025-10-21T22:06:32Z", "sog": 7.9, "cog": 42.5, "heading": 511, "status": "Under maskin"}}, {"type": "Feature", "geometry": {"type": "Point", "coordinates": [6.712683, 62.87352]}, "properties": {"time": "2025-10-21T22:06:32Z", "sog": 7.9, "cog": 42.5, "heading": 511, "status": "Under maskin"}}, {"type": "Feature", "geometry": {"type": "Point", "coordinates": [6.714056, 62.874352]}, "properties": {"time": "2025-10-21T22:07:02Z", "sog": 7.8, "cog": 32.4, "heading": 511, "status": "Under maskin"}}, {"type": "Feature", "geometry": {"type": "Point", "coordinates": [6.714056, 62.874352]}, "properties": {"time": "2025-10-21T22:07:02Z", "sog": 7.8, "cog": 32.4, "heading": 511, "status": "Under maskin"}}, {"type": "Feature", "geometry": {"type": "Point", "coordinates": [6.71538, 62.875145]}, "properties": {"time": "2025-10-21T22:07:32Z", "sog": 6.6, "cog": 41.0, "heading": 511, "status": "Under maskin"}}, {"type": "Feature", "geometry": {"type": "Point", "coordinates": [6.71538, 62.875145]}, "properties": {"time": "2025-10-21T22:07:32Z", "sog": 6.6, "cog": 41.0, "heading": 511, "status": "Under maskin"}}, {"type": "Feature", "geometry": {"type": "Point", "coordinates": [6.716787, 62.875973]}, "properties": {"time": "2025-10-21T22:08:02Z", "sog": 7.6, "cog": 38.0, "heading": 511, "status": "Under maskin"}}, {"type": "Feature", "geometry": {"type": "Point", "coordinates": [6.716787, 62.875973]}, "properties": {"time": "2025-10-21T22:08:02Z", "sog": 7.6, "cog": 38.0, "heading": 511, "status": "Under maskin"}}, {"type": "Feature", "geometry": {"type": "Point", "coordinates": [6.71822, 62.876808]}, "properties": {"time": "2025-10-21T22:08:32Z", "sog": 7.3, "cog": 38.9, "heading": 511, "status": "Under maskin"}}, {"type": "Feature", "geometry": {"type": "Point", "coordinates": [6.71822, 62.876808]}, "properties": {"time": "2025-10-21T22:08:32Z", "sog": 7.3, "cog": 38.9, "heading": 511, "status": "Under maskin"}}, {"type": "Feature", "geometry": {"type": "Point", "coordinates": [6.719645, 62.877647]}, "properties": {"time": "2025-10-21T22:09:02Z", "sog": 7.6, "cog": 31.9, "heading": 511, "status": "Under maskin"}}, {"type": "Feature", "geometry": {"type": "Point", "coordinates": [6.719645, 62.877647]}, "properties": {"time": "2025-10-21T22:09:02Z", "sog": 7.6, "cog": 31.9, "heading": 511, "status": "Under maskin"}}, {"type": "Feature", "geometry": {"type": "Point", "coordinates": [6.721005, 62.878468]}, "properties": {"time": "2025-10-21T22:09:33Z", "sog": 8.3, "cog": 41.6, "heading": 511, "status": "Under maskin"}}, {"type": "Feature", "geometry": {"type": "Point", "coordinates": [6.721005, 62.878468]}, "properties": {"time": "2025-10-21T22:09:33Z", "sog": 8.3, "cog": 41.6, "heading": 511, "status": "Under maskin"}}, {"type": "Feature", "geometry": {"type": "Point", "coordinates": [6.722323, 62.87925]}, "properties": {"time": "2025-10-21T22:10:02Z", "sog": 5.8, "cog": 42.9, "heading": 511, "status": "Under maskin"}}, {"type": "Feature", "geometry": {"type": "Point", "coordinates": [6.722323, 62.87925]}, "properties": {"time": "2025-10-21T22:10:02Z", "sog": 5.8, "cog": 42.9, "heading": 511, "status": "Under maskin"}}, {"type": "Feature", "geometry": {"type": "Point", "coordinates": [6.723837, 62.880096]}, "properties": {"time": "2025-10-21T22:10:33Z", "sog": 7.7, "cog": 40.2, "heading": 511, "status": "Under maskin"}}, {"type": "Feature", "geometry": {"type": "Point", "coordinates": [6.723837, 62.880096]}, "properties": {"time": "2025-10-21T22:10:33Z", "sog": 7.7, "cog": 40.2, "heading": 511, "status": "Under maskin"}}, {"type": "Feature", "geometry": {"type": "Point", "coordinates": [6.725285, 62.880936]}, "properties": {"time": "2025-10-21T22:11:02Z", "sog": 8.0, "cog": 41.3, "heading": 511, "status": "Under maskin"}}, {"type": "Feature", "geometry": {"type": "Point", "coordinates": [6.725285, 62.880936]}, "properties": {"time": "2025-10-21T22:11:02Z", "sog": 8.0, "cog": 41.3, "heading": 511, "status": "Under maskin"}}, {"type": "Feature", "geometry": {"type": "Point", "coordinates": [6.726745, 62.881748]}, "properties": {"time": "2025-10-21T22:11:33Z", "sog": 6.9, "cog": 41.3, "heading": 511, "status": "Under maskin"}}, {"type": "Feature", "geometry": {"type": "Point", "coordinates": [6.726745, 62.881748]}, "properties": {"time": "2025-10-21T22:11:33Z", "sog": 6.9, "cog": 41.3, "heading": 511, "status": "Under maskin"}}, {"type": "Feature", "geometry": {"type": "Point", "coordinates": [6.728042, 62.882481]}, "properties": {"time": "2025-10-21T22:12:02Z", "sog": 8.3, "cog": 40.6, "heading": 511, "status": "Under maskin"}}, {"type": "Feature", "geometry": {"type": "Point", "coordinates": [6.728042, 62.882481]}, "properties": {"time": "2025-10-21T22:12:02Z", "sog": 8.3, "cog": 40.6, "heading": 511, "status": "Under maskin"}}, {"type": "Feature", "geometry": {"type": "Point", "coordinates": [6.729442, 62.883339]}, "properties": {"time": "2025-10-21T22:12:33Z", "sog": 6.8, "cog": 43.6, "heading": 511, "status": "Under maskin"}}, {"type": "Feature", "geometry": {"type": "Point", "coordinates": [6.729442, 62.883339]}, "properties": {"time": "2025-10-21T22:12:33Z", "sog": 6.8, "cog": 43.6, "heading": 511, "status": "Under maskin"}}, {"type": "Feature", "geometry": {"type": "Point", "coordinates": [6.73085, 62.884144]}, "properties": {"time": "2025-10-21T22:13:02Z", "sog": 7.9, "cog": 33.8, "heading": 511, "status": "Under maskin"}}, {"type": "Feature", "geometry": {"type": "Point", "coordinates": [6.73085, 62.884144]}, "properties": {"time": "2025-10-21T22:13:02Z", "sog": 7.9, "cog": 33.8, "heading": 511, "status": "Under maskin"}}, {"type": "Feature", "geometry": {"type": "Point", "coordinates": [6.732392, 62.88493]}, "properties": {"time": "2025-10-21T22:13:33Z", "sog": 7.6, "cog": 45.8, "heading": 511, "status": "Under maskin"}}, {"type": "Feature", "geometry": {"type": "Point", "coordinates": [6.732392, 62.88493]}, "properties": {"time": "2025-10-21T22:13:33Z", "sog": 7.6, "cog": 45.8, "heading": 511, "status": "Under maskin"}}, {"type": "Feature", "geometry": {"type": "Point", "coordinates": [6.734201, 62.885529]}, "properties": {"time": "2025-10-21T22:14:03Z", "sog": 6.9, "cog": 58.7, "heading": 511, "status": "Under maskin"}}, {"type": "Feature", "geometry": {"type": "Point", "coordinates": [6.734201, 62.885529]}, "properties": {"time": "2025-10-21T22:14:03Z", "sog": 6.9, "cog": 58.7, "heading": 511, "status": "Under maskin"}}, {"type": "Feature", "geometry": {"type": "Point", "coordinates": [6.736176, 62.886173]}, "properties": {"time": "2025-10-21T22:14:33Z", "sog": 6.9, "cog": 54.9, "heading": 511, "status": "Under maskin"}}, {"type": "Feature", "geometry": {"type": "Point", "coordinates": [6.736176, 62.886173]}, "properties": {"time": "2025-10-21T22:14:33Z", "sog": 6.9, "cog": 54.9, "heading": 511, "status": "Under maskin"}}, {"type": "Feature", "geometry": {"type": "Point", "coordinates": [6.738037, 62.886791]}, "properties": {"time": "2025-10-21T22:15:03Z", "sog": 7.9, "cog": 54.8, "heading": 511, "status": "Under maskin"}}, {"type": "Feature", "geometry": {"type": "Point", "coordinates": [6.738037, 62.886791]}, "properties": {"time": "2025-10-21T22:15:03Z", "sog": 7.9, "cog": 54.8, "heading": 511, "status": "Under maskin"}}, {"type": "Feature", "geometry": {"type": "Point", "coordinates": [6.739957, 62.887444]}, "properties": {"time": "2025-10-21T22:15:33Z", "sog": 9.0, "cog": 56.2, "heading": 511, "status": "Under maskin"}}, {"type": "Feature", "geometry": {"type": "Point", "coordinates": [6.739957, 62.887444]}, "properties": {"time": "2025-10-21T22:15:33Z", "sog": 9.0, "cog": 56.2, "heading": 511, "status": "Under maskin"}}, {"type": "Feature", "geometry": {"type": "Point", "coordinates": [6.74187, 62.888081]}, "properties": {"time": "2025-10-21T22:16:03Z", "sog": 7.9, "cog": 55.4, "heading": 511, "status": "Under maskin"}}, {"type": "Feature", "geometry": {"type": "Point", "coordinates": [6.74187, 62.888081]}, "properties": {"time": "2025-10-21T22:16:03Z", "sog": 7.9, "cog": 55.4, "heading": 511, "status": "Under maskin"}}, {"type": "Feature", "geometry": {"type": "Point", "coordinates": [6.743647, 62.888672]}, "properties": {"time": "2025-10-21T22:16:31Z", "sog": 7.3, "cog": 48.4, "heading": 511, "status": "Under maskin"}}, {"type": "Feature", "geometry": {"type": "Point", "coordinates": [6.743647, 62.888672]}, "properties": {"time": "2025-10-21T22:16:31Z", "sog": 7.3, "cog": 48.4, "heading": 511, "status": "Under maskin"}}, {"type": "Feature", "geometry": {"type": "Point", "coordinates": [6.745672, 62.889351]}, "properties": {"time": "2025-10-21T22:17:03Z", "sog": 7.9, "cog": 49.8, "heading": 511, "status": "Under maskin"}}, {"type": "Feature", "geometry": {"type": "Point", "coordinates": [6.745672, 62.889351]}, "properties": {"time": "2025-10-21T22:17:03Z", "sog": 7.9, "cog": 49.8, "heading": 511, "status": "Under maskin"}}, {"type": "Feature", "geometry": {"type": "Point", "coordinates": [6.747435, 62.889965]}, "properties": {"time": "2025-10-21T22:17:31Z", "sog": 7.7, "cog": 49.8, "heading": 511, "status": "Under maskin"}}, {"type": "Feature", "geometry": {"type": "Point", "coordinates": [6.747435, 62.889965]}, "properties": {"time": "2025-10-21T22:17:31Z", "sog": 7.7, "cog": 49.8, "heading": 511, "status": "Under maskin"}}, {"type": "Feature", "geometry": {"type": "Point", "coordinates": [6.749444, 62.890663]}, "properties": {"time": "2025-10-21T22:18:03Z", "sog": 8.5, "cog": 46.0, "heading": 511, "status": "Under maskin"}}, {"type": "Feature", "geometry": {"type": "Point", "coordinates": [6.749444, 62.890663]}, "properties": {"time": "2025-10-21T22:18:03Z", "sog": 8.5, "cog": 46.0, "heading": 511, "status": "Under maskin"}}, {"type": "Feature", "geometry": {"type": "Point", "coordinates": [6.75119, 62.891247]}, "properties": {"time": "2025-10-21T22:18:31Z", "sog": 8.0, "cog": 53.7, "heading": 511, "status": "Under maskin"}}, {"type": "Feature", "geometry": {"type": "Point", "coordinates": [6.75119, 62.891247]}, "properties": {"time": "2025-10-21T22:18:31Z", "sog": 8.0, "cog": 53.7, "heading": 511, "status": "Under maskin"}}, {"type": "Feature", "geometry": {"type": "Point", "coordinates": [6.753201, 62.89188]}, "properties": {"time": "2025-10-21T22:19:03Z", "sog": 9.7, "cog": 55.4, "heading": 511, "status": "Under maskin"}}, {"type": "Feature", "geometry": {"type": "Point", "coordinates": [6.753201, 62.89188]}, "properties": {"time": "2025-10-21T22:19:03Z", "sog": 9.7, "cog": 55.4, "heading": 511, "status": "Under maskin"}}, {"type": "Feature", "geometry": {"type": "Point", "coordinates": [6.754915, 62.892464]}, "properties": {"time": "2025-10-21T22:19:31Z", "sog": 7.5, "cog": 38.2, "heading": 511, "status": "Under maskin"}}, {"type": "Feature", "geometry": {"type": "Point", "coordinates": [6.754915, 62.892464]}, "properties": {"time": "2025-10-21T22:19:31Z", "sog": 7.5, "cog": 38.2, "heading": 511, "status": "Under maskin"}}, {"type": "Feature", "geometry": {"type": "Point", "coordinates": [6.75683, 62.893135]}, "properties": {"time": "2025-10-21T22:20:03Z", "sog": 6.7, "cog": 54.0, "heading": 511, "status": "Under maskin"}}, {"type": "Feature", "geometry": {"type": "Point", "coordinates": [6.75683, 62.893135]}, "properties": {"time": "2025-10-21T22:20:03Z", "sog": 6.7, "cog": 54.0, "heading": 511, "status": "Under maskin"}}, {"type": "Feature", "geometry": {"type": "Point", "coordinates": [6.758602, 62.893764]}, "properties": {"time": "2025-10-21T22:20:31Z", "sog": 7.5, "cog": 51.0, "heading": 511, "status": "Under maskin"}}, {"type": "Feature", "geometry": {"type": "Point", "coordinates": [6.758602, 62.893764]}, "properties": {"time": "2025-10-21T22:20:31Z", "sog": 7.5, "cog": 51.0, "heading": 511, "status": "Under maskin"}}, {"type": "Feature", "geometry": {"type": "Point", "coordinates": [6.760499, 62.894417]}, "properties": {"time": "2025-10-21T22:21:03Z", "sog": 7.4, "cog": 48.2, "heading": 511, "status": "Under maskin"}}, {"type": "Feature", "geometry": {"type": "Point", "coordinates": [6.760499, 62.894417]}, "properties": {"time": "2025-10-21T22:21:03Z", "sog": 7.4, "cog": 48.2, "heading": 511, "status": "Under maskin"}}, {"type": "Feature", "geometry": {"type": "Point", "coordinates": [6.762247, 62.895016]}, "properties": {"time": "2025-10-21T22:21:31Z", "sog": 7.2, "cog": 57.9, "heading": 511, "status": "Under maskin"}}, {"type": "Feature", "geometry": {"type": "Point", "coordinates": [6.762247, 62.895016]}, "properties": {"time": "2025-10-21T22:21:31Z", "sog": 7.2, "cog": 57.9, "heading": 511, "status": "Under maskin"}}, {"type": "Feature", "geometry": {"type": "Point", "coordinates": [6.764063, 62.895622]}, "properties": {"time": "2025-10-21T22:22:00Z", "sog": 8.0, "cog": 57.9, "heading": 511, "status": "Under maskin"}}, {"type": "Feature", "geometry": {"type": "Point", "coordinates": [6.764063, 62.895622]}, "properties": {"time": "2025-10-21T22:22:00Z", "sog": 8.0, "cog": 57.9, "heading": 511, "status": "Under maskin"}}, {"type": "Feature", "geometry": {"type": "Point", "coordinates": [6.76599, 62.896286]}, "properties": {"time": "2025-10-21T22:22:31Z", "sog": 7.3, "cog": 55.0, "heading": 511, "status": "Under maskin"}}, {"type": "Feature", "geometry": {"type": "Point", "coordinates": [6.76599, 62.896286]}, "properties": {"time": "2025-10-21T22:22:31Z", "sog": 7.3, "cog": 55.0, "heading": 511, "status": "Under maskin"}}, {"type": "Feature", "geometry": {"type": "Point", "coordinates": [6.767632, 62.896912]}, "properties": {"time": "2025-10-21T22:23:00Z", "sog": 8.0, "cog": 60.1, "heading": 511, "status": "Under maskin"}}, {"type": "Feature", "geometry": {"type": "Point", "coordinates": [6.767632, 62.896912]}, "properties": {"time": "2025-10-21T22:23:00Z", "sog": 8.0, "cog": 60.1, "heading": 511, "status": "Under maskin"}}, {"type": "Feature", "geometry": {"type": "Point", "coordinates": [6.769392, 62.897564]}, "properties": {"time": "2025-10-21T22:23:30Z", "sog": 7.7, "cog": 41.7, "heading": 511, "status": "Under maskin"}}, {"type": "Feature", "geometry": {"type": "Point", "coordinates": [6.769392, 62.897564]}, "properties": {"time": "2025-10-21T22:23:30Z", "sog": 7.7, "cog": 41.7, "heading": 511, "status": "Under maskin"}}, {"type": "Feature", "geometry": {"type": "Point", "coordinates": [6.77113, 62.89822]}, "properties": {"time": "2025-10-21T22:24:00Z", "sog": 8.2, "cog": 51.0, "heading": 511, "status": "Under maskin"}}, {"type": "Feature", "geometry": {"type": "Point", "coordinates": [6.77113, 62.89822]}, "properties": {"time": "2025-10-21T22:24:00Z", "sog": 8.2, "cog": 51.0, "heading": 511, "status": "Under maskin"}}, {"type": "Feature", "geometry": {"type": "Point", "coordinates": [6.772853, 62.89888]}, "properties": {"time": "2025-10-21T22:24:30Z", "sog": 7.5, "cog": 46.0, "heading": 511, "status": "Under maskin"}}, {"type": "Feature", "geometry": {"type": "Point", "coordinates": [6.772853, 62.89888]}, "properties": {"time": "2025-10-21T22:24:30Z", "sog": 7.5, "cog": 46.0, "heading": 511, "status": "Under maskin"}}, {"type": "Feature", "geometry": {"type": "Point", "coordinates": [6.774621, 62.899574]}, "properties": {"time": "2025-10-21T22:25:00Z", "sog": 6.8, "cog": 51.9, "heading": 511, "status": "Under maskin"}}, {"type": "Feature", "geometry": {"type": "Point", "coordinates": [6.774621, 62.899574]}, "properties": {"time": "2025-10-21T22:25:00Z", "sog": 6.8, "cog": 51.9, "heading": 511, "status": "Under maskin"}}, {"type": "Feature", "geometry": {"type": "Point", "coordinates": [6.776313, 62.900215]}, "properties": {"time": "2025-10-21T22:25:30Z", "sog": 8.9, "cog": 54.9, "heading": 511, "status": "Under maskin"}}, {"type": "Feature", "geometry": {"type": "Point", "coordinates": [6.776313, 62.900215]}, "properties": {"time": "2025-10-21T22:25:30Z", "sog": 8.9, "cog": 54.9, "heading": 511, "status": "Under maskin"}}, {"type": "Feature", "geometry": {"type": "Point", "coordinates": [6.778087, 62.900829]}, "properties": {"time": "2025-10-21T22:26:00Z", "sog": 7.4, "cog": 49.7, "heading": 511, "status": "Under maskin"}}, {"type": "Feature", "geometry": {"type": "Point", "coordinates": [6.778087, 62.900829]}, "properties": {"time": "2025-10-21T22:26:00Z", "sog": 7.4, "cog": 49.7, "heading": 511, "status": "Under maskin"}}, {"type": "Feature", "geometry": {"type": "Point", "coordinates": [6.77982, 62.901505]}, "properties": {"time": "2025-10-21T22:26:30Z", "sog": 6.1, "cog": 48.2, "heading": 511, "status": "Under maskin"}}, {"type": "Feature", "geometry": {"type": "Point", "coordinates": [6.77982, 62.901505]}, "properties": {"time": "2025-10-21T22:26:30Z", "sog": 6.1, "cog": 48.2, "heading": 511, "status": "Under maskin"}}, {"type": "Feature", "geometry": {"type": "Point", "coordinates": [6.781611, 62.902203]}, "properties": {"time": "2025-10-21T22:27:00Z", "sog": 7.3, "cog": 64.7, "heading": 511, "status": "Under maskin"}}, {"type": "Feature", "geometry": {"type": "Point", "coordinates": [6.781611, 62.902203]}, "properties": {"time": "2025-10-21T22:27:00Z", "sog": 7.3, "cog": 64.7, "heading": 511, "status": "Under maskin"}}, {"type": "Feature", "geometry": {"type": "Point", "coordinates": [6.78331, 62.902882]}, "properties": {"time": "2025-10-21T22:27:30Z", "sog": 9.0, "cog": 43.2, "heading": 511, "status": "Under maskin"}}, {"type": "Feature", "geometry": {"type": "Point", "coordinates": [6.78331, 62.902882]}, "properties": {"time": "2025-10-21T22:27:30Z", "sog": 9.0, "cog": 43.2, "heading": 511, "status": "Under maskin"}}, {"type": "Feature", "geometry": {"type": "Point", "coordinates": [6.78672, 62.904186]}, "properties": {"time": "2025-10-21T22:28:30Z", "sog": 8.0, "cog": 41.7, "heading": 511, "status": "Under maskin"}}, {"type": "Feature", "geometry": {"type": "Point", "coordinates": [6.78672, 62.904186]}, "properties": {"time": "2025-10-21T22:28:30Z", "sog": 8.0, "cog": 41.7, "heading": 511, "status": "Under maskin"}}, {"type": "Feature", "geometry": {"type": "Point", "coordinates": [6.788525, 62.904881]}, "properties": {"time": "2025-10-21T22:29:00Z", "sog": 7.7, "cog": 55.2, "heading": 511, "status": "Under maskin"}}, {"type": "Feature", "geometry": {"type": "Point", "coordinates": [6.788525, 62.904881]}, "properties": {"time": "2025-10-21T22:29:00Z", "sog": 7.7, "cog": 55.2, "heading": 511, "status": "Under maskin"}}, {"type": "Feature", "geometry": {"type": "Point", "coordinates": [6.790194, 62.905537]}, "properties": {"time": "2025-10-21T22:29:30Z", "sog": 8.0, "cog": 50.2, "heading": 511, "status": "Under maskin"}}, {"type": "Feature", "geometry": {"type": "Point", "coordinates": [6.790194, 62.905537]}, "properties": {"time": "2025-10-21T22:29:30Z", "sog": 8.0, "cog": 50.2, "heading": 511, "status": "Under maskin"}}, {"type": "Feature", "geometry": {"type": "Point", "coordinates": [6.791952, 62.906231]}, "properties": {"time": "2025-10-21T22:30:00Z", "sog": 7.0, "cog": 57.7, "heading": 511, "status": "Under maskin"}}, {"type": "Feature", "geometry": {"type": "Point", "coordinates": [6.791952, 62.906231]}, "properties": {"time": "2025-10-21T22:30:00Z", "sog": 7.0, "cog": 57.7, "heading": 511, "status": "Under maskin"}}, {"type": "Feature", "geometry": {"type": "Point", "coordinates": [6.79369, 62.906895]}, "properties": {"time": "2025-10-21T22:30:30Z", "sog": 7.0, "cog": 48.2, "heading": 511, "status": "Under maskin"}}, {"type": "Feature", "geometry": {"type": "Point", "coordinates": [6.79369, 62.906895]}, "properties": {"time": "2025-10-21T22:30:30Z", "sog": 7.0, "cog": 48.2, "heading": 511, "status": "Under maskin"}}, {"type": "Feature", "geometry": {"type": "Point", "coordinates": [6.795552, 62.907585]}, "properties": {"time": "2025-10-21T22:31:00Z", "sog": 8.2, "cog": 56.1, "heading": 511, "status": "Under maskin"}}, {"type": "Feature", "geometry": {"type": "Point", "coordinates": [6.795552, 62.907585]}, "properties": {"time": "2025-10-21T22:31:00Z", "sog": 8.2, "cog": 56.1, "heading": 511, "status": "Under maskin"}}, {"type": "Feature", "geometry": {"type": "Point", "coordinates": [6.797287, 62.908237]}, "properties": {"time": "2025-10-21T22:31:29Z", "sog": 7.0, "cog": 55.7, "heading": 511, "status": "Under maskin"}}, {"type": "Feature", "geometry": {"type": "Point", "coordinates": [6.797287, 62.908237]}, "properties": {"time": "2025-10-21T22:31:29Z", "sog": 7.0, "cog": 55.7, "heading": 511, "status": "Under maskin"}}, {"type": "Feature", "geometry": {"type": "Point", "coordinates": [6.7991, 62.908955]}, "properties": {"time": "2025-10-21T22:32:00Z", "sog": 8.5, "cog": 52.7, "heading": 511, "status": "Under maskin"}}, {"type": "Feature", "geometry": {"type": "Point", "coordinates": [6.7991, 62.908955]}, "properties": {"time": "2025-10-21T22:32:00Z", "sog": 8.5, "cog": 52.7, "heading": 511, "status": "Under maskin"}}, {"type": "Feature", "geometry": {"type": "Point", "coordinates": [6.800734, 62.909573]}, "properties": {"time": "2025-10-21T22:32:29Z", "sog": 7.1, "cog": 51.0, "heading": 511, "status": "Under maskin"}}, {"type": "Feature", "geometry": {"type": "Point", "coordinates": [6.800734, 62.909573]}, "properties": {"time": "2025-10-21T22:32:29Z", "sog": 7.1, "cog": 51.0, "heading": 511, "status": "Under maskin"}}, {"type": "Feature", "geometry": {"type": "Point", "coordinates": [6.802536, 62.910244]}, "properties": {"time": "2025-10-21T22:33:00Z", "sog": 6.5, "cog": 41.9, "heading": 511, "status": "Under maskin"}}, {"type": "Feature", "geometry": {"type": "Point", "coordinates": [6.802536, 62.910244]}, "properties": {"time": "2025-10-21T22:33:00Z", "sog": 6.5, "cog": 41.9, "heading": 511, "status": "Under maskin"}}, {"type": "Feature", "geometry": {"type": "Point", "coordinates": [6.804202, 62.910885]}, "properties": {"time": "2025-10-21T22:33:29Z", "sog": 8.2, "cog": 54.3, "heading": 511, "status": "Under maskin"}}, {"type": "Feature", "geometry": {"type": "Point", "coordinates": [6.804202, 62.910885]}, "properties": {"time": "2025-10-21T22:33:29Z", "sog": 8.2, "cog": 54.3, "heading": 511, "status": "Under maskin"}}, {"type": "Feature", "geometry": {"type": "Point", "coordinates": [6.80606, 62.911556]}, "properties": {"time": "2025-10-21T22:34:00Z", "sog": 7.3, "cog": 53.3, "heading": 511, "status": "Under maskin"}}, {"type": "Feature", "geometry": {"type": "Point", "coordinates": [6.80606, 62.911556]}, "properties": {"time": "2025-10-21T22:34:00Z", "sog": 7.3, "cog": 53.3, "heading": 511, "status": "Under maskin"}}, {"type": "Feature", "geometry": {"type": "Point", "coordinates": [6.807802, 62.912189]}, "properties": {"time": "2025-10-21T22:34:29Z", "sog": 7.7, "cog": 48.4, "heading": 511, "status": "Under maskin"}}, {"type": "Feature", "geometry": {"type": "Point", "coordinates": [6.807802, 62.912189]}, "properties": {"time": "2025-10-21T22:34:29Z", "sog": 7.7, "cog": 48.4, "heading": 511, "status": "Under maskin"}}, {"type": "Feature", "geometry": {"type": "Point", "coordinates": [6.809785, 62.912949]}, "properties": {"time": "2025-10-21T22:35:03Z", "sog": 7.9, "cog": 50.7, "heading": 511, "status": "Under maskin"}}, {"type": "Feature", "geometry": {"type": "Point", "coordinates": [6.809785, 62.912949]}, "properties": {"time": "2025-10-21T22:35:03Z", "sog": 7.9, "cog": 50.7, "heading": 511, "status": "Under maskin"}}, {"type": "Feature", "geometry": {"type": "Point", "coordinates": [6.811388, 62.913475]}, "properties": {"time": "2025-10-21T22:35:29Z", "sog": 8.4, "cog": 57.8, "heading": 511, "status": "Under maskin"}}, {"type": "Feature", "geometry": {"type": "Point", "coordinates": [6.811388, 62.913475]}, "properties": {"time": "2025-10-21T22:35:29Z", "sog": 8.4, "cog": 57.8, "heading": 511, "status": "Under maskin"}}, {"type": "Feature", "geometry": {"type": "Point", "coordinates": [6.813465, 62.914162]}, "properties": {"time": "2025-10-21T22:36:03Z", "sog": 6.0, "cog": 53.7, "heading": 511, "status": "Under maskin"}}, {"type": "Feature", "geometry": {"type": "Point", "coordinates": [6.813465, 62.914162]}, "properties": {"time": "2025-10-21T22:36:03Z", "sog": 6.0, "cog": 53.7, "heading": 511, "status": "Under maskin"}}, {"type": "Feature", "geometry": {"type": "Point", "coordinates": [6.815163, 62.914703]}, "properties": {"time": "2025-10-21T22:36:29Z", "sog": 7.8, "cog": 48.4, "heading": 511, "status": "Under maskin"}}, {"type": "Feature", "geometry": {"type": "Point", "coordinates": [6.815163, 62.914703]}, "properties": {"time": "2025-10-21T22:36:29Z", "sog": 7.8, "cog": 48.4, "heading": 511, "status": "Under maskin"}}, {"type": "Feature", "geometry": {"type": "Point", "coordinates": [6.817194, 62.915359]}, "properties": {"time": "2025-10-21T22:37:03Z", "sog": 7.9, "cog": 43.3, "heading": 511, "status": "Under maskin"}}, {"type": "Feature", "geometry": {"type": "Point", "coordinates": [6.817194, 62.915359]}, "properties": {"time": "2025-10-21T22:37:03Z", "sog": 7.9, "cog": 43.3, "heading": 511, "status": "Under maskin"}}, {"type": "Feature", "geometry": {"type": "Point", "coordinates": [6.818763, 62.91589]}, "properties": {"time": "2025-10-21T22:37:29Z", "sog": 8.1, "cog": 50.5, "heading": 511, "status": "Under maskin"}}, {"type": "Feature", "geometry": {"type": "Point", "coordinates": [6.818763, 62.91589]}, "properties": {"time": "2025-10-21T22:37:29Z", "sog": 8.1, "cog": 50.5, "heading": 511, "status": "Under maskin"}}, {"type": "Feature", "geometry": {"type": "Point", "coordinates": [6.820818, 62.916569]}, "properties": {"time": "2025-10-21T22:38:03Z", "sog": 7.5, "cog": 42.4, "heading": 511, "status": "Under maskin"}}, {"type": "Feature", "geometry": {"type": "Point", "coordinates": [6.820818, 62.916569]}, "properties": {"time": "2025-10-21T22:38:03Z", "sog": 7.5, "cog": 42.4, "heading": 511, "status": "Under maskin"}}, {"type": "Feature", "geometry": {"type": "Point", "coordinates": [6.822488, 62.917187]}, "properties": {"time": "2025-10-21T22:38:31Z", "sog": 6.9, "cog": 50.4, "heading": 511, "status": "Under maskin"}}, {"type": "Feature", "geometry": {"type": "Point", "coordinates": [6.822488, 62.917187]}, "properties": {"time": "2025-10-21T22:38:31Z", "sog": 6.9, "cog": 50.4, "heading": 511, "status": "Under maskin"}}, {"type": "Feature", "geometry": {"type": "Point", "coordinates": [6.824335, 62.917847]}, "properties": {"time": "2025-10-21T22:39:03Z", "sog": 7.2, "cog": 43.9, "heading": 511, "status": "Under maskin"}}, {"type": "Feature", "geometry": {"type": "Point", "coordinates": [6.824335, 62.917847]}, "properties": {"time": "2025-10-21T22:39:03Z", "sog": 7.2, "cog": 43.9, "heading": 511, "status": "Under maskin"}}, {"type": "Feature", "geometry": {"type": "Point", "coordinates": [6.826002, 62.918457]}, "properties": {"time": "2025-10-21T22:39:31Z", "sog": 7.2, "cog": 45.9, "heading": 511, "status": "Under maskin"}}, {"type": "Feature", "geometry": {"type": "Point", "coordinates": [6.826002, 62.918457]}, "properties": {"time": "2025-10-21T22:39:31Z", "sog": 7.2, "cog": 45.9, "heading": 511, "status": "Under maskin"}}, {"type": "Feature", "geometry": {"type": "Point", "coordinates": [6.827805, 62.919086]}, "properties": {"time": "2025-10-21T22:40:03Z", "sog": 8.0, "cog": 53.1, "heading": 511, "status": "Under maskin"}}, {"type": "Feature", "geometry": {"type": "Point", "coordinates": [6.827805, 62.919086]}, "properties": {"time": "2025-10-21T22:40:03Z", "sog": 8.0, "cog": 53.1, "heading": 511, "status": "Under maskin"}}, {"type": "Feature", "geometry": {"type": "Point", "coordinates": [6.829576, 62.919708]}, "properties": {"time": "2025-10-21T22:40:31Z", "sog": 7.6, "cog": 55.7, "heading": 511, "status": "Under maskin"}}, {"type": "Feature", "geometry": {"type": "Point", "coordinates": [6.829576, 62.919708]}, "properties": {"time": "2025-10-21T22:40:31Z", "sog": 7.6, "cog": 55.7, "heading": 511, "status": "Under maskin"}}, {"type": "Feature", "geometry": {"type": "Point", "coordinates": [6.831425, 62.92033]}, "properties": {"time": "2025-10-21T22:41:02Z", "sog": 8.9, "cog": 53.3, "heading": 511, "status": "Under maskin"}}, {"type": "Feature", "geometry": {"type": "Point", "coordinates": [6.831425, 62.92033]}, "properties": {"time": "2025-10-21T22:41:02Z", "sog": 8.9, "cog": 53.3, "heading": 511, "status": "Under maskin"}}, {"type": "Feature", "geometry": {"type": "Point", "coordinates": [6.833228, 62.920959]}, "properties": {"time": "2025-10-21T22:41:31Z", "sog": 8.1, "cog": 59.3, "heading": 511, "status": "Under maskin"}}, {"type": "Feature", "geometry": {"type": "Point", "coordinates": [6.833228, 62.920959]}, "properties": {"time": "2025-10-21T22:41:31Z", "sog": 8.1, "cog": 59.3, "heading": 511, "status": "Under maskin"}}, {"type": "Feature", "geometry": {"type": "Point", "coordinates": [6.834991, 62.921581]}, "properties": {"time": "2025-10-21T22:42:02Z", "sog": 7.1, "cog": 52.7, "heading": 511, "status": "Under maskin"}}, {"type": "Feature", "geometry": {"type": "Point", "coordinates": [6.834991, 62.921581]}, "properties": {"time": "2025-10-21T22:42:02Z", "sog": 7.1, "cog": 52.7, "heading": 511, "status": "Under maskin"}}, {"type": "Feature", "geometry": {"type": "Point", "coordinates": [6.836755, 62.92223]}, "properties": {"time": "2025-10-21T22:42:31Z", "sog": 7.4, "cog": 52.0, "heading": 511, "status": "Under maskin"}}, {"type": "Feature", "geometry": {"type": "Point", "coordinates": [6.836755, 62.92223]}, "properties": {"time": "2025-10-21T22:42:31Z", "sog": 7.4, "cog": 52.0, "heading": 511, "status": "Under maskin"}}, {"type": "Feature", "geometry": {"type": "Point", "coordinates": [6.838572, 62.922882]}, "properties": {"time": "2025-10-21T22:43:02Z", "sog": 7.7, "cog": 44.4, "heading": 511, "status": "Under maskin"}}, {"type": "Feature", "geometry": {"type": "Point", "coordinates": [6.838572, 62.922882]}, "properties": {"time": "2025-10-21T22:43:02Z", "sog": 7.7, "cog": 44.4, "heading": 511, "status": "Under maskin"}}, {"type": "Feature", "geometry": {"type": "Point", "coordinates": [6.840345, 62.923538]}, "properties": {"time": "2025-10-21T22:43:31Z", "sog": 8.4, "cog": 49.9, "heading": 511, "status": "Under maskin"}}, {"type": "Feature", "geometry": {"type": "Point", "coordinates": [6.840345, 62.923538]}, "properties": {"time": "2025-10-21T22:43:31Z", "sog": 8.4, "cog": 49.9, "heading": 511, "status": "Under maskin"}}, {"type": "Feature", "geometry": {"type": "Point", "coordinates": [6.842152, 62.924156]}, "properties": {"time": "2025-10-21T22:44:02Z", "sog": 7.1, "cog": 46.9, "heading": 511, "status": "Under maskin"}}, {"type": "Feature", "geometry": {"type": "Point", "coordinates": [6.842152, 62.924156]}, "properties": {"time": "2025-10-21T22:44:02Z", "sog": 7.1, "cog": 46.9, "heading": 511, "status": "Under maskin"}}, {"type": "Feature", "geometry": {"type": "Point", "coordinates": [6.843855, 62.924801]}, "properties": {"time": "2025-10-21T22:44:31Z", "sog": 7.1, "cog": 59.9, "heading": 511, "status": "Under maskin"}}, {"type": "Feature", "geometry": {"type": "Point", "coordinates": [6.843855, 62.924801]}, "properties": {"time": "2025-10-21T22:44:31Z", "sog": 7.1, "cog": 59.9, "heading": 511, "status": "Under maskin"}}, {"type": "Feature", "geometry": {"type": "Point", "coordinates": [6.845696, 62.92548]}, "properties": {"time": "2025-10-21T22:45:02Z", "sog": 7.3, "cog": 47.2, "heading": 511, "status": "Under maskin"}}, {"type": "Feature", "geometry": {"type": "Point", "coordinates": [6.845696, 62.92548]}, "properties": {"time": "2025-10-21T22:45:02Z", "sog": 7.3, "cog": 47.2, "heading": 511, "status": "Under maskin"}}, {"type": "Feature", "geometry": {"type": "Point", "coordinates": [6.847535, 62.926102]}, "properties": {"time": "2025-10-21T22:45:31Z", "sog": 7.0, "cog": 58.8, "heading": 511, "status": "Under maskin"}}, {"type": "Feature", "geometry": {"type": "Point", "coordinates": [6.847535, 62.926102]}, "properties": {"time": "2025-10-21T22:45:31Z", "sog": 7.0, "cog": 58.8, "heading": 511, "status": "Under maskin"}}, {"type": "Feature", "geometry": {"type": "Point", "coordinates": [6.849435, 62.926777]}, "properties": {"time": "2025-10-21T22:46:02Z", "sog": 6.3, "cog": 47.6, "heading": 511, "status": "Under maskin"}}, {"type": "Feature", "geometry": {"type": "Point", "coordinates": [6.849435, 62.926777]}, "properties": {"time": "2025-10-21T22:46:02Z", "sog": 6.3, "cog": 47.6, "heading": 511, "status": "Under maskin"}}, {"type": "Feature", "geometry": {"type": "Point", "coordinates": [6.851182, 62.92738]}, "properties": {"time": "2025-10-21T22:46:31Z", "sog": 7.6, "cog": 47.2, "heading": 511, "status": "Under maskin"}}, {"type": "Feature", "geometry": {"type": "Point", "coordinates": [6.851182, 62.92738]}, "properties": {"time": "2025-10-21T22:46:31Z", "sog": 7.6, "cog": 47.2, "heading": 511, "status": "Under maskin"}}, {"type": "Feature", "geometry": {"type": "Point", "coordinates": [6.853093, 62.928032]}, "properties": {"time": "2025-10-21T22:47:02Z", "sog": 8.6, "cog": 63.0, "heading": 511, "status": "Under maskin"}}, {"type": "Feature", "geometry": {"type": "Point", "coordinates": [6.853093, 62.928032]}, "properties": {"time": "2025-10-21T22:47:02Z", "sog": 8.6, "cog": 63.0, "heading": 511, "status": "Under maskin"}}, {"type": "Feature", "geometry": {"type": "Point", "coordinates": [6.854998, 62.928661]}, "properties": {"time": "2025-10-21T22:47:31Z", "sog": 8.0, "cog": 56.5, "heading": 511, "status": "Under maskin"}}, {"type": "Feature", "geometry": {"type": "Point", "coordinates": [6.854998, 62.928661]}, "properties": {"time": "2025-10-21T22:47:31Z", "sog": 8.0, "cog": 56.5, "heading": 511, "status": "Under maskin"}}, {"type": "Feature", "geometry": {"type": "Point", "coordinates": [6.856922, 62.929298]}, "properties": {"time": "2025-10-21T22:48:02Z", "sog": 8.5, "cog": 45.7, "heading": 511, "status": "Under maskin"}}, {"type": "Feature", "geometry": {"type": "Point", "coordinates": [6.856922, 62.929298]}, "properties": {"time": "2025-10-21T22:48:02Z", "sog": 8.5, "cog": 45.7, "heading": 511, "status": "Under maskin"}}, {"type": "Feature", "geometry": {"type": "Point", "coordinates": [6.858745, 62.929878]}, "properties": {"time": "2025-10-21T22:48:31Z", "sog": 6.4, "cog": 69.0, "heading": 511, "status": "Under maskin"}}, {"type": "Feature", "geometry": {"type": "Point", "coordinates": [6.858745, 62.929878]}, "properties": {"time": "2025-10-21T22:48:31Z", "sog": 6.4, "cog": 69.0, "heading": 511, "status": "Under maskin"}}, {"type": "Feature", "geometry": {"type": "Point", "coordinates": [6.860655, 62.930462]}, "properties": {"time": "2025-10-21T22:49:03Z", "sog": 8.9, "cog": 51.4, "heading": 511, "status": "Under maskin"}}, {"type": "Feature", "geometry": {"type": "Point", "coordinates": [6.860655, 62.930462]}, "properties": {"time": "2025-10-21T22:49:03Z", "sog": 8.9, "cog": 51.4, "heading": 511, "status": "Under maskin"}}, {"type": "Feature", "geometry": {"type": "Point", "coordinates": [6.86246, 62.931026]}, "properties": {"time": "2025-10-21T22:49:31Z", "sog": 8.5, "cog": 57.7, "heading": 511, "status": "Under maskin"}}, {"type": "Feature", "geometry": {"type": "Point", "coordinates": [6.86246, 62.931026]}, "properties": {"time": "2025-10-21T22:49:31Z", "sog": 8.5, "cog": 57.7, "heading": 511, "status": "Under maskin"}}, {"type": "Feature", "geometry": {"type": "Point", "coordinates": [6.864493, 62.93166]}, "properties": {"time": "2025-10-21T22:50:03Z", "sog": 7.3, "cog": 55.2, "heading": 511, "status": "Under maskin"}}, {"type": "Feature", "geometry": {"type": "Point", "coordinates": [6.864493, 62.93166]}, "properties": {"time": "2025-10-21T22:50:03Z", "sog": 7.3, "cog": 55.2, "heading": 511, "status": "Under maskin"}}, {"type": "Feature", "geometry": {"type": "Point", "coordinates": [6.866328, 62.932251]}, "properties": {"time": "2025-10-21T22:50:31Z", "sog": 9.0, "cog": 59.5, "heading": 511, "status": "Under maskin"}}, {"type": "Feature", "geometry": {"type": "Point", "coordinates": [6.866328, 62.932251]}, "properties": {"time": "2025-10-21T22:50:31Z", "sog": 9.0, "cog": 59.5, "heading": 511, "status": "Under maskin"}}, {"type": "Feature", "geometry": {"type": "Point", "coordinates": [6.868227, 62.93285]}, "properties": {"time": "2025-10-21T22:51:03Z", "sog": 7.5, "cog": 59.7, "heading": 511, "status": "Under maskin"}}, {"type": "Feature", "geometry": {"type": "Point", "coordinates": [6.868227, 62.93285]}, "properties": {"time": "2025-10-21T22:51:03Z", "sog": 7.5, "cog": 59.7, "heading": 511, "status": "Under maskin"}}, {"type": "Feature", "geometry": {"type": "Point", "coordinates": [6.870113, 62.93343]}, "properties": {"time": "2025-10-21T22:51:31Z", "sog": 7.3, "cog": 55.4, "heading": 511, "status": "Under maskin"}}, {"type": "Feature", "geometry": {"type": "Point", "coordinates": [6.870113, 62.93343]}, "properties": {"time": "2025-10-21T22:51:31Z", "sog": 7.3, "cog": 55.4, "heading": 511, "status": "Under maskin"}}, {"type": "Feature", "geometry": {"type": "Point", "coordinates": [6.872243, 62.93401]}, "properties": {"time": "2025-10-21T22:52:03Z", "sog": 7.5, "cog": 60.0, "heading": 511, "status": "Under maskin"}}, {"type": "Feature", "geometry": {"type": "Point", "coordinates": [6.872243, 62.93401]}, "properties": {"time": "2025-10-21T22:52:03Z", "sog": 7.5, "cog": 60.0, "heading": 511, "status": "Under maskin"}}, {"type": "Feature", "geometry": {"type": "Point", "coordinates": [6.874222, 62.934525]}, "properties": {"time": "2025-10-21T22:52:31Z", "sog": 7.3, "cog": 64.7, "heading": 511, "status": "Under maskin"}}, {"type": "Feature", "geometry": {"type": "Point", "coordinates": [6.874222, 62.934525]}, "properties": {"time": "2025-10-21T22:52:31Z", "sog": 7.3, "cog": 64.7, "heading": 511, "status": "Under maskin"}}, {"type": "Feature", "geometry": {"type": "Point", "coordinates": [6.876266, 62.935059]}, "properties": {"time": "2025-10-21T22:53:02Z", "sog": 7.7, "cog": 57.2, "heading": 511, "status": "Under maskin"}}, {"type": "Feature", "geometry": {"type": "Point", "coordinates": [6.876266, 62.935059]}, "properties": {"time": "2025-10-21T22:53:02Z", "sog": 7.7, "cog": 57.2, "heading": 511, "status": "Under maskin"}}, {"type": "Feature", "geometry": {"type": "Point", "coordinates": [6.878267, 62.935577]}, "properties": {"time": "2025-10-21T22:53:31Z", "sog": 7.7, "cog": 60.6, "heading": 511, "status": "Under maskin"}}, {"type": "Feature", "geometry": {"type": "Point", "coordinates": [6.878267, 62.935577]}, "properties": {"time": "2025-10-21T22:53:31Z", "sog": 7.7, "cog": 60.6, "heading": 511, "status": "Under maskin"}}, {"type": "Feature", "geometry": {"type": "Point", "coordinates": [6.880437, 62.936073]}, "properties": {"time": "2025-10-21T22:54:02Z", "sog": 7.9, "cog": 68.1, "heading": 511, "status": "Under maskin"}}, {"type": "Feature", "geometry": {"type": "Point", "coordinates": [6.880437, 62.936073]}, "properties": {"time": "2025-10-21T22:54:02Z", "sog": 7.9, "cog": 68.1, "heading": 511, "status": "Under maskin"}}, {"type": "Feature", "geometry": {"type": "Point", "coordinates": [6.882487, 62.936523]}, "properties": {"time": "2025-10-21T22:54:31Z", "sog": 7.8, "cog": 55.0, "heading": 511, "status": "Under maskin"}}, {"type": "Feature", "geometry": {"type": "Point", "coordinates": [6.882487, 62.936523]}, "properties": {"time": "2025-10-21T22:54:31Z", "sog": 7.8, "cog": 55.0, "heading": 511, "status": "Under maskin"}}, {"type": "Feature", "geometry": {"type": "Point", "coordinates": [6.88466, 62.937012]}, "properties": {"time": "2025-10-21T22:55:02Z", "sog": 7.8, "cog": 66.3, "heading": 511, "status": "Under maskin"}}, {"type": "Feature", "geometry": {"type": "Point", "coordinates": [6.88466, 62.937012]}, "properties": {"time": "2025-10-21T22:55:02Z", "sog": 7.8, "cog": 66.3, "heading": 511, "status": "Under maskin"}}, {"type": "Feature", "geometry": {"type": "Point", "coordinates": [6.886758, 62.937408]}, "properties": {"time": "2025-10-21T22:55:31Z", "sog": 8.1, "cog": 67.4, "heading": 511, "status": "Under maskin"}}, {"type": "Feature", "geometry": {"type": "Point", "coordinates": [6.886758, 62.937408]}, "properties": {"time": "2025-10-21T22:55:31Z", "sog": 8.1, "cog": 67.4, "heading": 511, "status": "Under maskin"}}, {"type": "Feature", "geometry": {"type": "Point", "coordinates": [6.889029, 62.937817]}, "properties": {"time": "2025-10-21T22:56:02Z", "sog": 8.0, "cog": 67.4, "heading": 511, "status": "Under maskin"}}, {"type": "Feature", "geometry": {"type": "Point", "coordinates": [6.889029, 62.937817]}, "properties": {"time": "2025-10-21T22:56:02Z", "sog": 8.0, "cog": 67.4, "heading": 511, "status": "Under maskin"}}, {"type": "Feature", "geometry": {"type": "Point", "coordinates": [6.891149, 62.93819]}, "properties": {"time": "2025-10-21T22:56:31Z", "sog": 7.6, "cog": 66.5, "heading": 511, "status": "Under maskin"}}, {"type": "Feature", "geometry": {"type": "Point", "coordinates": [6.891149, 62.93819]}, "properties": {"time": "2025-10-21T22:56:31Z", "sog": 7.6, "cog": 66.5, "heading": 511, "status": "Under maskin"}}, {"type": "Feature", "geometry": {"type": "Point", "coordinates": [6.893395, 62.938599]}, "properties": {"time": "2025-10-21T22:57:02Z", "sog": 7.4, "cog": 64.5, "heading": 511, "status": "Under maskin"}}, {"type": "Feature", "geometry": {"type": "Point", "coordinates": [6.893395, 62.938599]}, "properties": {"time": "2025-10-21T22:57:02Z", "sog": 7.4, "cog": 64.5, "heading": 511, "status": "Under maskin"}}, {"type": "Feature", "geometry": {"type": "Point", "coordinates": [6.89566, 62.938999]}, "properties": {"time": "2025-10-21T22:57:33Z", "sog": 7.8, "cog": 72.3, "heading": 511, "status": "Under maskin"}}, {"type": "Feature", "geometry": {"type": "Point", "coordinates": [6.89566, 62.938999]}, "properties": {"time": "2025-10-21T22:57:33Z", "sog": 7.8, "cog": 72.3, "heading": 511, "status": "Under maskin"}}, {"type": "Feature", "geometry": {"type": "Point", "coordinates": [6.897848, 62.939381]}, "properties": {"time": "2025-10-21T22:58:02Z", "sog": 7.9, "cog": 68.0, "heading": 511, "status": "Under maskin"}}, {"type": "Feature", "geometry": {"type": "Point", "coordinates": [6.897848, 62.939381]}, "properties": {"time": "2025-10-21T22:58:02Z", "sog": 7.9, "cog": 68.0, "heading": 511, "status": "Under maskin"}}, {"type": "Feature", "geometry": {"type": "Point", "coordinates": [6.899997, 62.939751]}, "properties": {"time": "2025-10-21T22:58:33Z", "sog": 7.6, "cog": 71.8, "heading": 511, "status": "Under maskin"}}, {"type": "Feature", "geometry": {"type": "Point", "coordinates": [6.899997, 62.939751]}, "properties": {"time": "2025-10-21T22:58:33Z", "sog": 7.6, "cog": 71.8, "heading": 511, "status": "Under maskin"}}, {"type": "Feature", "geometry": {"type": "Point", "coordinates": [6.902202, 62.94014]}, "properties": {"time": "2025-10-21T22:59:02Z", "sog": 7.3, "cog": 68.8, "heading": 511, "status": "Under maskin"}}, {"type": "Feature", "geometry": {"type": "Point", "coordinates": [6.902202, 62.94014]}, "properties": {"time": "2025-10-21T22:59:02Z", "sog": 7.3, "cog": 68.8, "heading": 511, "status": "Under maskin"}}, {"type": "Feature", "geometry": {"type": "Point", "coordinates": [6.904483, 62.94054]}, "properties": {"time": "2025-10-21T22:59:33Z", "sog": 7.7, "cog": 68.4, "heading": 511, "status": "Under maskin"}}, {"type": "Feature", "geometry": {"type": "Point", "coordinates": [6.904483, 62.94054]}, "properties": {"time": "2025-10-21T22:59:33Z", "sog": 7.7, "cog": 68.4, "heading": 511, "status": "Under maskin"}}, {"type": "Feature", "geometry": {"type": "Point", "coordinates": [6.90656, 62.940891]}, "properties": {"time": "2025-10-21T23:00:00Z", "sog": 7.6, "cog": 70.7, "heading": 511, "status": "Under maskin"}}, {"type": "Feature", "geometry": {"type": "Point", "coordinates": [6.90656, 62.940891]}, "properties": {"time": "2025-10-21T23:00:00Z", "sog": 7.6, "cog": 70.7, "heading": 511, "status": "Under maskin"}}, {"type": "Feature", "geometry": {"type": "Point", "coordinates": [6.908923, 62.941303]}, "properties": {"time": "2025-10-21T23:00:33Z", "sog": 8.2, "cog": 66.4, "heading": 511, "status": "Under maskin"}}, {"type": "Feature", "geometry": {"type": "Point", "coordinates": [6.908923, 62.941303]}, "properties": {"time": "2025-10-21T23:00:33Z", "sog": 8.2, "cog": 66.4, "heading": 511, "status": "Under maskin"}}, {"type": "Feature", "geometry": {"type": "Point", "coordinates": [6.910937, 62.941654]}, "properties": {"time": "2025-10-21T23:01:00Z", "sog": 7.5, "cog": 69.8, "heading": 511, "status": "Under maskin"}}, {"type": "Feature", "geometry": {"type": "Point", "coordinates": [6.910937, 62.941654]}, "properties": {"time": "2025-10-21T23:01:00Z", "sog": 7.5, "cog": 69.8, "heading": 511, "status": "Under maskin"}}, {"type": "Feature", "geometry": {"type": "Point", "coordinates": [6.913387, 62.942081]}, "properties": {"time": "2025-10-21T23:01:33Z", "sog": 8.0, "cog": 68.9, "heading": 511, "status": "Under maskin"}}, {"type": "Feature", "geometry": {"type": "Point", "coordinates": [6.913387, 62.942081]}, "properties": {"time": "2025-10-21T23:01:33Z", "sog": 8.0, "cog": 68.9, "heading": 511, "status": "Under maskin"}}, {"type": "Feature", "geometry": {"type": "Point", "coordinates": [6.915362, 62.942429]}, "properties": {"time": "2025-10-21T23:02:00Z", "sog": 8.0, "cog": 70.8, "heading": 511, "status": "Under maskin"}}, {"type": "Feature", "geometry": {"type": "Point", "coordinates": [6.915362, 62.942429]}, "properties": {"time": "2025-10-21T23:02:00Z", "sog": 8.0, "cog": 70.8, "heading": 511, "status": "Under maskin"}}, {"type": "Feature", "geometry": {"type": "Point", "coordinates": [6.91771, 62.942837]}, "properties": {"time": "2025-10-21T23:02:32Z", "sog": 7.7, "cog": 68.2, "heading": 511, "status": "Under maskin"}}, {"type": "Feature", "geometry": {"type": "Point", "coordinates": [6.91771, 62.942837]}, "properties": {"time": "2025-10-21T23:02:32Z", "sog": 7.7, "cog": 68.2, "heading": 511, "status": "Under maskin"}}, {"type": "Feature", "geometry": {"type": "Point", "coordinates": [6.919747, 62.943199]}, "properties": {"time": "2025-10-21T23:03:00Z", "sog": 8.3, "cog": 70.6, "heading": 511, "status": "Under maskin"}}, {"type": "Feature", "geometry": {"type": "Point", "coordinates": [6.919747, 62.943199]}, "properties": {"time": "2025-10-21T23:03:00Z", "sog": 8.3, "cog": 70.6, "heading": 511, "status": "Under maskin"}}, {"type": "Feature", "geometry": {"type": "Point", "coordinates": [6.922073, 62.9436]}, "properties": {"time": "2025-10-21T23:03:32Z", "sog": 7.5, "cog": 73.4, "heading": 511, "status": "Under maskin"}}, {"type": "Feature", "geometry": {"type": "Point", "coordinates": [6.922073, 62.9436]}, "properties": {"time": "2025-10-21T23:03:32Z", "sog": 7.5, "cog": 73.4, "heading": 511, "status": "Under maskin"}}, {"type": "Feature", "geometry": {"type": "Point", "coordinates": [6.924098, 62.943954]}, "properties": {"time": "2025-10-21T23:04:00Z", "sog": 7.7, "cog": 67.0, "heading": 511, "status": "Under maskin"}}, {"type": "Feature", "geometry": {"type": "Point", "coordinates": [6.924098, 62.943954]}, "properties": {"time": "2025-10-21T23:04:00Z", "sog": 7.7, "cog": 67.0, "heading": 511, "status": "Under maskin"}}, {"type": "Feature", "geometry": {"type": "Point", "coordinates": [6.9264, 62.94434]}, "properties": {"time": "2025-10-21T23:04:32Z", "sog": 8.3, "cog": 69.7, "heading": 511, "status": "Under maskin"}}, {"type": "Feature", "geometry": {"type": "Point", "coordinates": [6.9264, 62.94434]}, "properties": {"time": "2025-10-21T23:04:32Z", "sog": 8.3, "cog": 69.7, "heading": 511, "status": "Under maskin"}}, {"type": "Feature", "geometry": {"type": "Point", "coordinates": [6.928391, 62.944687]}, "properties": {"time": "2025-10-21T23:05:00Z", "sog": 7.5, "cog": 69.9, "heading": 511, "status": "Under maskin"}}, {"type": "Feature", "geometry": {"type": "Point", "coordinates": [6.928391, 62.944687]}, "properties": {"time": "2025-10-21T23:05:00Z", "sog": 7.5, "cog": 69.9, "heading": 511, "status": "Under maskin"}}, {"type": "Feature", "geometry": {"type": "Point", "coordinates": [6.93069, 62.945076]}, "properties": {"time": "2025-10-21T23:05:32Z", "sog": 7.7, "cog": 69.5, "heading": 511, "status": "Under maskin"}}, {"type": "Feature", "geometry": {"type": "Point", "coordinates": [6.93069, 62.945076]}, "properties": {"time": "2025-10-21T23:05:32Z", "sog": 7.7, "cog": 69.5, "heading": 511, "status": "Under maskin"}}, {"type": "Feature", "geometry": {"type": "Point", "coordinates": [6.932776, 62.945499]}, "properties": {"time": "2025-10-21T23:06:01Z", "sog": 7.3, "cog": 66.8, "heading": 511, "status": "Under maskin"}}, {"type": "Feature", "geometry": {"type": "Point", "coordinates": [6.932776, 62.945499]}, "properties": {"time": "2025-10-21T23:06:01Z", "sog": 7.3, "cog": 66.8, "heading": 511, "status": "Under maskin"}}, {"type": "Feature", "geometry": {"type": "Point", "coordinates": [6.934803, 62.945972]}, "properties": {"time": "2025-10-21T23:06:32Z", "sog": 6.3, "cog": 64.9, "heading": 511, "status": "Under maskin"}}, {"type": "Feature", "geometry": {"type": "Point", "coordinates": [6.934803, 62.945972]}, "properties": {"time": "2025-10-21T23:06:32Z", "sog": 6.3, "cog": 64.9, "heading": 511, "status": "Under maskin"}}, {"type": "Feature", "geometry": {"type": "Point", "coordinates": [6.936847, 62.946407]}, "properties": {"time": "2025-10-21T23:07:01Z", "sog": 7.5, "cog": 71.6, "heading": 511, "status": "Under maskin"}}, {"type": "Feature", "geometry": {"type": "Point", "coordinates": [6.936847, 62.946407]}, "properties": {"time": "2025-10-21T23:07:01Z", "sog": 7.5, "cog": 71.6, "heading": 511, "status": "Under maskin"}}, {"type": "Feature", "geometry": {"type": "Point", "coordinates": [6.938918, 62.94685]}, "properties": {"time": "2025-10-21T23:07:32Z", "sog": 7.1, "cog": 62.6, "heading": 511, "status": "Under maskin"}}, {"type": "Feature", "geometry": {"type": "Point", "coordinates": [6.938918, 62.94685]}, "properties": {"time": "2025-10-21T23:07:32Z", "sog": 7.1, "cog": 62.6, "heading": 511, "status": "Under maskin"}}, {"type": "Feature", "geometry": {"type": "Point", "coordinates": [6.940985, 62.947285]}, "properties": {"time": "2025-10-21T23:08:01Z", "sog": 7.2, "cog": 62.1, "heading": 511, "status": "Under maskin"}}, {"type": "Feature", "geometry": {"type": "Point", "coordinates": [6.940985, 62.947285]}, "properties": {"time": "2025-10-21T23:08:01Z", "sog": 7.2, "cog": 62.1, "heading": 511, "status": "Under maskin"}}, {"type": "Feature", "geometry": {"type": "Point", "coordinates": [6.943012, 62.947739]}, "properties": {"time": "2025-10-21T23:08:32Z", "sog": 7.5, "cog": 62.2, "heading": 511, "status": "Under maskin"}}, {"type": "Feature", "geometry": {"type": "Point", "coordinates": [6.943012, 62.947739]}, "properties": {"time": "2025-10-21T23:08:32Z", "sog": 7.5, "cog": 62.2, "heading": 511, "status": "Under maskin"}}, {"type": "Feature", "geometry": {"type": "Point", "coordinates": [6.945028, 62.948215]}, "properties": {"time": "2025-10-21T23:09:01Z", "sog": 7.2, "cog": 62.2, "heading": 511, "status": "Under maskin"}}, {"type": "Feature", "geometry": {"type": "Point", "coordinates": [6.945028, 62.948215]}, "properties": {"time": "2025-10-21T23:09:01Z", "sog": 7.2, "cog": 62.2, "heading": 511, "status": "Under maskin"}}, {"type": "Feature", "geometry": {"type": "Point", "coordinates": [6.946993, 62.948685]}, "properties": {"time": "2025-10-21T23:09:31Z", "sog": 7.0, "cog": 60.7, "heading": 511, "status": "Under maskin"}}, {"type": "Feature", "geometry": {"type": "Point", "coordinates": [6.946993, 62.948685]}, "properties": {"time": "2025-10-21T23:09:31Z", "sog": 7.0, "cog": 60.7, "heading": 511, "status": "Under maskin"}}, {"type": "Feature", "geometry": {"type": "Point", "coordinates": [6.949072, 62.949177]}, "properties": {"time": "2025-10-21T23:10:01Z", "sog": 7.0, "cog": 66.4, "heading": 511, "status": "Under maskin"}}, {"type": "Feature", "geometry": {"type": "Point", "coordinates": [6.949072, 62.949177]}, "properties": {"time": "2025-10-21T23:10:01Z", "sog": 7.0, "cog": 66.4, "heading": 511, "status": "Under maskin"}}, {"type": "Feature", "geometry": {"type": "Point", "coordinates": [6.951026, 62.949635]}, "properties": {"time": "2025-10-21T23:10:31Z", "sog": 7.3, "cog": 61.9, "heading": 511, "status": "Under maskin"}}, {"type": "Feature", "geometry": {"type": "Point", "coordinates": [6.951026, 62.949635]}, "properties": {"time": "2025-10-21T23:10:31Z", "sog": 7.3, "cog": 61.9, "heading": 511, "status": "Under maskin"}}, {"type": "Feature", "geometry": {"type": "Point", "coordinates": [6.95315, 62.950115]}, "properties": {"time": "2025-10-21T23:11:01Z", "sog": 7.8, "cog": 58.6, "heading": 511, "status": "Under maskin"}}, {"type": "Feature", "geometry": {"type": "Point", "coordinates": [6.95315, 62.950115]}, "properties": {"time": "2025-10-21T23:11:01Z", "sog": 7.8, "cog": 58.6, "heading": 511, "status": "Under maskin"}}, {"type": "Feature", "geometry": {"type": "Point", "coordinates": [6.955168, 62.950577]}, "properties": {"time": "2025-10-21T23:11:31Z", "sog": 7.0, "cog": 64.3, "heading": 511, "status": "Under maskin"}}, {"type": "Feature", "geometry": {"type": "Point", "coordinates": [6.955168, 62.950577]}, "properties": {"time": "2025-10-21T23:11:31Z", "sog": 7.0, "cog": 64.3, "heading": 511, "status": "Under maskin"}}, {"type": "Feature", "geometry": {"type": "Point", "coordinates": [6.957055, 62.951012]}, "properties": {"time": "2025-10-21T23:12:00Z", "sog": 7.1, "cog": 67.1, "heading": 511, "status": "Under maskin"}}, {"type": "Feature", "geometry": {"type": "Point", "coordinates": [6.957055, 62.951012]}, "properties": {"time": "2025-10-21T23:12:00Z", "sog": 7.1, "cog": 67.1, "heading": 511, "status": "Under maskin"}}, {"type": "Feature", "geometry": {"type": "Point", "coordinates": [6.959153, 62.951481]}, "properties": {"time": "2025-10-21T23:12:31Z", "sog": 7.2, "cog": 63.2, "heading": 511, "status": "Under maskin"}}, {"type": "Feature", "geometry": {"type": "Point", "coordinates": [6.959153, 62.951481]}, "properties": {"time": "2025-10-21T23:12:31Z", "sog": 7.2, "cog": 63.2, "heading": 511, "status": "Under maskin"}}, {"type": "Feature", "geometry": {"type": "Point", "coordinates": [6.961115, 62.951931]}, "properties": {"time": "2025-10-21T23:13:00Z", "sog": 6.7, "cog": 62.1, "heading": 511, "status": "Under maskin"}}, {"type": "Feature", "geometry": {"type": "Point", "coordinates": [6.961115, 62.951931]}, "properties": {"time": "2025-10-21T23:13:00Z", "sog": 6.7, "cog": 62.1, "heading": 511, "status": "Under maskin"}}, {"type": "Feature", "geometry": {"type": "Point", "coordinates": [6.963288, 62.952435]}, "properties": {"time": "2025-10-21T23:13:31Z", "sog": 7.5, "cog": 68.5, "heading": 511, "status": "Under maskin"}}, {"type": "Feature", "geometry": {"type": "Point", "coordinates": [6.963288, 62.952435]}, "properties": {"time": "2025-10-21T23:13:31Z", "sog": 7.5, "cog": 68.5, "heading": 511, "status": "Under maskin"}}, {"type": "Feature", "geometry": {"type": "Point", "coordinates": [6.9652, 62.952877]}, "properties": {"time": "2025-10-21T23:14:00Z", "sog": 6.9, "cog": 62.1, "heading": 511, "status": "Under maskin"}}, {"type": "Feature", "geometry": {"type": "Point", "coordinates": [6.9652, 62.952877]}, "properties": {"time": "2025-10-21T23:14:00Z", "sog": 6.9, "cog": 62.1, "heading": 511, "status": "Under maskin"}}, {"type": "Feature", "geometry": {"type": "Point", "coordinates": [6.967283, 62.953365]}, "properties": {"time": "2025-10-21T23:14:31Z", "sog": 7.3, "cog": 60.7, "heading": 511, "status": "Under maskin"}}, {"type": "Feature", "geometry": {"type": "Point", "coordinates": [6.967283, 62.953365]}, "properties": {"time": "2025-10-21T23:14:31Z", "sog": 7.3, "cog": 60.7, "heading": 511, "status": "Under maskin"}}, {"type": "Feature", "geometry": {"type": "Point", "coordinates": [6.96922, 62.953812]}, "properties": {"time": "2025-10-21T23:15:00Z", "sog": 7.2, "cog": 65.7, "heading": 511, "status": "Under maskin"}}, {"type": "Feature", "geometry": {"type": "Point", "coordinates": [6.96922, 62.953812]}, "properties": {"time": "2025-10-21T23:15:00Z", "sog": 7.2, "cog": 65.7, "heading": 511, "status": "Under maskin"}}, {"type": "Feature", "geometry": {"type": "Point", "coordinates": [6.97131, 62.954296]}, "properties": {"time": "2025-10-21T23:15:31Z", "sog": 7.8, "cog": 64.0, "heading": 511, "status": "Under maskin"}}, {"type": "Feature", "geometry": {"type": "Point", "coordinates": [6.97131, 62.954296]}, "properties": {"time": "2025-10-21T23:15:31Z", "sog": 7.8, "cog": 64.0, "heading": 511, "status": "Under maskin"}}, {"type": "Feature", "geometry": {"type": "Point", "coordinates": [6.97332, 62.954762]}, "properties": {"time": "2025-10-21T23:16:00Z", "sog": 7.6, "cog": 62.5, "heading": 511, "status": "Under maskin"}}, {"type": "Feature", "geometry": {"type": "Point", "coordinates": [6.97332, 62.954762]}, "properties": {"time": "2025-10-21T23:16:00Z", "sog": 7.6, "cog": 62.5, "heading": 511, "status": "Under maskin"}}, {"type": "Feature", "geometry": {"type": "Point", "coordinates": [6.975343, 62.955238]}, "properties": {"time": "2025-10-21T23:16:31Z", "sog": 7.8, "cog": 58.3, "heading": 511, "status": "Under maskin"}}, {"type": "Feature", "geometry": {"type": "Point", "coordinates": [6.975343, 62.955238]}, "properties": {"time": "2025-10-21T23:16:31Z", "sog": 7.8, "cog": 58.3, "heading": 511, "status": "Under maskin"}}, {"type": "Feature", "geometry": {"type": "Point", "coordinates": [6.977483, 62.955734]}, "properties": {"time": "2025-10-21T23:17:03Z", "sog": 6.9, "cog": 64.9, "heading": 511, "status": "Under maskin"}}, {"type": "Feature", "geometry": {"type": "Point", "coordinates": [6.977483, 62.955734]}, "properties": {"time": "2025-10-21T23:17:03Z", "sog": 6.9, "cog": 64.9, "heading": 511, "status": "Under maskin"}}, {"type": "Feature", "geometry": {"type": "Point", "coordinates": [6.979397, 62.956192]}, "properties": {"time": "2025-10-21T23:17:32Z", "sog": 7.2, "cog": 62.8, "heading": 511, "status": "Under maskin"}}, {"type": "Feature", "geometry": {"type": "Point", "coordinates": [6.979397, 62.956192]}, "properties": {"time": "2025-10-21T23:17:32Z", "sog": 7.2, "cog": 62.8, "heading": 511, "status": "Under maskin"}}, {"type": "Feature", "geometry": {"type": "Point", "coordinates": [6.981423, 62.956692]}, "properties": {"time": "2025-10-21T23:18:03Z", "sog": 7.4, "cog": 57.8, "heading": 511, "status": "Under maskin"}}, {"type": "Feature", "geometry": {"type": "Point", "coordinates": [6.981423, 62.956692]}, "properties": {"time": "2025-10-21T23:18:03Z", "sog": 7.4, "cog": 57.8, "heading": 511, "status": "Under maskin"}}, {"type": "Feature", "geometry": {"type": "Point", "coordinates": [6.985193, 62.957722]}, "properties": {"time": "2025-10-21T23:19:03Z", "sog": 7.4, "cog": 55.0, "heading": 511, "status": "Under maskin"}}, {"type": "Feature", "geometry": {"type": "Point", "coordinates": [6.985193, 62.957722]}, "properties": {"time": "2025-10-21T23:19:03Z", "sog": 7.4, "cog": 55.0, "heading": 511, "status": "Under maskin"}}, {"type": "Feature", "geometry": {"type": "Point", "coordinates": [6.986887, 62.958389]}, "properties": {"time": "2025-10-21T23:19:32Z", "sog": 6.9, "cog": 41.2, "heading": 511, "status": "Under maskin"}}, {"type": "Feature", "geometry": {"type": "Point", "coordinates": [6.986887, 62.958389]}, "properties": {"time": "2025-10-21T23:19:32Z", "sog": 6.9, "cog": 41.2, "heading": 511, "status": "Under maskin"}}, {"type": "Feature", "geometry": {"type": "Point", "coordinates": [6.988317, 62.959206]}, "properties": {"time": "2025-10-21T23:20:03Z", "sog": 7.4, "cog": 32.3, "heading": 511, "status": "Under maskin"}}, {"type": "Feature", "geometry": {"type": "Point", "coordinates": [6.988317, 62.959206]}, "properties": {"time": "2025-10-21T23:20:03Z", "sog": 7.4, "cog": 32.3, "heading": 511, "status": "Under maskin"}}, {"type": "Feature", "geometry": {"type": "Point", "coordinates": [6.989295, 62.960075]}, "properties": {"time": "2025-10-21T23:20:32Z", "sog": 7.6, "cog": 22.6, "heading": 511, "status": "Under maskin"}}, {"type": "Feature", "geometry": {"type": "Point", "coordinates": [6.989295, 62.960075]}, "properties": {"time": "2025-10-21T23:20:32Z", "sog": 7.6, "cog": 22.6, "heading": 511, "status": "Under maskin"}}, {"type": "Feature", "geometry": {"type": "Point", "coordinates": [6.990155, 62.961056]}, "properties": {"time": "2025-10-21T23:21:03Z", "sog": 6.6, "cog": 20.2, "heading": 511, "status": "Under maskin"}}, {"type": "Feature", "geometry": {"type": "Point", "coordinates": [6.990155, 62.961056]}, "properties": {"time": "2025-10-21T23:21:03Z", "sog": 6.6, "cog": 20.2, "heading": 511, "status": "Under maskin"}}, {"type": "Feature", "geometry": {"type": "Point", "coordinates": [6.990957, 62.961967]}, "properties": {"time": "2025-10-21T23:21:32Z", "sog": 6.6, "cog": 21.0, "heading": 511, "status": "Under maskin"}}, {"type": "Feature", "geometry": {"type": "Point", "coordinates": [6.990957, 62.961967]}, "properties": {"time": "2025-10-21T23:21:32Z", "sog": 6.6, "cog": 21.0, "heading": 511, "status": "Under maskin"}}, {"type": "Feature", "geometry": {"type": "Point", "coordinates": [6.9918, 62.962933]}, "properties": {"time": "2025-10-21T23:22:03Z", "sog": 7.3, "cog": 23.5, "heading": 511, "status": "Under maskin"}}, {"type": "Feature", "geometry": {"type": "Point", "coordinates": [6.9918, 62.962933]}, "properties": {"time": "2025-10-21T23:22:03Z", "sog": 7.3, "cog": 23.5, "heading": 511, "status": "Under maskin"}}, {"type": "Feature", "geometry": {"type": "Point", "coordinates": [6.99258, 62.963837]}, "properties": {"time": "2025-10-21T23:22:32Z", "sog": 7.4, "cog": 22.4, "heading": 511, "status": "Under maskin"}}, {"type": "Feature", "geometry": {"type": "Point", "coordinates": [6.99258, 62.963837]}, "properties": {"time": "2025-10-21T23:22:32Z", "sog": 7.4, "cog": 22.4, "heading": 511, "status": "Under maskin"}}, {"type": "Feature", "geometry": {"type": "Point", "coordinates": [6.993458, 62.964806]}, "properties": {"time": "2025-10-21T23:23:03Z", "sog": 7.7, "cog": 29.7, "heading": 511, "status": "Under maskin"}}, {"type": "Feature", "geometry": {"type": "Point", "coordinates": [6.993458, 62.964806]}, "properties": {"time": "2025-10-21T23:23:03Z", "sog": 7.7, "cog": 29.7, "heading": 511, "status": "Under maskin"}}, {"type": "Feature", "geometry": {"type": "Point", "coordinates": [6.994256, 62.965733]}, "properties": {"time": "2025-10-21T23:23:32Z", "sog": 7.6, "cog": 21.7, "heading": 511, "status": "Under maskin"}}, {"type": "Feature", "geometry": {"type": "Point", "coordinates": [6.994256, 62.965733]}, "properties": {"time": "2025-10-21T23:23:32Z", "sog": 7.6, "cog": 21.7, "heading": 511, "status": "Under maskin"}}, {"type": "Feature", "geometry": {"type": "Point", "coordinates": [6.995037, 62.966633]}, "properties": {"time": "2025-10-21T23:24:03Z", "sog": 6.6, "cog": 21.9, "heading": 511, "status": "Under maskin"}}, {"type": "Feature", "geometry": {"type": "Point", "coordinates": [6.995037, 62.966633]}, "properties": {"time": "2025-10-21T23:24:03Z", "sog": 6.6, "cog": 21.9, "heading": 511, "status": "Under maskin"}}, {"type": "Feature", "geometry": {"type": "Point", "coordinates": [6.996181, 62.967205]}, "properties": {"time": "2025-10-21T23:24:32Z", "sog": 5.6, "cog": 57.7, "heading": 511, "status": "Under maskin"}}, {"type": "Feature", "geometry": {"type": "Point", "coordinates": [6.996181, 62.967205]}, "properties": {"time": "2025-10-21T23:24:32Z", "sog": 5.6, "cog": 57.7, "heading": 511, "status": "Under maskin"}}, {"type": "Feature", "geometry": {"type": "Point", "coordinates": [6.997677, 62.967529]}, "properties": {"time": "2025-10-21T23:25:00Z", "sog": 5.7, "cog": 68.4, "heading": 511, "status": "Under maskin"}}, {"type": "Feature", "geometry": {"type": "Point", "coordinates": [6.997677, 62.967529]}, "properties": {"time": "2025-10-21T23:25:00Z", "sog": 5.7, "cog": 68.4, "heading": 511, "status": "Under maskin"}}, {"type": "Feature", "geometry": {"type": "Point", "coordinates": [6.999362, 62.967838]}, "properties": {"time": "2025-10-21T23:25:32Z", "sog": 5.7, "cog": 71.1, "heading": 511, "status": "Under maskin"}}, {"type": "Feature", "geometry": {"type": "Point", "coordinates": [6.999362, 62.967838]}, "properties": {"time": "2025-10-21T23:25:32Z", "sog": 5.7, "cog": 71.1, "heading": 511, "status": "Under maskin"}}, {"type": "Feature", "geometry": {"type": "Point", "coordinates": [7.000926, 62.968075]}, "properties": {"time": "2025-10-21T23:26:00Z", "sog": 5.4, "cog": 70.9, "heading": 511, "status": "Under maskin"}}, {"type": "Feature", "geometry": {"type": "Point", "coordinates": [7.000926, 62.968075]}, "properties": {"time": "2025-10-21T23:26:00Z", "sog": 5.4, "cog": 70.9, "heading": 511, "status": "Under maskin"}}, {"type": "Feature", "geometry": {"type": "Point", "coordinates": [7.002658, 62.968327]}, "properties": {"time": "2025-10-21T23:26:32Z", "sog": 5.3, "cog": 73.6, "heading": 511, "status": "Under maskin"}}, {"type": "Feature", "geometry": {"type": "Point", "coordinates": [7.002658, 62.968327]}, "properties": {"time": "2025-10-21T23:26:32Z", "sog": 5.3, "cog": 73.6, "heading": 511, "status": "Under maskin"}}, {"type": "Feature", "geometry": {"type": "Point", "coordinates": [7.0043, 62.96846]}, "properties": {"time": "2025-10-21T23:27:00Z", "sog": 5.8, "cog": 83.7, "heading": 511, "status": "Under maskin"}}, {"type": "Feature", "geometry": {"type": "Point", "coordinates": [7.0043, 62.96846]}, "properties": {"time": "2025-10-21T23:27:00Z", "sog": 5.8, "cog": 83.7, "heading": 511, "status": "Under maskin"}}, {"type": "Feature", "geometry": {"type": "Point", "coordinates": [7.006107, 62.968521]}, "properties": {"time": "2025-10-21T23:27:32Z", "sog": 5.0, "cog": 75.6, "heading": 511, "status": "Under maskin"}}, {"type": "Feature", "geometry": {"type": "Point", "coordinates": [7.006107, 62.968521]}, "properties": {"time": "2025-10-21T23:27:32Z", "sog": 5.0, "cog": 75.6, "heading": 511, "status": "Under maskin"}}, {"type": "Feature", "geometry": {"type": "Point", "coordinates": [7.007135, 62.968925]}, "properties": {"time": "2025-10-21T23:28:00Z", "sog": 4.6, "cog": 31.5, "heading": 511, "status": "Under maskin"}}, {"type": "Feature", "geometry": {"type": "Point", "coordinates": [7.007135, 62.968925]}, "properties": {"time": "2025-10-21T23:28:00Z", "sog": 4.6, "cog": 31.5, "heading": 511, "status": "Under maskin"}}, {"type": "Feature", "geometry": {"type": "Point", "coordinates": [7.007925, 62.969574]}, "properties": {"time": "2025-10-21T23:28:32Z", "sog": 5.3, "cog": 26.0, "heading": 511, "status": "Under maskin"}}, {"type": "Feature", "geometry": {"type": "Point", "coordinates": [7.007925, 62.969574]}, "properties": {"time": "2025-10-21T23:28:32Z", "sog": 5.3, "cog": 26.0, "heading": 511, "status": "Under maskin"}}, {"type": "Feature", "geometry": {"type": "Point", "coordinates": [7.008821, 62.97015]}, "properties": {"time": "2025-10-21T23:29:00Z", "sog": 4.6, "cog": 38.6, "heading": 511, "status": "Under maskin"}}, {"type": "Feature", "geometry": {"type": "Point", "coordinates": [7.008821, 62.97015]}, "properties": {"time": "2025-10-21T23:29:00Z", "sog": 4.6, "cog": 38.6, "heading": 511, "status": "Under maskin"}}, {"type": "Feature", "geometry": {"type": "Point", "coordinates": [7.009962, 62.970669]}, "properties": {"time": "2025-10-21T23:29:32Z", "sog": 4.4, "cog": 48.5, "heading": 511, "status": "Under maskin"}}, {"type": "Feature", "geometry": {"type": "Point", "coordinates": [7.009962, 62.970669]}, "properties": {"time": "2025-10-21T23:29:32Z", "sog": 4.4, "cog": 48.5, "heading": 511, "status": "Under maskin"}}, {"type": "Feature", "geometry": {"type": "Point", "coordinates": [7.011075, 62.971096]}, "properties": {"time": "2025-10-21T23:30:00Z", "sog": 5.0, "cog": 46.9, "heading": 511, "status": "Under maskin"}}, {"type": "Feature", "geometry": {"type": "Point", "coordinates": [7.011075, 62.971096]}, "properties": {"time": "2025-10-21T23:30:00Z", "sog": 5.0, "cog": 46.9, "heading": 511, "status": "Under maskin"}}, {"type": "Feature", "geometry": {"type": "Point", "coordinates": [7.012377, 62.971558]}, "properties": {"time": "2025-10-21T23:30:30Z", "sog": 6.3, "cog": 58.4, "heading": 511, "status": "Under maskin"}}, {"type": "Feature", "geometry": {"type": "Point", "coordinates": [7.012377, 62.971558]}, "properties": {"time": "2025-10-21T23:30:30Z", "sog": 6.3, "cog": 58.4, "heading": 511, "status": "Under maskin"}}, {"type": "Feature", "geometry": {"type": "Point", "coordinates": [7.013808, 62.972023]}, "properties": {"time": "2025-10-21T23:31:00Z", "sog": 5.4, "cog": 52.9, "heading": 511, "status": "Under maskin"}}, {"type": "Feature", "geometry": {"type": "Point", "coordinates": [7.013808, 62.972023]}, "properties": {"time": "2025-10-21T23:31:00Z", "sog": 5.4, "cog": 52.9, "heading": 511, "status": "Under maskin"}}, {"type": "Feature", "geometry": {"type": "Point", "coordinates": [7.015498, 62.972553]}, "properties": {"time": "2025-10-21T23:31:30Z", "sog": 7.1, "cog": 57.7, "heading": 511, "status": "Under maskin"}}, {"type": "Feature", "geometry": {"type": "Point", "coordinates": [7.015498, 62.972553]}, "properties": {"time": "2025-10-21T23:31:30Z", "sog": 7.1, "cog": 57.7, "heading": 511, "status": "Under maskin"}}, {"type": "Feature", "geometry": {"type": "Point", "coordinates": [7.017107, 62.973072]}, "properties": {"time": "2025-10-21T23:32:00Z", "sog": 6.5, "cog": 51.1, "heading": 511, "status": "Under maskin"}}, {"type": "Feature", "geometry": {"type": "Point", "coordinates": [7.017107, 62.973072]}, "properties": {"time": "2025-10-21T23:32:00Z", "sog": 6.5, "cog": 51.1, "heading": 511, "status": "Under maskin"}}, {"type": "Feature", "geometry": {"type": "Point", "coordinates": [7.018463, 62.973717]}, "properties": {"time": "2025-10-21T23:32:30Z", "sog": 8.0, "cog": 38.8, "heading": 511, "status": "Under maskin"}}, {"type": "Feature", "geometry": {"type": "Point", "coordinates": [7.018463, 62.973717]}, "properties": {"time": "2025-10-21T23:32:30Z", "sog": 8.0, "cog": 38.8, "heading": 511, "status": "Under maskin"}}, {"type": "Feature", "geometry": {"type": "Point", "coordinates": [7.019808, 62.974461]}, "properties": {"time": "2025-10-21T23:33:00Z", "sog": 6.4, "cog": 39.5, "heading": 511, "status": "Under maskin"}}, {"type": "Feature", "geometry": {"type": "Point", "coordinates": [7.019808, 62.974461]}, "properties": {"time": "2025-10-21T23:33:00Z", "sog": 6.4, "cog": 39.5, "heading": 511, "status": "Under maskin"}}, {"type": "Feature", "geometry": {"type": "Point", "coordinates": [7.021194, 62.975208]}, "properties": {"time": "2025-10-21T23:33:30Z", "sog": 8.4, "cog": 43.4, "heading": 511, "status": "Under maskin"}}, {"type": "Feature", "geometry": {"type": "Point", "coordinates": [7.021194, 62.975208]}, "properties": {"time": "2025-10-21T23:33:30Z", "sog": 8.4, "cog": 43.4, "heading": 511, "status": "Under maskin"}}, {"type": "Feature", "geometry": {"type": "Point", "coordinates": [7.022501, 62.975899]}, "properties": {"time": "2025-10-21T23:34:00Z", "sog": 6.1, "cog": 44.8, "heading": 511, "status": "Under maskin"}}, {"type": "Feature", "geometry": {"type": "Point", "coordinates": [7.022501, 62.975899]}, "properties": {"time": "2025-10-21T23:34:00Z", "sog": 6.1, "cog": 44.8, "heading": 511, "status": "Under maskin"}}, {"type": "Feature", "geometry": {"type": "Point", "coordinates": [7.02389, 62.97665]}, "properties": {"time": "2025-10-21T23:34:30Z", "sog": 7.0, "cog": 39.8, "heading": 511, "status": "Under maskin"}}, {"type": "Feature", "geometry": {"type": "Point", "coordinates": [7.02389, 62.97665]}, "properties": {"time": "2025-10-21T23:34:30Z", "sog": 7.0, "cog": 39.8, "heading": 511, "status": "Under maskin"}}, {"type": "Feature", "geometry": {"type": "Point", "coordinates": [7.025422, 62.977283]}, "properties": {"time": "2025-10-21T23:35:00Z", "sog": 6.8, "cog": 41.6, "heading": 511, "status": "Under maskin"}}, {"type": "Feature", "geometry": {"type": "Point", "coordinates": [7.025422, 62.977283]}, "properties": {"time": "2025-10-21T23:35:00Z", "sog": 6.8, "cog": 41.6, "heading": 511, "status": "Under maskin"}}, {"type": "Feature", "geometry": {"type": "Point", "coordinates": [7.026943, 62.977962]}, "properties": {"time": "2025-10-21T23:35:30Z", "sog": 6.4, "cog": 43.4, "heading": 511, "status": "Under maskin"}}, {"type": "Feature", "geometry": {"type": "Point", "coordinates": [7.026943, 62.977962]}, "properties": {"time": "2025-10-21T23:35:30Z", "sog": 6.4, "cog": 43.4, "heading": 511, "status": "Under maskin"}}, {"type": "Feature", "geometry": {"type": "Point", "coordinates": [7.028445, 62.97863]}, "properties": {"time": "2025-10-21T23:36:00Z", "sog": 7.5, "cog": 42.5, "heading": 511, "status": "Under maskin"}}, {"type": "Feature", "geometry": {"type": "Point", "coordinates": [7.028445, 62.97863]}, "properties": {"time": "2025-10-21T23:36:00Z", "sog": 7.5, "cog": 42.5, "heading": 511, "status": "Under maskin"}}, {"type": "Feature", "geometry": {"type": "Point", "coordinates": [7.030018, 62.979332]}, "properties": {"time": "2025-10-21T23:36:30Z", "sog": 7.0, "cog": 49.8, "heading": 511, "status": "Under maskin"}}, {"type": "Feature", "geometry": {"type": "Point", "coordinates": [7.030018, 62.979332]}, "properties": {"time": "2025-10-21T23:36:30Z", "sog": 7.0, "cog": 49.8, "heading": 511, "status": "Under maskin"}}, {"type": "Feature", "geometry": {"type": "Point", "coordinates": [7.031707, 62.980072]}, "properties": {"time": "2025-10-21T23:37:01Z", "sog": 7.8, "cog": 42.4, "heading": 511, "status": "Under maskin"}}, {"type": "Feature", "geometry": {"type": "Point", "coordinates": [7.031707, 62.980072]}, "properties": {"time": "2025-10-21T23:37:01Z", "sog": 7.8, "cog": 42.4, "heading": 511, "status": "Under maskin"}}, {"type": "Feature", "geometry": {"type": "Point", "coordinates": [7.033125, 62.980717]}, "properties": {"time": "2025-10-21T23:37:30Z", "sog": 6.2, "cog": 43.1, "heading": 511, "status": "Under maskin"}}, {"type": "Feature", "geometry": {"type": "Point", "coordinates": [7.033125, 62.980717]}, "properties": {"time": "2025-10-21T23:37:30Z", "sog": 6.2, "cog": 43.1, "heading": 511, "status": "Under maskin"}}, {"type": "Feature", "geometry": {"type": "Point", "coordinates": [7.034773, 62.981426]}, "properties": {"time": "2025-10-21T23:38:01Z", "sog": 6.5, "cog": 47.5, "heading": 511, "status": "Under maskin"}}, {"type": "Feature", "geometry": {"type": "Point", "coordinates": [7.034773, 62.981426]}, "properties": {"time": "2025-10-21T23:38:01Z", "sog": 6.5, "cog": 47.5, "heading": 511, "status": "Under maskin"}}, {"type": "Feature", "geometry": {"type": "Point", "coordinates": [7.036298, 62.982101]}, "properties": {"time": "2025-10-21T23:38:30Z", "sog": 7.8, "cog": 44.6, "heading": 511, "status": "Under maskin"}}, {"type": "Feature", "geometry": {"type": "Point", "coordinates": [7.036298, 62.982101]}, "properties": {"time": "2025-10-21T23:38:30Z", "sog": 7.8, "cog": 44.6, "heading": 511, "status": "Under maskin"}}, {"type": "Feature", "geometry": {"type": "Point", "coordinates": [7.037938, 62.982826]}, "properties": {"time": "2025-10-21T23:39:01Z", "sog": 7.3, "cog": 49.3, "heading": 511, "status": "Under maskin"}}, {"type": "Feature", "geometry": {"type": "Point", "coordinates": [7.037938, 62.982826]}, "properties": {"time": "2025-10-21T23:39:01Z", "sog": 7.3, "cog": 49.3, "heading": 511, "status": "Under maskin"}}, {"type": "Feature", "geometry": {"type": "Point", "coordinates": [7.03953, 62.983444]}, "properties": {"time": "2025-10-21T23:39:30Z", "sog": 6.5, "cog": 67.0, "heading": 511, "status": "Under maskin"}}, {"type": "Feature", "geometry": {"type": "Point", "coordinates": [7.03953, 62.983444]}, "properties": {"time": "2025-10-21T23:39:30Z", "sog": 6.5, "cog": 67.0, "heading": 511, "status": "Under maskin"}}, {"type": "Feature", "geometry": {"type": "Point", "coordinates": [7.041483, 62.983967]}, "properties": {"time": "2025-10-21T23:40:01Z", "sog": 7.0, "cog": 53.3, "heading": 511, "status": "Under maskin"}}, {"type": "Feature", "geometry": {"type": "Point", "coordinates": [7.041483, 62.983967]}, "properties": {"time": "2025-10-21T23:40:01Z", "sog": 7.0, "cog": 53.3, "heading": 511, "status": "Under maskin"}}, {"type": "Feature", "geometry": {"type": "Point", "coordinates": [7.043267, 62.98444]}, "properties": {"time": "2025-10-21T23:40:29Z", "sog": 7.2, "cog": 67.4, "heading": 511, "status": "Under maskin"}}, {"type": "Feature", "geometry": {"type": "Point", "coordinates": [7.043267, 62.98444]}, "properties": {"time": "2025-10-21T23:40:29Z", "sog": 7.2, "cog": 67.4, "heading": 511, "status": "Under maskin"}}, {"type": "Feature", "geometry": {"type": "Point", "coordinates": [7.045327, 62.984982]}, "properties": {"time": "2025-10-21T23:41:01Z", "sog": 7.7, "cog": 63.2, "heading": 511, "status": "Under maskin"}}, {"type": "Feature", "geometry": {"type": "Point", "coordinates": [7.045327, 62.984982]}, "properties": {"time": "2025-10-21T23:41:01Z", "sog": 7.7, "cog": 63.2, "heading": 511, "status": "Under maskin"}}, {"type": "Feature", "geometry": {"type": "Point", "coordinates": [7.047207, 62.985474]}, "properties": {"time": "2025-10-21T23:41:29Z", "sog": 7.8, "cog": 55.5, "heading": 511, "status": "Under maskin"}}, {"type": "Feature", "geometry": {"type": "Point", "coordinates": [7.047207, 62.985474]}, "properties": {"time": "2025-10-21T23:41:29Z", "sog": 7.8, "cog": 55.5, "heading": 511, "status": "Under maskin"}}, {"type": "Feature", "geometry": {"type": "Point", "coordinates": [7.049247, 62.986019]}, "properties": {"time": "2025-10-21T23:42:01Z", "sog": 7.5, "cog": 50.0, "heading": 511, "status": "Under maskin"}}, {"type": "Feature", "geometry": {"type": "Point", "coordinates": [7.049247, 62.986019]}, "properties": {"time": "2025-10-21T23:42:01Z", "sog": 7.5, "cog": 50.0, "heading": 511, "status": "Under maskin"}}, {"type": "Feature", "geometry": {"type": "Point", "coordinates": [7.050973, 62.986488]}, "properties": {"time": "2025-10-21T23:42:29Z", "sog": 6.7, "cog": 61.0, "heading": 511, "status": "Under maskin"}}, {"type": "Feature", "geometry": {"type": "Point", "coordinates": [7.050973, 62.986488]}, "properties": {"time": "2025-10-21T23:42:29Z", "sog": 6.7, "cog": 61.0, "heading": 511, "status": "Under maskin"}}, {"type": "Feature", "geometry": {"type": "Point", "coordinates": [7.052995, 62.987034]}, "properties": {"time": "2025-10-21T23:43:01Z", "sog": 8.3, "cog": 62.3, "heading": 511, "status": "Under maskin"}}, {"type": "Feature", "geometry": {"type": "Point", "coordinates": [7.052995, 62.987034]}, "properties": {"time": "2025-10-21T23:43:01Z", "sog": 8.3, "cog": 62.3, "heading": 511, "status": "Under maskin"}}, {"type": "Feature", "geometry": {"type": "Point", "coordinates": [7.054863, 62.987488]}, "properties": {"time": "2025-10-21T23:43:29Z", "sog": 7.6, "cog": 59.1, "heading": 511, "status": "Under maskin"}}, {"type": "Feature", "geometry": {"type": "Point", "coordinates": [7.054863, 62.987488]}, "properties": {"time": "2025-10-21T23:43:29Z", "sog": 7.6, "cog": 59.1, "heading": 511, "status": "Under maskin"}}, {"type": "Feature", "geometry": {"type": "Point", "coordinates": [7.056925, 62.987961]}, "properties": {"time": "2025-10-21T23:44:01Z", "sog": 7.3, "cog": 62.0, "heading": 511, "status": "Under maskin"}}, {"type": "Feature", "geometry": {"type": "Point", "coordinates": [7.056925, 62.987961]}, "properties": {"time": "2025-10-21T23:44:01Z", "sog": 7.3, "cog": 62.0, "heading": 511, "status": "Under maskin"}}, {"type": "Feature", "geometry": {"type": "Point", "coordinates": [7.058991, 62.988457]}, "properties": {"time": "2025-10-21T23:44:31Z", "sog": 7.7, "cog": 61.2, "heading": 511, "status": "Under maskin"}}, {"type": "Feature", "geometry": {"type": "Point", "coordinates": [7.058991, 62.988457]}, "properties": {"time": "2025-10-21T23:44:31Z", "sog": 7.7, "cog": 61.2, "heading": 511, "status": "Under maskin"}}, {"type": "Feature", "geometry": {"type": "Point", "coordinates": [7.060958, 62.988907]}, "properties": {"time": "2025-10-21T23:45:02Z", "sog": 8.4, "cog": 63.3, "heading": 511, "status": "Under maskin"}}, {"type": "Feature", "geometry": {"type": "Point", "coordinates": [7.060958, 62.988907]}, "properties": {"time": "2025-10-21T23:45:02Z", "sog": 8.4, "cog": 63.3, "heading": 511, "status": "Under maskin"}}, {"type": "Feature", "geometry": {"type": "Point", "coordinates": [7.062935, 62.989357]}, "properties": {"time": "2025-10-21T23:45:31Z", "sog": 7.3, "cog": 66.0, "heading": 511, "status": "Under maskin"}}, {"type": "Feature", "geometry": {"type": "Point", "coordinates": [7.062935, 62.989357]}, "properties": {"time": "2025-10-21T23:45:31Z", "sog": 7.3, "cog": 66.0, "heading": 511, "status": "Under maskin"}}, {"type": "Feature", "geometry": {"type": "Point", "coordinates": [7.064923, 62.989834]}, "properties": {"time": "2025-10-21T23:46:02Z", "sog": 7.9, "cog": 58.5, "heading": 511, "status": "Under maskin"}}, {"type": "Feature", "geometry": {"type": "Point", "coordinates": [7.064923, 62.989834]}, "properties": {"time": "2025-10-21T23:46:02Z", "sog": 7.9, "cog": 58.5, "heading": 511, "status": "Under maskin"}}, {"type": "Feature", "geometry": {"type": "Point", "coordinates": [7.066913, 62.990307]}, "properties": {"time": "2025-10-21T23:46:31Z", "sog": 6.9, "cog": 62.5, "heading": 511, "status": "Under maskin"}}, {"type": "Feature", "geometry": {"type": "Point", "coordinates": [7.066913, 62.990307]}, "properties": {"time": "2025-10-21T23:46:31Z", "sog": 6.9, "cog": 62.5, "heading": 511, "status": "Under maskin"}}, {"type": "Feature", "geometry": {"type": "Point", "coordinates": [7.068913, 62.990765]}, "properties": {"time": "2025-10-21T23:47:02Z", "sog": 7.7, "cog": 62.6, "heading": 511, "status": "Under maskin"}}, {"type": "Feature", "geometry": {"type": "Point", "coordinates": [7.068913, 62.990765]}, "properties": {"time": "2025-10-21T23:47:02Z", "sog": 7.7, "cog": 62.6, "heading": 511, "status": "Under maskin"}}, {"type": "Feature", "geometry": {"type": "Point", "coordinates": [7.070817, 62.991215]}, "properties": {"time": "2025-10-21T23:47:31Z", "sog": 8.0, "cog": 66.9, "heading": 511, "status": "Under maskin"}}, {"type": "Feature", "geometry": {"type": "Point", "coordinates": [7.070817, 62.991215]}, "properties": {"time": "2025-10-21T23:47:31Z", "sog": 8.0, "cog": 66.9, "heading": 511, "status": "Under maskin"}}, {"type": "Feature", "geometry": {"type": "Point", "coordinates": [7.072807, 62.991688]}, "properties": {"time": "2025-10-21T23:48:02Z", "sog": 7.0, "cog": 59.7, "heading": 511, "status": "Under maskin"}}, {"type": "Feature", "geometry": {"type": "Point", "coordinates": [7.072807, 62.991688]}, "properties": {"time": "2025-10-21T23:48:02Z", "sog": 7.0, "cog": 59.7, "heading": 511, "status": "Under maskin"}}, {"type": "Feature", "geometry": {"type": "Point", "coordinates": [7.07478, 62.992153]}, "properties": {"time": "2025-10-21T23:48:31Z", "sog": 7.8, "cog": 63.3, "heading": 511, "status": "Under maskin"}}, {"type": "Feature", "geometry": {"type": "Point", "coordinates": [7.07478, 62.992153]}, "properties": {"time": "2025-10-21T23:48:31Z", "sog": 7.8, "cog": 63.3, "heading": 511, "status": "Under maskin"}}, {"type": "Feature", "geometry": {"type": "Point", "coordinates": [7.076763, 62.992626]}, "properties": {"time": "2025-10-21T23:49:02Z", "sog": 6.8, "cog": 58.1, "heading": 511, "status": "Under maskin"}}, {"type": "Feature", "geometry": {"type": "Point", "coordinates": [7.076763, 62.992626]}, "properties": {"time": "2025-10-21T23:49:02Z", "sog": 6.8, "cog": 58.1, "heading": 511, "status": "Under maskin"}}, {"type": "Feature", "geometry": {"type": "Point", "coordinates": [7.078745, 62.993092]}, "properties": {"time": "2025-10-21T23:49:31Z", "sog": 6.9, "cog": 65.2, "heading": 511, "status": "Under maskin"}}, {"type": "Feature", "geometry": {"type": "Point", "coordinates": [7.078745, 62.993092]}, "properties": {"time": "2025-10-21T23:49:31Z", "sog": 6.9, "cog": 65.2, "heading": 511, "status": "Under maskin"}}, {"type": "Feature", "geometry": {"type": "Point", "coordinates": [7.080791, 62.993526]}, "properties": {"time": "2025-10-21T23:50:02Z", "sog": 6.5, "cog": 63.7, "heading": 511, "status": "Under maskin"}}, {"type": "Feature", "geometry": {"type": "Point", "coordinates": [7.080791, 62.993526]}, "properties": {"time": "2025-10-21T23:50:02Z", "sog": 6.5, "cog": 63.7, "heading": 511, "status": "Under maskin"}}, {"type": "Feature", "geometry": {"type": "Point", "coordinates": [7.082793, 62.993958]}, "properties": {"time": "2025-10-21T23:50:31Z", "sog": 7.6, "cog": 55.7, "heading": 511, "status": "Under maskin"}}, {"type": "Feature", "geometry": {"type": "Point", "coordinates": [7.082793, 62.993958]}, "properties": {"time": "2025-10-21T23:50:31Z", "sog": 7.6, "cog": 55.7, "heading": 511, "status": "Under maskin"}}, {"type": "Feature", "geometry": {"type": "Point", "coordinates": [7.084708, 62.994396]}, "properties": {"time": "2025-10-21T23:51:01Z", "sog": 7.2, "cog": 65.5, "heading": 511, "status": "Under maskin"}}, {"type": "Feature", "geometry": {"type": "Point", "coordinates": [7.084708, 62.994396]}, "properties": {"time": "2025-10-21T23:51:01Z", "sog": 7.2, "cog": 65.5, "heading": 511, "status": "Under maskin"}}, {"type": "Feature", "geometry": {"type": "Point", "coordinates": [7.086797, 62.994843]}, "properties": {"time": "2025-10-21T23:51:32Z", "sog": 7.5, "cog": 76.9, "heading": 511, "status": "Under maskin"}}, {"type": "Feature", "geometry": {"type": "Point", "coordinates": [7.086797, 62.994843]}, "properties": {"time": "2025-10-21T23:51:32Z", "sog": 7.5, "cog": 76.9, "heading": 511, "status": "Under maskin"}}, {"type": "Feature", "geometry": {"type": "Point", "coordinates": [7.088758, 62.995247]}, "properties": {"time": "2025-10-21T23:52:01Z", "sog": 7.7, "cog": 65.8, "heading": 511, "status": "Under maskin"}}, {"type": "Feature", "geometry": {"type": "Point", "coordinates": [7.088758, 62.995247]}, "properties": {"time": "2025-10-21T23:52:01Z", "sog": 7.7, "cog": 65.8, "heading": 511, "status": "Under maskin"}}, {"type": "Feature", "geometry": {"type": "Point", "coordinates": [7.090903, 62.99564]}, "properties": {"time": "2025-10-21T23:52:32Z", "sog": 7.0, "cog": 76.3, "heading": 511, "status": "Under maskin"}}, {"type": "Feature", "geometry": {"type": "Point", "coordinates": [7.090903, 62.99564]}, "properties": {"time": "2025-10-21T23:52:32Z", "sog": 7.0, "cog": 76.3, "heading": 511, "status": "Under maskin"}}, {"type": "Feature", "geometry": {"type": "Point", "coordinates": [7.092935, 62.995964]}, "properties": {"time": "2025-10-21T23:53:01Z", "sog": 7.6, "cog": 72.7, "heading": 511, "status": "Under maskin"}}, {"type": "Feature", "geometry": {"type": "Point", "coordinates": [7.092935, 62.995964]}, "properties": {"time": "2025-10-21T23:53:01Z", "sog": 7.6, "cog": 72.7, "heading": 511, "status": "Under maskin"}}, {"type": "Feature", "geometry": {"type": "Point", "coordinates": [7.095123, 62.996311]}, "properties": {"time": "2025-10-21T23:53:32Z", "sog": 7.5, "cog": 78.9, "heading": 511, "status": "Under maskin"}}, {"type": "Feature", "geometry": {"type": "Point", "coordinates": [7.095123, 62.996311]}, "properties": {"time": "2025-10-21T23:53:32Z", "sog": 7.5, "cog": 78.9, "heading": 511, "status": "Under maskin"}}, {"type": "Feature", "geometry": {"type": "Point", "coordinates": [7.097108, 62.996635]}, "properties": {"time": "2025-10-21T23:54:01Z", "sog": 7.8, "cog": 59.1, "heading": 511, "status": "Under maskin"}}, {"type": "Feature", "geometry": {"type": "Point", "coordinates": [7.097108, 62.996635]}, "properties": {"time": "2025-10-21T23:54:01Z", "sog": 7.8, "cog": 59.1, "heading": 511, "status": "Under maskin"}}, {"type": "Feature", "geometry": {"type": "Point", "coordinates": [7.099393, 62.997009]}, "properties": {"time": "2025-10-21T23:54:32Z", "sog": 7.8, "cog": 67.3, "heading": 511, "status": "Under maskin"}}, {"type": "Feature", "geometry": {"type": "Point", "coordinates": [7.099393, 62.997009]}, "properties": {"time": "2025-10-21T23:54:32Z", "sog": 7.8, "cog": 67.3, "heading": 511, "status": "Under maskin"}}, {"type": "Feature", "geometry": {"type": "Point", "coordinates": [7.101495, 62.997356]}, "properties": {"time": "2025-10-21T23:55:01Z", "sog": 7.7, "cog": 76.2, "heading": 511, "status": "Under maskin"}}, {"type": "Feature", "geometry": {"type": "Point", "coordinates": [7.101495, 62.997356]}, "properties": {"time": "2025-10-21T23:55:01Z", "sog": 7.7, "cog": 76.2, "heading": 511, "status": "Under maskin"}}, {"type": "Feature", "geometry": {"type": "Point", "coordinates": [7.10372, 62.997753]}, "properties": {"time": "2025-10-21T23:55:32Z", "sog": 7.2, "cog": 64.9, "heading": 511, "status": "Under maskin"}}, {"type": "Feature", "geometry": {"type": "Point", "coordinates": [7.10372, 62.997753]}, "properties": {"time": "2025-10-21T23:55:32Z", "sog": 7.2, "cog": 64.9, "heading": 511, "status": "Under maskin"}}, {"type": "Feature", "geometry": {"type": "Point", "coordinates": [7.1058, 62.998127]}, "properties": {"time": "2025-10-21T23:56:01Z", "sog": 7.4, "cog": 59.9, "heading": 511, "status": "Under maskin"}}, {"type": "Feature", "geometry": {"type": "Point", "coordinates": [7.1058, 62.998127]}, "properties": {"time": "2025-10-21T23:56:01Z", "sog": 7.4, "cog": 59.9, "heading": 511, "status": "Under maskin"}}, {"type": "Feature", "geometry": {"type": "Point", "coordinates": [7.108048, 62.998573]}, "properties": {"time": "2025-10-21T23:56:33Z", "sog": 8.5, "cog": 55.7, "heading": 511, "status": "Under maskin"}}, {"type": "Feature", "geometry": {"type": "Point", "coordinates": [7.108048, 62.998573]}, "properties": {"time": "2025-10-21T23:56:33Z", "sog": 8.5, "cog": 55.7, "heading": 511, "status": "Under maskin"}}, {"type": "Feature", "geometry": {"type": "Point", "coordinates": [7.110003, 62.99897]}, "properties": {"time": "2025-10-21T23:57:01Z", "sog": 7.3, "cog": 58.5, "heading": 511, "status": "Under maskin"}}, {"type": "Feature", "geometry": {"type": "Point", "coordinates": [7.110003, 62.99897]}, "properties": {"time": "2025-10-21T23:57:01Z", "sog": 7.3, "cog": 58.5, "heading": 511, "status": "Under maskin"}}, {"type": "Feature", "geometry": {"type": "Point", "coordinates": [7.112233, 62.999405]}, "properties": {"time": "2025-10-21T23:57:33Z", "sog": 7.3, "cog": 68.5, "heading": 511, "status": "Under maskin"}}, {"type": "Feature", "geometry": {"type": "Point", "coordinates": [7.112233, 62.999405]}, "properties": {"time": "2025-10-21T23:57:33Z", "sog": 7.3, "cog": 68.5, "heading": 511, "status": "Under maskin"}}, {"type": "Feature", "geometry": {"type": "Point", "coordinates": [7.11417, 62.999798]}, "properties": {"time": "2025-10-21T23:58:01Z", "sog": 7.6, "cog": 69.0, "heading": 511, "status": "Under maskin"}}, {"type": "Feature", "geometry": {"type": "Point", "coordinates": [7.11417, 62.999798]}, "properties": {"time": "2025-10-21T23:58:01Z", "sog": 7.6, "cog": 69.0, "heading": 511, "status": "Under maskin"}}, {"type": "Feature", "geometry": {"type": "Point", "coordinates": [7.116358, 63.000263]}, "properties": {"time": "2025-10-21T23:58:33Z", "sog": 7.5, "cog": 51.2, "heading": 511, "status": "Under maskin"}}, {"type": "Feature", "geometry": {"type": "Point", "coordinates": [7.116358, 63.000263]}, "properties": {"time": "2025-10-21T23:58:33Z", "sog": 7.5, "cog": 51.2, "heading": 511, "status": "Under maskin"}}, {"type": "Feature", "geometry": {"type": "Point", "coordinates": [7.118272, 63.000694]}, "properties": {"time": "2025-10-21T23:59:01Z", "sog": 6.8, "cog": 63.6, "heading": 511, "status": "Under maskin"}}, {"type": "Feature", "geometry": {"type": "Point", "coordinates": [7.118272, 63.000694]}, "properties": {"time": "2025-10-21T23:59:01Z", "sog": 6.8, "cog": 63.6, "heading": 511, "status": "Under maskin"}}, {"type": "Feature", "geometry": {"type": "Point", "coordinates": [7.120481, 63.001171]}, "properties": {"time": "2025-10-21T23:59:33Z", "sog": 7.5, "cog": 63.6, "heading": 511, "status": "Under maskin"}}, {"type": "Feature", "geometry": {"type": "Point", "coordinates": [7.120481, 63.001171]}, "properties": {"time": "2025-10-21T23:59:33Z", "sog": 7.5, "cog": 63.6, "heading": 511, "status": "Under maskin"}}, {"type": "Feature", "geometry": {"type": "Point", "coordinates": [7.147878, 63.00679]}, "properties": {"time": "2025-10-22T00:06:02Z", "sog": 8.0, "cog": 59.6, "heading": 511, "status": "Under maskin"}}, {"type": "Feature", "geometry": {"type": "Point", "coordinates": [7.149933, 63.007187]}, "properties": {"time": "2025-10-22T00:06:31Z", "sog": 7.8, "cog": 76.7, "heading": 511, "status": "Under maskin"}}, {"type": "Feature", "geometry": {"type": "Point", "coordinates": [7.152197, 63.007622]}, "properties": {"time": "2025-10-22T00:07:02Z", "sog": 7.6, "cog": 67.1, "heading": 511, "status": "Under maskin"}}, {"type": "Feature", "geometry": {"type": "Point", "coordinates": [7.154213, 63.00798]}, "properties": {"time": "2025-10-22T00:07:31Z", "sog": 7.5, "cog": 75.8, "heading": 511, "status": "Under maskin"}}, {"type": "Feature", "geometry": {"type": "Point", "coordinates": [7.156435, 63.008335]}, "properties": {"time": "2025-10-22T00:08:02Z", "sog": 7.4, "cog": 71.7, "heading": 511, "status": "Under maskin"}}, {"type": "Feature", "geometry": {"type": "Point", "coordinates": [7.1584, 63.008728]}, "properties": {"time": "2025-10-22T00:08:30Z", "sog": 7.6, "cog": 69.2, "heading": 511, "status": "Under maskin"}}, {"type": "Feature", "geometry": {"type": "Point", "coordinates": [7.160785, 63.009102]}, "properties": {"time": "2025-10-22T00:09:02Z", "sog": 7.4, "cog": 72.4, "heading": 511, "status": "Under maskin"}}, {"type": "Feature", "geometry": {"type": "Point", "coordinates": [7.162682, 63.009434]}, "properties": {"time": "2025-10-22T00:09:30Z", "sog": 7.6, "cog": 67.9, "heading": 511, "status": "Under maskin"}}, {"type": "Feature", "geometry": {"type": "Point", "coordinates": [7.16496, 63.009815]}, "properties": {"time": "2025-10-22T00:10:02Z", "sog": 7.5, "cog": 71.9, "heading": 511, "status": "Under maskin"}}, {"type": "Feature", "geometry": {"type": "Point", "coordinates": [7.167006, 63.010094]}, "properties": {"time": "2025-10-22T00:10:30Z", "sog": 7.7, "cog": 70.6, "heading": 511, "status": "Under maskin"}}, {"type": "Feature", "geometry": {"type": "Point", "coordinates": [7.169362, 63.010414]}, "properties": {"time": "2025-10-22T00:11:02Z", "sog": 7.5, "cog": 70.5, "heading": 511, "status": "Under maskin"}}, {"type": "Feature", "geometry": {"type": "Point", "coordinates": [7.17133, 63.010643]}, "properties": {"time": "2025-10-22T00:11:30Z", "sog": 7.7, "cog": 81.2, "heading": 511, "status": "Under maskin"}}, {"type": "Feature", "geometry": {"type": "Point", "coordinates": [7.173543, 63.010887]}, "properties": {"time": "2025-10-22T00:11:59Z", "sog": 7.5, "cog": 71.5, "heading": 511, "status": "Under maskin"}}, {"type": "Feature", "geometry": {"type": "Point", "coordinates": [7.17576, 63.011147]}, "properties": {"time": "2025-10-22T00:12:30Z", "sog": 8.2, "cog": 77.7, "heading": 511, "status": "Under maskin"}}, {"type": "Feature", "geometry": {"type": "Point", "coordinates": [7.17791, 63.011398]}, "properties": {"time": "2025-10-22T00:12:59Z", "sog": 7.4, "cog": 78.0, "heading": 511, "status": "Under maskin"}}, {"type": "Feature", "geometry": {"type": "Point", "coordinates": [7.18024, 63.011631]}, "properties": {"time": "2025-10-22T00:13:30Z", "sog": 7.4, "cog": 80.0, "heading": 511, "status": "Under maskin"}}, {"type": "Feature", "geometry": {"type": "Point", "coordinates": [7.182465, 63.011845]}, "properties": {"time": "2025-10-22T00:13:59Z", "sog": 7.4, "cog": 78.9, "heading": 511, "status": "Under maskin"}}, {"type": "Feature", "geometry": {"type": "Point", "coordinates": [7.184864, 63.012081]}, "properties": {"time": "2025-10-22T00:14:32Z", "sog": 7.9, "cog": 76.8, "heading": 511, "status": "Under maskin"}}, {"type": "Feature", "geometry": {"type": "Point", "coordinates": [7.186964, 63.012295]}, "properties": {"time": "2025-10-22T00:14:59Z", "sog": 7.8, "cog": 75.0, "heading": 511, "status": "Under maskin"}}, {"type": "Feature", "geometry": {"type": "Point", "coordinates": [7.189378, 63.012527]}, "properties": {"time": "2025-10-22T00:15:32Z", "sog": 7.5, "cog": 76.7, "heading": 511, "status": "Under maskin"}}, {"type": "Feature", "geometry": {"type": "Point", "coordinates": [7.191467, 63.012737]}, "properties": {"time": "2025-10-22T00:15:59Z", "sog": 7.4, "cog": 68.0, "heading": 511, "status": "Under maskin"}}, {"type": "Feature", "geometry": {"type": "Point", "coordinates": [7.193865, 63.012974]}, "properties": {"time": "2025-10-22T00:16:32Z", "sog": 7.8, "cog": 78.6, "heading": 511, "status": "Under maskin"}}, {"type": "Feature", "geometry": {"type": "Point", "coordinates": [7.19605, 63.013191]}, "properties": {"time": "2025-10-22T00:17:00Z", "sog": 7.7, "cog": 69.5, "heading": 511, "status": "Under maskin"}}, {"type": "Feature", "geometry": {"type": "Point", "coordinates": [7.198369, 63.013432]}, "properties": {"time": "2025-10-22T00:17:32Z", "sog": 7.7, "cog": 74.7, "heading": 511, "status": "Under maskin"}}, {"type": "Feature", "geometry": {"type": "Point", "coordinates": [7.200452, 63.013657]}, "properties": {"time": "2025-10-22T00:18:00Z", "sog": 7.6, "cog": 89.4, "heading": 511, "status": "Under maskin"}}, {"type": "Feature", "geometry": {"type": "Point", "coordinates": [7.202835, 63.013901]}, "properties": {"time": "2025-10-22T00:18:32Z", "sog": 8.0, "cog": 71.1, "heading": 511, "status": "Under maskin"}}, {"type": "Feature", "geometry": {"type": "Point", "coordinates": [7.205017, 63.014118]}, "properties": {"time": "2025-10-22T00:19:00Z", "sog": 7.8, "cog": 73.6, "heading": 511, "status": "Under maskin"}}, {"type": "Feature", "geometry": {"type": "Point", "coordinates": [7.207428, 63.014374]}, "properties": {"time": "2025-10-22T00:19:32Z", "sog": 8.2, "cog": 79.0, "heading": 511, "status": "Under maskin"}}, {"type": "Feature", "geometry": {"type": "Point", "coordinates": [7.209448, 63.014595]}, "properties": {"time": "2025-10-22T00:20:00Z", "sog": 7.6, "cog": 75.2, "heading": 511, "status": "Under maskin"}}, {"type": "Feature", "geometry": {"type": "Point", "coordinates": [7.211788, 63.014839]}, "properties": {"time": "2025-10-22T00:20:31Z", "sog": 7.5, "cog": 81.0, "heading": 511, "status": "Under maskin"}}, {"type": "Feature", "geometry": {"type": "Point", "coordinates": [7.214052, 63.015099]}, "properties": {"time": "2025-10-22T00:21:00Z", "sog": 6.9, "cog": 74.5, "heading": 511, "status": "Under maskin"}}, {"type": "Feature", "geometry": {"type": "Point", "coordinates": [7.216279, 63.015343]}, "properties": {"time": "2025-10-22T00:21:31Z", "sog": 6.9, "cog": 69.3, "heading": 511, "status": "Under maskin"}}, {"type": "Feature", "geometry": {"type": "Point", "coordinates": [7.21844, 63.015556]}, "properties": {"time": "2025-10-22T00:22:00Z", "sog": 7.4, "cog": 82.3, "heading": 511, "status": "Under maskin"}}, {"type": "Feature", "geometry": {"type": "Point", "coordinates": [7.220823, 63.015732]}, "properties": {"time": "2025-10-22T00:22:31Z", "sog": 7.8, "cog": 79.6, "heading": 511, "status": "Under maskin"}}, {"type": "Feature", "geometry": {"type": "Point", "coordinates": [7.22313, 63.015919]}, "properties": {"time": "2025-10-22T00:23:00Z", "sog": 7.2, "cog": 83.3, "heading": 511, "status": "Under maskin"}}, {"type": "Feature", "geometry": {"type": "Point", "coordinates": [7.225492, 63.016106]}, "properties": {"time": "2025-10-22T00:23:31Z", "sog": 7.9, "cog": 80.0, "heading": 511, "status": "Under maskin"}}, {"type": "Feature", "geometry": {"type": "Point", "coordinates": [7.227654, 63.016258]}, "properties": {"time": "2025-10-22T00:24:00Z", "sog": 7.9, "cog": 83.6, "heading": 511, "status": "Under maskin"}}, {"type": "Feature", "geometry": {"type": "Point", "coordinates": [7.230053, 63.01643]}, "properties": {"time": "2025-10-22T00:24:31Z", "sog": 7.2, "cog": 82.6, "heading": 511, "status": "Under maskin"}}, {"type": "Feature", "geometry": {"type": "Point", "coordinates": [7.232468, 63.016605]}, "properties": {"time": "2025-10-22T00:25:01Z", "sog": 7.7, "cog": 81.1, "heading": 511, "status": "Under maskin"}}, {"type": "Feature", "geometry": {"type": "Point", "coordinates": [7.23479, 63.016762]}, "properties": {"time": "2025-10-22T00:25:31Z", "sog": 7.7, "cog": 78.0, "heading": 511, "status": "Under maskin"}}, {"type": "Feature", "geometry": {"type": "Point", "coordinates": [7.237037, 63.016922]}, "properties": {"time": "2025-10-22T00:26:01Z", "sog": 7.6, "cog": 77.6, "heading": 511, "status": "Under maskin"}}, {"type": "Feature", "geometry": {"type": "Point", "coordinates": [7.239382, 63.017082]}, "properties": {"time": "2025-10-22T00:26:31Z", "sog": 7.5, "cog": 80.6, "heading": 511, "status": "Under maskin"}}, {"type": "Feature", "geometry": {"type": "Point", "coordinates": [7.241742, 63.017254]}, "properties": {"time": "2025-10-22T00:27:01Z", "sog": 7.1, "cog": 82.4, "heading": 511, "status": "Under maskin"}}, {"type": "Feature", "geometry": {"type": "Point", "coordinates": [7.24407, 63.017418]}, "properties": {"time": "2025-10-22T00:27:31Z", "sog": 7.9, "cog": 84.6, "heading": 511, "status": "Under maskin"}}, {"type": "Feature", "geometry": {"type": "Point", "coordinates": [7.246225, 63.017647]}, "properties": {"time": "2025-10-22T00:28:01Z", "sog": 7.1, "cog": 58.2, "heading": 511, "status": "Under maskin"}}, {"type": "Feature", "geometry": {"type": "Point", "coordinates": [7.248105, 63.018269]}, "properties": {"time": "2025-10-22T00:28:31Z", "sog": 6.4, "cog": 49.1, "heading": 511, "status": "Under maskin"}}, {"type": "Feature", "geometry": {"type": "Point", "coordinates": [7.249965, 63.018955]}, "properties": {"time": "2025-10-22T00:29:01Z", "sog": 7.7, "cog": 49.5, "heading": 511, "status": "Under maskin"}}, {"type": "Feature", "geometry": {"type": "Point", "coordinates": [7.251783, 63.019615]}, "properties": {"time": "2025-10-22T00:29:31Z", "sog": 7.3, "cog": 44.2, "heading": 511, "status": "Under maskin"}}, {"type": "Feature", "geometry": {"type": "Point", "coordinates": [7.253783, 63.020325]}, "properties": {"time": "2025-10-22T00:30:03Z", "sog": 8.3, "cog": 50.2, "heading": 511, "status": "Under maskin"}}, {"type": "Feature", "geometry": {"type": "Point", "coordinates": [7.255383, 63.020908]}, "properties": {"time": "2025-10-22T00:30:30Z", "sog": 7.9, "cog": 51.8, "heading": 511, "status": "Under maskin"}}, {"type": "Feature", "geometry": {"type": "Point", "coordinates": [7.257425, 63.021622]}, "properties": {"time": "2025-10-22T00:31:03Z", "sog": 7.6, "cog": 56.9, "heading": 511, "status": "Under maskin"}}, {"type": "Feature", "geometry": {"type": "Point", "coordinates": [7.259138, 63.022247]}, "properties": {"time": "2025-10-22T00:31:30Z", "sog": 7.4, "cog": 53.9, "heading": 511, "status": "Under maskin"}}, {"type": "Feature", "geometry": {"type": "Point", "coordinates": [7.261092, 63.022949]}, "properties": {"time": "2025-10-22T00:32:03Z", "sog": 6.9, "cog": 59.0, "heading": 511, "status": "Under maskin"}}, {"type": "Feature", "geometry": {"type": "Point", "coordinates": [7.26274, 63.023525]}, "properties": {"time": "2025-10-22T00:32:30Z", "sog": 7.4, "cog": 55.1, "heading": 511, "status": "Under maskin"}}, {"type": "Feature", "geometry": {"type": "Point", "coordinates": [7.26477, 63.024227]}, "properties": {"time": "2025-10-22T00:33:03Z", "sog": 7.8, "cog": 44.2, "heading": 511, "status": "Under maskin"}}, {"type": "Feature", "geometry": {"type": "Point", "coordinates": [7.266425, 63.024815]}, "properties": {"time": "2025-10-22T00:33:30Z", "sog": 7.7, "cog": 54.0, "heading": 511, "status": "Under maskin"}}, {"type": "Feature", "geometry": {"type": "Point", "coordinates": [7.268378, 63.025482]}, "properties": {"time": "2025-10-22T00:34:03Z", "sog": 7.4, "cog": 48.4, "heading": 511, "status": "Under maskin"}}, {"type": "Feature", "geometry": {"type": "Point", "coordinates": [7.270015, 63.026058]}, "properties": {"time": "2025-10-22T00:34:30Z", "sog": 7.4, "cog": 59.1, "heading": 511, "status": "Under maskin"}}, {"type": "Feature", "geometry": {"type": "Point", "coordinates": [7.271885, 63.026718]}, "properties": {"time": "2025-10-22T00:35:01Z", "sog": 7.6, "cog": 58.5, "heading": 511, "status": "Under maskin"}}, {"type": "Feature", "geometry": {"type": "Point", "coordinates": [7.273708, 63.027363]}, "properties": {"time": "2025-10-22T00:35:30Z", "sog": 7.4, "cog": 54.5, "heading": 511, "status": "Under maskin"}}, {"type": "Feature", "geometry": {"type": "Point", "coordinates": [7.275595, 63.028023]}, "properties": {"time": "2025-10-22T00:36:01Z", "sog": 8.2, "cog": 51.5, "heading": 511, "status": "Under maskin"}}, {"type": "Feature", "geometry": {"type": "Point", "coordinates": [7.277277, 63.028622]}, "properties": {"time": "2025-10-22T00:36:30Z", "sog": 8.3, "cog": 53.8, "heading": 511, "status": "Under maskin"}}, {"type": "Feature", "geometry": {"type": "Point", "coordinates": [7.279161, 63.029274]}, "properties": {"time": "2025-10-22T00:37:01Z", "sog": 7.9, "cog": 56.3, "heading": 511, "status": "Under maskin"}}, {"type": "Feature", "geometry": {"type": "Point", "coordinates": [7.281022, 63.0299]}, "properties": {"time": "2025-10-22T00:37:30Z", "sog": 8.0, "cog": 59.4, "heading": 511, "status": "Under maskin"}}, {"type": "Feature", "geometry": {"type": "Point", "coordinates": [7.282928, 63.030571]}, "properties": {"time": "2025-10-22T00:38:01Z", "sog": 7.7, "cog": 55.2, "heading": 511, "status": "Under maskin"}}, {"type": "Feature", "geometry": {"type": "Point", "coordinates": [7.284842, 63.031246]}, "properties": {"time": "2025-10-22T00:38:32Z", "sog": 7.9, "cog": 55.6, "heading": 511, "status": "Under maskin"}}, {"type": "Feature", "geometry": {"type": "Point", "coordinates": [7.286563, 63.03186]}, "properties": {"time": "2025-10-22T00:39:01Z", "sog": 7.4, "cog": 56.5, "heading": 511, "status": "Under maskin"}}, {"type": "Feature", "geometry": {"type": "Point", "coordinates": [7.288453, 63.032528]}, "properties": {"time": "2025-10-22T00:39:32Z", "sog": 7.2, "cog": 44.2, "heading": 511, "status": "Under maskin"}}, {"type": "Feature", "geometry": {"type": "Point", "coordinates": [7.290297, 63.033173]}, "properties": {"time": "2025-10-22T00:40:01Z", "sog": 8.0, "cog": 54.8, "heading": 511, "status": "Under maskin"}}, {"type": "Feature", "geometry": {"type": "Point", "coordinates": [7.29218, 63.033825]}, "properties": {"time": "2025-10-22T00:40:32Z", "sog": 8.2, "cog": 43.4, "heading": 511, "status": "Under maskin"}}, {"type": "Feature", "geometry": {"type": "Point", "coordinates": [7.293898, 63.034416]}, "properties": {"time": "2025-10-22T00:41:01Z", "sog": 8.0, "cog": 53.5, "heading": 511, "status": "Under maskin"}}, {"type": "Feature", "geometry": {"type": "Point", "coordinates": [7.295828, 63.03508]}, "properties": {"time": "2025-10-22T00:41:32Z", "sog": 7.9, "cog": 55.4, "heading": 511, "status": "Under maskin"}}, {"type": "Feature", "geometry": {"type": "Point", "coordinates": [7.297645, 63.035702]}, "properties": {"time": "2025-10-22T00:42:00Z", "sog": 8.6, "cog": 53.9, "heading": 511, "status": "Under maskin"}}, {"type": "Feature", "geometry": {"type": "Point", "coordinates": [7.299705, 63.036308]}, "properties": {"time": "2025-10-22T00:42:32Z", "sog": 7.7, "cog": 64.0, "heading": 511, "status": "Under maskin"}}, {"type": "Feature", "geometry": {"type": "Point", "coordinates": [7.301385, 63.036877]}, "properties": {"time": "2025-10-22T00:43:00Z", "sog": 8.5, "cog": 56.6, "heading": 511, "status": "Under maskin"}}, {"type": "Feature", "geometry": {"type": "Point", "coordinates": [7.30344, 63.037514]}, "properties": {"time": "2025-10-22T00:43:32Z", "sog": 8.6, "cog": 52.8, "heading": 511, "status": "Under maskin"}}, {"type": "Feature", "geometry": {"type": "Point", "coordinates": [7.305373, 63.038044]}, "properties": {"time": "2025-10-22T00:44:00Z", "sog": 7.7, "cog": 59.8, "heading": 511, "status": "Under maskin"}}, {"type": "Feature", "geometry": {"type": "Point", "coordinates": [7.307332, 63.03854]}, "properties": {"time": "2025-10-22T00:44:29Z", "sog": 7.3, "cog": 66.5, "heading": 511, "status": "Under maskin"}}, {"type": "Feature", "geometry": {"type": "Point", "coordinates": [7.309403, 63.039055]}, "properties": {"time": "2025-10-22T00:45:00Z", "sog": 7.5, "cog": 65.4, "heading": 511, "status": "Under maskin"}}, {"type": "Feature", "geometry": {"type": "Point", "coordinates": [7.311375, 63.039539]}, "properties": {"time": "2025-10-22T00:45:29Z", "sog": 7.6, "cog": 61.8, "heading": 511, "status": "Under maskin"}}, {"type": "Feature", "geometry": {"type": "Point", "coordinates": [7.313557, 63.040081]}, "properties": {"time": "2025-10-22T00:46:00Z", "sog": 8.6, "cog": 66.5, "heading": 511, "status": "Under maskin"}}, {"type": "Feature", "geometry": {"type": "Point", "coordinates": [7.315547, 63.040585]}, "properties": {"time": "2025-10-22T00:46:29Z", "sog": 7.1, "cog": 51.7, "heading": 511, "status": "Under maskin"}}, {"type": "Feature", "geometry": {"type": "Point", "coordinates": [7.31765, 63.0411]}, "properties": {"time": "2025-10-22T00:47:00Z", "sog": 7.6, "cog": 65.2, "heading": 511, "status": "Under maskin"}}, {"type": "Feature", "geometry": {"type": "Point", "coordinates": [7.31954, 63.041565]}, "properties": {"time": "2025-10-22T00:47:29Z", "sog": 7.3, "cog": 69.8, "heading": 511, "status": "Under maskin"}}, {"type": "Feature", "geometry": {"type": "Point", "coordinates": [7.321585, 63.04208]}, "properties": {"time": "2025-10-22T00:47:59Z", "sog": 7.7, "cog": 60.4, "heading": 511, "status": "Under maskin"}}, {"type": "Feature", "geometry": {"type": "Point", "coordinates": [7.323593, 63.042568]}, "properties": {"time": "2025-10-22T00:48:29Z", "sog": 7.6, "cog": 62.3, "heading": 511, "status": "Under maskin"}}, {"type": "Feature", "geometry": {"type": "Point", "coordinates": [7.325627, 63.043076]}, "properties": {"time": "2025-10-22T00:48:59Z", "sog": 7.2, "cog": 63.7, "heading": 511, "status": "Under maskin"}}, {"type": "Feature", "geometry": {"type": "Point", "coordinates": [7.327647, 63.043545]}, "properties": {"time": "2025-10-22T00:49:29Z", "sog": 7.1, "cog": 65.7, "heading": 511, "status": "Under maskin"}}, {"type": "Feature", "geometry": {"type": "Point", "coordinates": [7.329683, 63.043911]}, "properties": {"time": "2025-10-22T00:49:59Z", "sog": 7.1, "cog": 60.3, "heading": 511, "status": "Under maskin"}}, {"type": "Feature", "geometry": {"type": "Point", "coordinates": [7.331793, 63.044289]}, "properties": {"time": "2025-10-22T00:50:29Z", "sog": 7.1, "cog": 62.7, "heading": 511, "status": "Under maskin"}}, {"type": "Feature", "geometry": {"type": "Point", "coordinates": [7.333883, 63.044674]}, "properties": {"time": "2025-10-22T00:50:59Z", "sog": 7.8, "cog": 60.3, "heading": 511, "status": "Under maskin"}}, {"type": "Feature", "geometry": {"type": "Point", "coordinates": [7.336075, 63.045074]}, "properties": {"time": "2025-10-22T00:51:29Z", "sog": 8.0, "cog": 60.7, "heading": 511, "status": "Under maskin"}}, {"type": "Feature", "geometry": {"type": "Point", "coordinates": [7.338285, 63.045486]}, "properties": {"time": "2025-10-22T00:52:02Z", "sog": 7.1, "cog": 59.7, "heading": 511, "status": "Under maskin"}}, {"type": "Feature", "geometry": {"type": "Point", "coordinates": [7.340117, 63.04583]}, "properties": {"time": "2025-10-22T00:52:29Z", "sog": 7.1, "cog": 65.9, "heading": 511, "status": "Under maskin"}}, {"type": "Feature", "geometry": {"type": "Point", "coordinates": [7.342407, 63.04623]}, "properties": {"time": "2025-10-22T00:53:02Z", "sog": 8.2, "cog": 72.3, "heading": 511, "status": "Under maskin"}}, {"type": "Feature", "geometry": {"type": "Point", "coordinates": [7.3444, 63.04657]}, "properties": {"time": "2025-10-22T00:53:29Z", "sog": 7.4, "cog": 65.2, "heading": 511, "status": "Under maskin"}}, {"type": "Feature", "geometry": {"type": "Point", "coordinates": [7.346692, 63.046947]}, "properties": {"time": "2025-10-22T00:54:02Z", "sog": 7.0, "cog": 74.6, "heading": 511, "status": "Under maskin"}}, {"type": "Feature", "geometry": {"type": "Point", "coordinates": [7.348695, 63.047283]}, "properties": {"time": "2025-10-22T00:54:29Z", "sog": 7.6, "cog": 81.6, "heading": 511, "status": "Under maskin"}}, {"type": "Feature", "geometry": {"type": "Point", "coordinates": [7.351062, 63.04768]}, "properties": {"time": "2025-10-22T00:55:02Z", "sog": 7.6, "cog": 68.9, "heading": 511, "status": "Under maskin"}}, {"type": "Feature", "geometry": {"type": "Point", "coordinates": [7.352921, 63.048]}, "properties": {"time": "2025-10-22T00:55:29Z", "sog": 7.2, "cog": 67.8, "heading": 511, "status": "Under maskin"}}, {"type": "Feature", "geometry": {"type": "Point", "coordinates": [7.35531, 63.048389]}, "properties": {"time": "2025-10-22T00:56:01Z", "sog": 7.2, "cog": 71.2, "heading": 511, "status": "Under maskin"}}, {"type": "Feature", "geometry": {"type": "Point", "coordinates": [7.357303, 63.048737]}, "properties": {"time": "2025-10-22T00:56:29Z", "sog": 7.6, "cog": 67.6, "heading": 511, "status": "Under maskin"}}, {"type": "Feature", "geometry": {"type": "Point", "coordinates": [7.359565, 63.049137]}, "properties": {"time": "2025-10-22T00:57:01Z", "sog": 7.4, "cog": 74.4, "heading": 511, "status": "Under maskin"}}, {"type": "Feature", "geometry": {"type": "Point", "coordinates": [7.361522, 63.04945]}, "properties": {"time": "2025-10-22T00:57:29Z", "sog": 7.4, "cog": 65.7, "heading": 511, "status": "Under maskin"}}, {"type": "Feature", "geometry": {"type": "Point", "coordinates": [7.363837, 63.049835]}, "properties": {"time": "2025-10-22T00:58:01Z", "sog": 7.6, "cog": 65.8, "heading": 511, "status": "Under maskin"}}, {"type": "Feature", "geometry": {"type": "Point", "coordinates": [7.365932, 63.050194]}, "properties": {"time": "2025-10-22T00:58:30Z", "sog": 7.4, "cog": 66.5, "heading": 511, "status": "Under maskin"}}, {"type": "Feature", "geometry": {"type": "Point", "coordinates": [7.368303, 63.050503]}, "properties": {"time": "2025-10-22T00:59:01Z", "sog": 8.0, "cog": 77.4, "heading": 511, "status": "Under maskin"}}, {"type": "Feature", "geometry": {"type": "Point", "coordinates": [7.37049, 63.05072]}, "properties": {"time": "2025-10-22T00:59:30Z", "sog": 7.8, "cog": 83.8, "heading": 511, "status": "Under maskin"}}, {"type": "Feature", "geometry": {"type": "Point", "coordinates": [7.372892, 63.050972]}, "properties": {"time": "2025-10-22T01:00:02Z", "sog": 8.0, "cog": 83.3, "heading": 511, "status": "Under maskin"}}, {"type": "Feature", "geometry": {"type": "Point", "coordinates": [7.374927, 63.051208]}, "properties": {"time": "2025-10-22T01:00:30Z", "sog": 7.8, "cog": 71.4, "heading": 511, "status": "Under maskin"}}, {"type": "Feature", "geometry": {"type": "Point", "coordinates": [7.377248, 63.051563]}, "properties": {"time": "2025-10-22T01:01:02Z", "sog": 6.8, "cog": 69.3, "heading": 511, "status": "Under maskin"}}, {"type": "Feature", "geometry": {"type": "Point", "coordinates": [7.37925, 63.051842]}, "properties": {"time": "2025-10-22T01:01:30Z", "sog": 7.7, "cog": 74.9, "heading": 511, "status": "Under maskin"}}, {"type": "Feature", "geometry": {"type": "Point", "coordinates": [7.381587, 63.052086]}, "properties": {"time": "2025-10-22T01:02:02Z", "sog": 6.9, "cog": 86.6, "heading": 511, "status": "Under maskin"}}, {"type": "Feature", "geometry": {"type": "Point", "coordinates": [7.383673, 63.052155]}, "properties": {"time": "2025-10-22T01:02:30Z", "sog": 7.8, "cog": 86.5, "heading": 511, "status": "Under maskin"}}, {"type": "Feature", "geometry": {"type": "Point", "coordinates": [7.38608, 63.052204]}, "properties": {"time": "2025-10-22T01:03:02Z", "sog": 7.5, "cog": 87.5, "heading": 511, "status": "Under maskin"}}, {"type": "Feature", "geometry": {"type": "Point", "coordinates": [7.388363, 63.052265]}, "properties": {"time": "2025-10-22T01:03:32Z", "sog": 7.6, "cog": 87.9, "heading": 511, "status": "Under maskin"}}, {"type": "Feature", "geometry": {"type": "Point", "coordinates": [7.390625, 63.052311]}, "properties": {"time": "2025-10-22T01:04:02Z", "sog": 7.4, "cog": 88.0, "heading": 511, "status": "Under maskin"}}, {"type": "Feature", "geometry": {"type": "Point", "coordinates": [7.392892, 63.052357]}, "properties": {"time": "2025-10-22T01:04:32Z", "sog": 7.2, "cog": 84.5, "heading": 511, "status": "Under maskin"}}, {"type": "Feature", "geometry": {"type": "Point", "coordinates": [7.39523, 63.052399]}, "properties": {"time": "2025-10-22T01:05:02Z", "sog": 7.5, "cog": 92.4, "heading": 511, "status": "Under maskin"}}, {"type": "Feature", "geometry": {"type": "Point", "coordinates": [7.397429, 63.052464]}, "properties": {"time": "2025-10-22T01:05:32Z", "sog": 7.7, "cog": 87.7, "heading": 511, "status": "Under maskin"}}, {"type": "Feature", "geometry": {"type": "Point", "coordinates": [7.39953, 63.052525]}, "properties": {"time": "2025-10-22T01:06:00Z", "sog": 7.3, "cog": 88.7, "heading": 511, "status": "Under maskin"}}, {"type": "Feature", "geometry": {"type": "Point", "coordinates": [7.40193, 63.052544]}, "properties": {"time": "2025-10-22T01:06:32Z", "sog": 7.5, "cog": 91.7, "heading": 511, "status": "Under maskin"}}, {"type": "Feature", "geometry": {"type": "Point", "coordinates": [7.404035, 63.052536]}, "properties": {"time": "2025-10-22T01:07:00Z", "sog": 7.3, "cog": 92.2, "heading": 511, "status": "Under maskin"}}, {"type": "Feature", "geometry": {"type": "Point", "coordinates": [7.40655, 63.052528]}, "properties": {"time": "2025-10-22T01:07:32Z", "sog": 7.7, "cog": 85.2, "heading": 511, "status": "Under maskin"}}, {"type": "Feature", "geometry": {"type": "Point", "coordinates": [7.408597, 63.05257]}, "properties": {"time": "2025-10-22T01:08:00Z", "sog": 7.4, "cog": 86.7, "heading": 511, "status": "Under maskin"}}, {"type": "Feature", "geometry": {"type": "Point", "coordinates": [7.411026, 63.052624]}, "properties": {"time": "2025-10-22T01:08:32Z", "sog": 7.4, "cog": 86.1, "heading": 511, "status": "Under maskin"}}, {"type": "Feature", "geometry": {"type": "Point", "coordinates": [7.413145, 63.052685]}, "properties": {"time": "2025-10-22T01:09:00Z", "sog": 7.5, "cog": 88.4, "heading": 511, "status": "Under maskin"}}, {"type": "Feature", "geometry": {"type": "Point", "coordinates": [7.415572, 63.052727]}, "properties": {"time": "2025-10-22T01:09:32Z", "sog": 7.4, "cog": 84.9, "heading": 511, "status": "Under maskin"}}, {"type": "Feature", "geometry": {"type": "Point", "coordinates": [7.417922, 63.052769]}, "properties": {"time": "2025-10-22T01:10:02Z", "sog": 7.3, "cog": 87.0, "heading": 511, "status": "Under maskin"}}, {"type": "Feature", "geometry": {"type": "Point", "coordinates": [7.42013, 63.052818]}, "properties": {"time": "2025-10-22T01:10:32Z", "sog": 7.5, "cog": 86.7, "heading": 511, "status": "Under maskin"}}, {"type": "Feature", "geometry": {"type": "Point", "coordinates": [7.422417, 63.052856]}, "properties": {"time": "2025-10-22T01:11:02Z", "sog": 7.4, "cog": 88.3, "heading": 511, "status": "Under maskin"}}, {"type": "Feature", "geometry": {"type": "Point", "coordinates": [7.42466, 63.052898]}, "properties": {"time": "2025-10-22T01:11:32Z", "sog": 7.4, "cog": 87.3, "heading": 511, "status": "Under maskin"}}, {"type": "Feature", "geometry": {"type": "Point", "coordinates": [7.42696, 63.052944]}, "properties": {"time": "2025-10-22T01:12:02Z", "sog": 7.2, "cog": 87.8, "heading": 511, "status": "Under maskin"}}, {"type": "Feature", "geometry": {"type": "Point", "coordinates": [7.42916, 63.052994]}, "properties": {"time": "2025-10-22T01:12:32Z", "sog": 7.0, "cog": 87.3, "heading": 511, "status": "Under maskin"}}, {"type": "Feature", "geometry": {"type": "Point", "coordinates": [7.431245, 63.053028]}, "properties": {"time": "2025-10-22T01:13:02Z", "sog": 7.0, "cog": 90.3, "heading": 511, "status": "Under maskin"}}, {"type": "Feature", "geometry": {"type": "Point", "coordinates": [7.433402, 63.053017]}, "properties": {"time": "2025-10-22T01:13:32Z", "sog": 6.9, "cog": 90.1, "heading": 511, "status": "Under maskin"}}, {"type": "Feature", "geometry": {"type": "Point", "coordinates": [7.43557, 63.053005]}, "properties": {"time": "2025-10-22T01:14:02Z", "sog": 7.3, "cog": 90.9, "heading": 511, "status": "Under maskin"}}, {"type": "Feature", "geometry": {"type": "Point", "coordinates": [7.437815, 63.052986]}, "properties": {"time": "2025-10-22T01:14:32Z", "sog": 7.5, "cog": 90.9, "heading": 511, "status": "Under maskin"}}, {"type": "Feature", "geometry": {"type": "Point", "coordinates": [7.44014, 63.052967]}, "properties": {"time": "2025-10-22T01:15:02Z", "sog": 7.4, "cog": 89.4, "heading": 511, "status": "Under maskin"}}, {"type": "Feature", "geometry": {"type": "Point", "coordinates": [7.442003, 63.053131]}, "properties": {"time": "2025-10-22T01:15:29Z", "sog": 7.2, "cog": 66.3, "heading": 511, "status": "Under maskin"}}, {"type": "Feature", "geometry": {"type": "Point", "coordinates": [7.444117, 63.053688]}, "properties": {"time": "2025-10-22T01:16:02Z", "sog": 7.4, "cog": 53.9, "heading": 511, "status": "Under maskin"}}, {"type": "Feature", "geometry": {"type": "Point", "coordinates": [7.445812, 63.054268]}, "properties": {"time": "2025-10-22T01:16:29Z", "sog": 7.4, "cog": 52.5, "heading": 511, "status": "Under maskin"}}, {"type": "Feature", "geometry": {"type": "Point", "coordinates": [7.447782, 63.054951]}, "properties": {"time": "2025-10-22T01:17:02Z", "sog": 7.3, "cog": 52.5, "heading": 511, "status": "Under maskin"}}, {"type": "Feature", "geometry": {"type": "Point", "coordinates": [7.449338, 63.055485]}, "properties": {"time": "2025-10-22T01:17:29Z", "sog": 7.4, "cog": 52.1, "heading": 511, "status": "Under maskin"}}, {"type": "Feature", "geometry": {"type": "Point", "coordinates": [7.4513, 63.056171]}, "properties": {"time": "2025-10-22T01:18:02Z", "sog": 7.3, "cog": 52.3, "heading": 511, "status": "Under maskin"}}, {"type": "Feature", "geometry": {"type": "Point", "coordinates": [7.453098, 63.056652]}, "properties": {"time": "2025-10-22T01:18:29Z", "sog": 7.4, "cog": 64.7, "heading": 511, "status": "Under maskin"}}, {"type": "Feature", "geometry": {"type": "Point", "coordinates": [7.455273, 63.057121]}, "properties": {"time": "2025-10-22T01:19:02Z", "sog": 7.4, "cog": 65.2, "heading": 511, "status": "Under maskin"}}, {"type": "Feature", "geometry": {"type": "Point", "coordinates": [7.457147, 63.057449]}, "properties": {"time": "2025-10-22T01:19:29Z", "sog": 7.3, "cog": 75.8, "heading": 511, "status": "Under maskin"}}, {"type": "Feature", "geometry": {"type": "Point", "coordinates": [7.459577, 63.057705]}, "properties": {"time": "2025-10-22T01:20:02Z", "sog": 7.5, "cog": 78.3, "heading": 511, "status": "Under maskin"}}, {"type": "Feature", "geometry": {"type": "Point", "coordinates": [7.461638, 63.057911]}, "properties": {"time": "2025-10-22T01:20:29Z", "sog": 7.5, "cog": 77.5, "heading": 511, "status": "Under maskin"}}, {"type": "Feature", "geometry": {"type": "Point", "coordinates": [7.464008, 63.05814]}, "properties": {"time": "2025-10-22T01:21:02Z", "sog": 7.4, "cog": 78.8, "heading": 511, "status": "Under maskin"}}, {"type": "Feature", "geometry": {"type": "Point", "coordinates": [7.466087, 63.058323]}, "properties": {"time": "2025-10-22T01:21:29Z", "sog": 7.4, "cog": 77.3, "heading": 511, "status": "Under maskin"}}, {"type": "Feature", "geometry": {"type": "Point", "coordinates": [7.468447, 63.058567]}, "properties": {"time": "2025-10-22T01:22:02Z", "sog": 7.4, "cog": 76.8, "heading": 511, "status": "Under maskin"}}, {"type": "Feature", "geometry": {"type": "Point", "coordinates": [7.470423, 63.058781]}, "properties": {"time": "2025-10-22T01:22:29Z", "sog": 7.4, "cog": 77.4, "heading": 511, "status": "Under maskin"}}, {"type": "Feature", "geometry": {"type": "Point", "coordinates": [7.472873, 63.059013]}, "properties": {"time": "2025-10-22T01:23:02Z", "sog": 7.5, "cog": 77.2, "heading": 511, "status": "Under maskin"}}, {"type": "Feature", "geometry": {"type": "Point", "coordinates": [7.475172, 63.059231]}, "properties": {"time": "2025-10-22T01:23:33Z", "sog": 7.5, "cog": 77.8, "heading": 511, "status": "Under maskin"}}, {"type": "Feature", "geometry": {"type": "Point", "coordinates": [7.477278, 63.059433]}, "properties": {"time": "2025-10-22T01:24:02Z", "sog": 7.1, "cog": 78.9, "heading": 511, "status": "Under maskin"}}, {"type": "Feature", "geometry": {"type": "Point", "coordinates": [7.47948, 63.059647]}, "properties": {"time": "2025-10-22T01:24:33Z", "sog": 7.1, "cog": 79.4, "heading": 511, "status": "Under maskin"}}, {"type": "Feature", "geometry": {"type": "Point", "coordinates": [7.481477, 63.05983]}, "properties": {"time": "2025-10-22T01:25:02Z", "sog": 6.5, "cog": 73.9, "heading": 511, "status": "Under maskin"}}, {"type": "Feature", "geometry": {"type": "Point", "coordinates": [7.483455, 63.06015]}, "properties": {"time": "2025-10-22T01:25:33Z", "sog": 7.2, "cog": 75.1, "heading": 511, "status": "Under maskin"}}, {"type": "Feature", "geometry": {"type": "Point", "coordinates": [7.48559, 63.060333]}, "properties": {"time": "2025-10-22T01:26:02Z", "sog": 7.5, "cog": 80.2, "heading": 511, "status": "Under maskin"}}, {"type": "Feature", "geometry": {"type": "Point", "coordinates": [7.487977, 63.060513]}, "properties": {"time": "2025-10-22T01:26:33Z", "sog": 7.4, "cog": 80.3, "heading": 511, "status": "Under maskin"}}, {"type": "Feature", "geometry": {"type": "Point", "coordinates": [7.49006, 63.060665]}, "properties": {"time": "2025-10-22T01:27:02Z", "sog": 7.4, "cog": 80.5, "heading": 511, "status": "Under maskin"}}, {"type": "Feature", "geometry": {"type": "Point", "coordinates": [7.492383, 63.060841]}, "properties": {"time": "2025-10-22T01:27:33Z", "sog": 7.5, "cog": 80.5, "heading": 511, "status": "Under maskin"}}, {"type": "Feature", "geometry": {"type": "Point", "coordinates": [7.494563, 63.060993]}, "properties": {"time": "2025-10-22T01:28:02Z", "sog": 7.4, "cog": 81.1, "heading": 511, "status": "Under maskin"}}, {"type": "Feature", "geometry": {"type": "Point", "coordinates": [7.496575, 63.061157]}, "properties": {"time": "2025-10-22T01:28:29Z", "sog": 7.4, "cog": 79.6, "heading": 511, "status": "Under maskin"}}, {"type": "Feature", "geometry": {"type": "Point", "coordinates": [7.49898, 63.061432]}, "properties": {"time": "2025-10-22T01:29:02Z", "sog": 7.4, "cog": 68.6, "heading": 511, "status": "Under maskin"}}, {"type": "Feature", "geometry": {"type": "Point", "coordinates": [7.500864, 63.06179]}, "properties": {"time": "2025-10-22T01:29:29Z", "sog": 7.5, "cog": 65.8, "heading": 511, "status": "Under maskin"}}, {"type": "Feature", "geometry": {"type": "Point", "coordinates": [7.502882, 63.062328]}, "properties": {"time": "2025-10-22T01:30:00Z", "sog": 7.6, "cog": 55.1, "heading": 511, "status": "Under maskin"}}, {"type": "Feature", "geometry": {"type": "Point", "coordinates": [7.504752, 63.062939]}, "properties": {"time": "2025-10-22T01:30:29Z", "sog": 7.6, "cog": 52.7, "heading": 511, "status": "Under maskin"}}, {"type": "Feature", "geometry": {"type": "Point", "coordinates": [7.506582, 63.063587]}, "properties": {"time": "2025-10-22T01:31:00Z", "sog": 7.6, "cog": 52.3, "heading": 511, "status": "Under maskin"}}, {"type": "Feature", "geometry": {"type": "Point", "coordinates": [7.508365, 63.064213]}, "properties": {"time": "2025-10-22T01:31:29Z", "sog": 7.6, "cog": 52.2, "heading": 511, "status": "Under maskin"}}, {"type": "Feature", "geometry": {"type": "Point", "coordinates": [7.510265, 63.064892]}, "properties": {"time": "2025-10-22T01:32:00Z", "sog": 7.7, "cog": 51.0, "heading": 511, "status": "Under maskin"}}, {"type": "Feature", "geometry": {"type": "Point", "coordinates": [7.512087, 63.065563]}, "properties": {"time": "2025-10-22T01:32:29Z", "sog": 7.7, "cog": 50.0, "heading": 511, "status": "Under maskin"}}, {"type": "Feature", "geometry": {"type": "Point", "coordinates": [7.513882, 63.06625]}, "properties": {"time": "2025-10-22T01:33:00Z", "sog": 7.7, "cog": 50.5, "heading": 511, "status": "Under maskin"}}, {"type": "Feature", "geometry": {"type": "Point", "coordinates": [7.515708, 63.06686]}, "properties": {"time": "2025-10-22T01:33:29Z", "sog": 7.8, "cog": 54.6, "heading": 511, "status": "Under maskin"}}, {"type": "Feature", "geometry": {"type": "Point", "coordinates": [7.517712, 63.067509]}, "properties": {"time": "2025-10-22T01:34:00Z", "sog": 7.8, "cog": 54.5, "heading": 511, "status": "Under maskin"}}, {"type": "Feature", "geometry": {"type": "Point", "coordinates": [7.519647, 63.068142]}, "properties": {"time": "2025-10-22T01:34:30Z", "sog": 7.8, "cog": 54.9, "heading": 511, "status": "Under maskin"}}, {"type": "Feature", "geometry": {"type": "Point", "coordinates": [7.521755, 63.068802]}, "properties": {"time": "2025-10-22T01:35:03Z", "sog": 7.8, "cog": 56.0, "heading": 511, "status": "Under maskin"}}, {"type": "Feature", "geometry": {"type": "Point", "coordinates": [7.525764, 63.070038]}, "properties": {"time": "2025-10-22T01:36:03Z", "sog": 7.8, "cog": 55.7, "heading": 511, "status": "Under maskin"}}, {"type": "Feature", "geometry": {"type": "Point", "coordinates": [7.52751, 63.070587]}, "properties": {"time": "2025-10-22T01:36:30Z", "sog": 7.8, "cog": 54.6, "heading": 511, "status": "Under maskin"}}, {"type": "Feature", "geometry": {"type": "Point", "coordinates": [7.529635, 63.071278]}, "properties": {"time": "2025-10-22T01:37:03Z", "sog": 7.7, "cog": 54.8, "heading": 511, "status": "Under maskin"}}, {"type": "Feature", "geometry": {"type": "Point", "coordinates": [7.531397, 63.071827]}, "properties": {"time": "2025-10-22T01:37:30Z", "sog": 7.8, "cog": 56.0, "heading": 511, "status": "Under maskin"}}, {"type": "Feature", "geometry": {"type": "Point", "coordinates": [7.53357, 63.072491]}, "properties": {"time": "2025-10-22T01:38:03Z", "sog": 7.8, "cog": 55.9, "heading": 511, "status": "Under maskin"}}, {"type": "Feature", "geometry": {"type": "Point", "coordinates": [7.535407, 63.073051]}, "properties": {"time": "2025-10-22T01:38:30Z", "sog": 7.8, "cog": 55.6, "heading": 511, "status": "Under maskin"}}, {"type": "Feature", "geometry": {"type": "Point", "coordinates": [7.537513, 63.073696]}, "properties": {"time": "2025-10-22T01:39:03Z", "sog": 7.8, "cog": 55.6, "heading": 511, "status": "Under maskin"}}, {"type": "Feature", "geometry": {"type": "Point", "coordinates": [7.539279, 63.074249]}, "properties": {"time": "2025-10-22T01:39:30Z", "sog": 7.8, "cog": 55.0, "heading": 511, "status": "Under maskin"}}, {"type": "Feature", "geometry": {"type": "Point", "coordinates": [7.541337, 63.074986]}, "properties": {"time": "2025-10-22T01:40:03Z", "sog": 7.8, "cog": 45.8, "heading": 511, "status": "Under maskin"}}, {"type": "Feature", "geometry": {"type": "Point", "coordinates": [7.542922, 63.075706]}, "properties": {"time": "2025-10-22T01:40:30Z", "sog": 8.0, "cog": 45.4, "heading": 511, "status": "Under maskin"}}, {"type": "Feature", "geometry": {"type": "Point", "coordinates": [7.544722, 63.076534]}, "properties": {"time": "2025-10-22T01:41:02Z", "sog": 7.8, "cog": 41.5, "heading": 511, "status": "Under maskin"}}, {"type": "Feature", "geometry": {"type": "Point", "coordinates": [7.546167, 63.077267]}, "properties": {"time": "2025-10-22T01:41:30Z", "sog": 7.9, "cog": 42.2, "heading": 511, "status": "Under maskin"}}, {"type": "Feature", "geometry": {"type": "Point", "coordinates": [7.547892, 63.078136]}, "properties": {"time": "2025-10-22T01:42:02Z", "sog": 8.1, "cog": 41.8, "heading": 511, "status": "Under maskin"}}, {"type": "Feature", "geometry": {"type": "Point", "coordinates": [7.549383, 63.078953]}, "properties": {"time": "2025-10-22T01:42:30Z", "sog": 8.0, "cog": 35.4, "heading": 511, "status": "Under maskin"}}, {"type": "Feature", "geometry": {"type": "Point", "coordinates": [7.55062, 63.079964]}, "properties": {"time": "2025-10-22T01:43:02Z", "sog": 8.0, "cog": 23.6, "heading": 511, "status": "Under maskin"}}, {"type": "Feature", "geometry": {"type": "Point", "coordinates": [7.551445, 63.080875]}, "properties": {"time": "2025-10-22T01:43:30Z", "sog": 7.9, "cog": 22.2, "heading": 511, "status": "Under maskin"}}, {"type": "Feature", "geometry": {"type": "Point", "coordinates": [7.552341, 63.081982]}, "properties": {"time": "2025-10-22T01:44:02Z", "sog": 7.6, "cog": 19.3, "heading": 511, "status": "Under maskin"}}, {"type": "Feature", "geometry": {"type": "Point", "coordinates": [7.553093, 63.082993]}, "properties": {"time": "2025-10-22T01:44:30Z", "sog": 8.1, "cog": 17.7, "heading": 511, "status": "Under maskin"}}, {"type": "Feature", "geometry": {"type": "Point", "coordinates": [7.5539, 63.084114]}, "properties": {"time": "2025-10-22T01:45:02Z", "sog": 8.1, "cog": 19.2, "heading": 511, "status": "Under maskin"}}, {"type": "Feature", "geometry": {"type": "Point", "coordinates": [7.555165, 63.084999]}, "properties": {"time": "2025-10-22T01:45:32Z", "sog": 7.8, "cog": 51.0, "heading": 511, "status": "Under maskin"}}, {"type": "Feature", "geometry": {"type": "Point", "coordinates": [7.557162, 63.085636]}, "properties": {"time": "2025-10-22T01:46:02Z", "sog": 7.6, "cog": 60.5, "heading": 511, "status": "Under maskin"}}, {"type": "Feature", "geometry": {"type": "Point", "coordinates": [7.559238, 63.086185]}, "properties": {"time": "2025-10-22T01:46:32Z", "sog": 7.8, "cog": 64.7, "heading": 511, "status": "Under maskin"}}, {"type": "Feature", "geometry": {"type": "Point", "coordinates": [7.561365, 63.086723]}, "properties": {"time": "2025-10-22T01:47:02Z", "sog": 7.9, "cog": 60.5, "heading": 511, "status": "Under maskin"}}, {"type": "Feature", "geometry": {"type": "Point", "coordinates": [7.5634, 63.087196]}, "properties": {"time": "2025-10-22T01:47:32Z", "sog": 7.7, "cog": 63.6, "heading": 511, "status": "Under maskin"}}, {"type": "Feature", "geometry": {"type": "Point", "coordinates": [7.565542, 63.087708]}, "properties": {"time": "2025-10-22T01:48:03Z", "sog": 7.4, "cog": 63.4, "heading": 511, "status": "Under maskin"}}, {"type": "Feature", "geometry": {"type": "Point", "coordinates": [7.56752, 63.088184]}, "properties": {"time": "2025-10-22T01:48:32Z", "sog": 7.5, "cog": 60.3, "heading": 511, "status": "Under maskin"}}, {"type": "Feature", "geometry": {"type": "Point", "coordinates": [7.569692, 63.088726]}, "properties": {"time": "2025-10-22T01:49:03Z", "sog": 8.0, "cog": 60.2, "heading": 511, "status": "Under maskin"}}, {"type": "Feature", "geometry": {"type": "Point", "coordinates": [7.571567, 63.089203]}, "properties": {"time": "2025-10-22T01:49:32Z", "sog": 7.7, "cog": 63.6, "heading": 511, "status": "Under maskin"}}, {"type": "Feature", "geometry": {"type": "Point", "coordinates": [7.573709, 63.089714]}, "properties": {"time": "2025-10-22T01:50:03Z", "sog": 7.7, "cog": 65.4, "heading": 511, "status": "Under maskin"}}, {"type": "Feature", "geometry": {"type": "Point", "coordinates": [7.575725, 63.09016]}, "properties": {"time": "2025-10-22T01:50:32Z", "sog": 7.6, "cog": 64.0, "heading": 511, "status": "Under maskin"}}, {"type": "Feature", "geometry": {"type": "Point", "coordinates": [7.577867, 63.090645]}, "properties": {"time": "2025-10-22T01:51:03Z", "sog": 7.6, "cog": 64.5, "heading": 511, "status": "Under maskin"}}, {"type": "Feature", "geometry": {"type": "Point", "coordinates": [7.579855, 63.091091]}, "properties": {"time": "2025-10-22T01:51:32Z", "sog": 7.6, "cog": 62.0, "heading": 511, "status": "Under maskin"}}, {"type": "Feature", "geometry": {"type": "Point", "coordinates": [7.58201, 63.091595]}, "properties": {"time": "2025-10-22T01:52:03Z", "sog": 7.5, "cog": 62.7, "heading": 511, "status": "Under maskin"}}, {"type": "Feature", "geometry": {"type": "Point", "coordinates": [7.583872, 63.092037]}, "properties": {"time": "2025-10-22T01:52:32Z", "sog": 7.4, "cog": 63.7, "heading": 511, "status": "Under maskin"}}, {"type": "Feature", "geometry": {"type": "Point", "coordinates": [7.585957, 63.092525]}, "properties": {"time": "2025-10-22T01:53:03Z", "sog": 7.6, "cog": 62.9, "heading": 511, "status": "Under maskin"}}, {"type": "Feature", "geometry": {"type": "Point", "coordinates": [7.587805, 63.092957]}, "properties": {"time": "2025-10-22T01:53:30Z", "sog": 7.6, "cog": 63.0, "heading": 511, "status": "Under maskin"}}, {"type": "Feature", "geometry": {"type": "Point", "coordinates": [7.590148, 63.093494]}, "properties": {"time": "2025-10-22T01:54:03Z", "sog": 7.7, "cog": 62.2, "heading": 511, "status": "Under maskin"}}, {"type": "Feature", "geometry": {"type": "Point", "coordinates": [7.591808, 63.093964]}, "properties": {"time": "2025-10-22T01:54:30Z", "sog": 7.4, "cog": 50.1, "heading": 511, "status": "Under maskin"}}, {"type": "Feature", "geometry": {"type": "Point", "coordinates": [7.593467, 63.094826]}, "properties": {"time": "2025-10-22T01:55:03Z", "sog": 7.7, "cog": 37.6, "heading": 511, "status": "Under maskin"}}, {"type": "Feature", "geometry": {"type": "Point", "coordinates": [7.594747, 63.095581]}, "properties": {"time": "2025-10-22T01:55:30Z", "sog": 7.7, "cog": 37.8, "heading": 511, "status": "Under maskin"}}, {"type": "Feature", "geometry": {"type": "Point", "coordinates": [7.596145, 63.0965]}, "properties": {"time": "2025-10-22T01:56:01Z", "sog": 7.3, "cog": 31.4, "heading": 511, "status": "Under maskin"}}, {"type": "Feature", "geometry": {"type": "Point", "coordinates": [7.596948, 63.097263]}, "properties": {"time": "2025-10-22T01:56:30Z", "sog": 6.4, "cog": 18.3, "heading": 511, "status": "Under maskin"}}, {"type": "Feature", "geometry": {"type": "Point", "coordinates": [7.597392, 63.098129]}, "properties": {"time": "2025-10-22T01:57:01Z", "sog": 5.8, "cog": 4.1, "heading": 511, "status": "Under maskin"}}, {"type": "Feature", "geometry": {"type": "Point", "coordinates": [7.597404, 63.098904]}, "properties": {"time": "2025-10-22T01:57:30Z", "sog": 5.8, "cog": 353.6, "heading": 511, "status": "Under maskin"}}, {"type": "Feature", "geometry": {"type": "Point", "coordinates": [7.597185, 63.099766]}, "properties": {"time": "2025-10-22T01:58:01Z", "sog": 5.8, "cog": 354.2, "heading": 511, "status": "Under maskin"}}, {"type": "Feature", "geometry": {"type": "Point", "coordinates": [7.597077, 63.100494]}, "properties": {"time": "2025-10-22T01:58:29Z", "sog": 5.9, "cog": 359.6, "heading": 511, "status": "Under maskin"}}, {"type": "Feature", "geometry": {"type": "Point", "coordinates": [7.597098, 63.101368]}, "properties": {"time": "2025-10-22T01:59:01Z", "sog": 5.9, "cog": 0.8, "heading": 511, "status": "Under maskin"}}, {"type": "Feature", "geometry": {"type": "Point", "coordinates": [7.5971, 63.102154]}, "properties": {"time": "2025-10-22T01:59:29Z", "sog": 5.6, "cog": 356.0, "heading": 511, "status": "Under maskin"}}, {"type": "Feature", "geometry": {"type": "Point", "coordinates": [7.596975, 63.102951]}, "properties": {"time": "2025-10-22T02:00:01Z", "sog": 5.5, "cog": 0.6, "heading": 511, "status": "Under maskin"}}, {"type": "Feature", "geometry": {"type": "Point", "coordinates": [7.597075, 63.103664]}, "properties": {"time": "2025-10-22T02:00:29Z", "sog": 5.6, "cog": 6.6, "heading": 511, "status": "Under maskin"}}, {"type": "Feature", "geometry": {"type": "Point", "coordinates": [7.597275, 63.104485]}, "properties": {"time": "2025-10-22T02:01:01Z", "sog": 5.6, "cog": 6.8, "heading": 511, "status": "Under maskin"}}, {"type": "Feature", "geometry": {"type": "Point", "coordinates": [7.59732, 63.105206]}, "properties": {"time": "2025-10-22T02:01:29Z", "sog": 5.4, "cog": 357.6, "heading": 511, "status": "Under maskin"}}, {"type": "Feature", "geometry": {"type": "Point", "coordinates": [7.597125, 63.106705]}, "properties": {"time": "2025-10-22T02:02:29Z", "sog": 5.4, "cog": 356.2, "heading": 511, "status": "Under maskin"}}, {"type": "Feature", "geometry": {"type": "Point", "coordinates": [7.596903, 63.107471]}, "properties": {"time": "2025-10-22T02:03:01Z", "sog": 5.3, "cog": 345.7, "heading": 511, "status": "Under maskin"}}, {"type": "Feature", "geometry": {"type": "Point", "coordinates": [7.596458, 63.108192]}, "properties": {"time": "2025-10-22T02:03:29Z", "sog": 6.1, "cog": 351.0, "heading": 511, "status": "Under maskin"}}, {"type": "Feature", "geometry": {"type": "Point", "coordinates": [7.596342, 63.109173]}, "properties": {"time": "2025-10-22T02:04:01Z", "sog": 7.4, "cog": 4.5, "heading": 511, "status": "Under maskin"}}, {"type": "Feature", "geometry": {"type": "Point", "coordinates": [7.596694, 63.110275]}, "properties": {"time": "2025-10-22T02:04:32Z", "sog": 7.7, "cog": 8.0, "heading": 511, "status": "Under maskin"}}, {"type": "Feature", "geometry": {"type": "Point", "coordinates": [7.59698, 63.111198]}, "properties": {"time": "2025-10-22T02:05:01Z", "sog": 7.5, "cog": 9.3, "heading": 511, "status": "Under maskin"}}, {"type": "Feature", "geometry": {"type": "Point", "coordinates": [7.59734, 63.112289]}, "properties": {"time": "2025-10-22T02:05:32Z", "sog": 7.4, "cog": 7.3, "heading": 511, "status": "Under maskin"}}, {"type": "Feature", "geometry": {"type": "Point", "coordinates": [7.597887, 63.113262]}, "properties": {"time": "2025-10-22T02:06:01Z", "sog": 6.9, "cog": 18.3, "heading": 511, "status": "Under maskin"}}, {"type": "Feature", "geometry": {"type": "Point", "coordinates": [7.598617, 63.114296]}, "properties": {"time": "2025-10-22T02:06:32Z", "sog": 7.4, "cog": 14.4, "heading": 511, "status": "Under maskin"}}, {"type": "Feature", "geometry": {"type": "Point", "coordinates": [7.599367, 63.115135]}, "properties": {"time": "2025-10-22T02:07:01Z", "sog": 7.4, "cog": 26.1, "heading": 511, "status": "Under maskin"}}, {"type": "Feature", "geometry": {"type": "Point", "coordinates": [7.600663, 63.116047]}, "properties": {"time": "2025-10-22T02:07:32Z", "sog": 7.4, "cog": 32.9, "heading": 511, "status": "Under maskin"}}, {"type": "Feature", "geometry": {"type": "Point", "coordinates": [7.601802, 63.116856]}, "properties": {"time": "2025-10-22T02:08:00Z", "sog": 7.2, "cog": 30.2, "heading": 511, "status": "Under maskin"}}, {"type": "Feature", "geometry": {"type": "Point", "coordinates": [7.603022, 63.117687]}, "properties": {"time": "2025-10-22T02:08:30Z", "sog": 6.8, "cog": 41.6, "heading": 511, "status": "Under maskin"}}, {"type": "Feature", "geometry": {"type": "Point", "coordinates": [7.604523, 63.118404]}, "properties": {"time": "2025-10-22T02:09:00Z", "sog": 6.6, "cog": 43.8, "heading": 511, "status": "Under maskin"}}, {"type": "Feature", "geometry": {"type": "Point", "coordinates": [7.606174, 63.119064]}, "properties": {"time": "2025-10-22T02:09:30Z", "sog": 7.6, "cog": 54.6, "heading": 511, "status": "Under maskin"}}, {"type": "Feature", "geometry": {"type": "Point", "coordinates": [7.607827, 63.119678]}, "properties": {"time": "2025-10-22T02:10:00Z", "sog": 6.8, "cog": 50.4, "heading": 511, "status": "Under maskin"}}, {"type": "Feature", "geometry": {"type": "Point", "coordinates": [7.60957, 63.120224]}, "properties": {"time": "2025-10-22T02:10:30Z", "sog": 6.7, "cog": 52.6, "heading": 511, "status": "Under maskin"}}, {"type": "Feature", "geometry": {"type": "Point", "coordinates": [7.611348, 63.120754]}, "properties": {"time": "2025-10-22T02:11:00Z", "sog": 6.4, "cog": 55.7, "heading": 511, "status": "Under maskin"}}, {"type": "Feature", "geometry": {"type": "Point", "coordinates": [7.613163, 63.121311]}, "properties": {"time": "2025-10-22T02:11:30Z", "sog": 7.2, "cog": 57.2, "heading": 511, "status": "Under maskin"}}, {"type": "Feature", "geometry": {"type": "Point", "coordinates": [7.614905, 63.12183]}, "properties": {"time": "2025-10-22T02:12:00Z", "sog": 7.2, "cog": 58.5, "heading": 511, "status": "Under maskin"}}, {"type": "Feature", "geometry": {"type": "Point", "coordinates": [7.61671, 63.122368]}, "properties": {"time": "2025-10-22T02:12:29Z", "sog": 7.0, "cog": 56.2, "heading": 511, "status": "Under maskin"}}, {"type": "Feature", "geometry": {"type": "Point", "coordinates": [7.618478, 63.12294]}, "properties": {"time": "2025-10-22T02:13:00Z", "sog": 6.9, "cog": 54.0, "heading": 511, "status": "Under maskin"}}, {"type": "Feature", "geometry": {"type": "Point", "coordinates": [7.620222, 63.123512]}, "properties": {"time": "2025-10-22T02:13:29Z", "sog": 7.3, "cog": 51.0, "heading": 511, "status": "Under maskin"}}, {"type": "Feature", "geometry": {"type": "Point", "coordinates": [7.62195, 63.124088]}, "properties": {"time": "2025-10-22T02:14:00Z", "sog": 7.1, "cog": 56.9, "heading": 511, "status": "Under maskin"}}, {"type": "Feature", "geometry": {"type": "Point", "coordinates": [7.623613, 63.124649]}, "properties": {"time": "2025-10-22T02:14:29Z", "sog": 6.4, "cog": 56.5, "heading": 511, "status": "Under maskin"}}, {"type": "Feature", "geometry": {"type": "Point", "coordinates": [7.62537, 63.125256]}, "properties": {"time": "2025-10-22T02:15:00Z", "sog": 6.9, "cog": 48.2, "heading": 511, "status": "Under maskin"}}, {"type": "Feature", "geometry": {"type": "Point", "coordinates": [7.627085, 63.125851]}, "properties": {"time": "2025-10-22T02:15:29Z", "sog": 7.2, "cog": 52.3, "heading": 511, "status": "Under maskin"}}, {"type": "Feature", "geometry": {"type": "Point", "coordinates": [7.628775, 63.126461]}, "properties": {"time": "2025-10-22T02:16:00Z", "sog": 7.3, "cog": 51.4, "heading": 511, "status": "Under maskin"}}, {"type": "Feature", "geometry": {"type": "Point", "coordinates": [7.630621, 63.12714]}, "properties": {"time": "2025-10-22T02:16:32Z", "sog": 6.4, "cog": 49.9, "heading": 511, "status": "Under maskin"}}, {"type": "Feature", "geometry": {"type": "Point", "coordinates": [7.632147, 63.127682]}, "properties": {"time": "2025-10-22T02:17:00Z", "sog": 6.5, "cog": 52.7, "heading": 511, "status": "Under maskin"}}, {"type": "Feature", "geometry": {"type": "Point", "coordinates": [7.633927, 63.128349]}, "properties": {"time": "2025-10-22T02:17:32Z", "sog": 7.4, "cog": 49.0, "heading": 511, "status": "Under maskin"}}, {"type": "Feature", "geometry": {"type": "Point", "coordinates": [7.635473, 63.128933]}, "properties": {"time": "2025-10-22T02:18:00Z", "sog": 7.2, "cog": 58.0, "heading": 511, "status": "Under maskin"}}, {"type": "Feature", "geometry": {"type": "Point", "coordinates": [7.637282, 63.129623]}, "properties": {"time": "2025-10-22T02:18:32Z", "sog": 7.4, "cog": 45.3, "heading": 511, "status": "Under maskin"}}, {"type": "Feature", "geometry": {"type": "Point", "coordinates": [7.638762, 63.130192]}, "properties": {"time": "2025-10-22T02:19:00Z", "sog": 7.2, "cog": 45.7, "heading": 511, "status": "Under maskin"}}, {"type": "Feature", "geometry": {"type": "Point", "coordinates": [7.640498, 63.130871]}, "properties": {"time": "2025-10-22T02:19:32Z", "sog": 7.3, "cog": 48.2, "heading": 511, "status": "Under maskin"}}, {"type": "Feature", "geometry": {"type": "Point", "coordinates": [7.642058, 63.131481]}, "properties": {"time": "2025-10-22T02:20:00Z", "sog": 7.0, "cog": 47.5, "heading": 511, "status": "Under maskin"}}, {"type": "Feature", "geometry": {"type": "Point", "coordinates": [7.643822, 63.132137]}, "properties": {"time": "2025-10-22T02:20:31Z", "sog": 7.5, "cog": 47.5, "heading": 511, "status": "Under maskin"}}, {"type": "Feature", "geometry": {"type": "Point", "coordinates": [7.645383, 63.132732]}, "properties": {"time": "2025-10-22T02:20:59Z", "sog": 7.6, "cog": 49.9, "heading": 511, "status": "Under maskin"}}, {"type": "Feature", "geometry": {"type": "Point", "coordinates": [7.647167, 63.13343]}, "properties": {"time": "2025-10-22T02:21:31Z", "sog": 7.2, "cog": 47.2, "heading": 511, "status": "Under maskin"}}, {"type": "Feature", "geometry": {"type": "Point", "coordinates": [7.648743, 63.134048]}, "properties": {"time": "2025-10-22T02:21:59Z", "sog": 7.0, "cog": 51.9, "heading": 511, "status": "Under maskin"}}, {"type": "Feature", "geometry": {"type": "Point", "coordinates": [7.650565, 63.134743]}, "properties": {"time": "2025-10-22T02:22:31Z", "sog": 7.6, "cog": 42.1, "heading": 511, "status": "Under maskin"}}, {"type": "Feature", "geometry": {"type": "Point", "coordinates": [7.652235, 63.135372]}, "properties": {"time": "2025-10-22T02:22:59Z", "sog": 7.0, "cog": 53.0, "heading": 511, "status": "Under maskin"}}, {"type": "Feature", "geometry": {"type": "Point", "coordinates": [7.654037, 63.136066]}, "properties": {"time": "2025-10-22T02:23:31Z", "sog": 7.6, "cog": 50.3, "heading": 511, "status": "Under maskin"}}, {"type": "Feature", "geometry": {"type": "Point", "coordinates": [7.655658, 63.136692]}, "properties": {"time": "2025-10-22T02:23:59Z", "sog": 7.3, "cog": 50.0, "heading": 511, "status": "Under maskin"}}, {"type": "Feature", "geometry": {"type": "Point", "coordinates": [7.657543, 63.137386]}, "properties": {"time": "2025-10-22T02:24:31Z", "sog": 7.5, "cog": 49.8, "heading": 511, "status": "Under maskin"}}, {"type": "Feature", "geometry": {"type": "Point", "coordinates": [7.659235, 63.138039]}, "properties": {"time": "2025-10-22T02:24:59Z", "sog": 7.6, "cog": 50.2, "heading": 511, "status": "Under maskin"}}, {"type": "Feature", "geometry": {"type": "Point", "coordinates": [7.661072, 63.138725]}, "properties": {"time": "2025-10-22T02:25:31Z", "sog": 7.0, "cog": 50.2, "heading": 511, "status": "Under maskin"}}, {"type": "Feature", "geometry": {"type": "Point", "coordinates": [7.662734, 63.139339]}, "properties": {"time": "2025-10-22T02:25:59Z", "sog": 7.5, "cog": 49.6, "heading": 511, "status": "Under maskin"}}, {"type": "Feature", "geometry": {"type": "Point", "coordinates": [7.664673, 63.140049]}, "properties": {"time": "2025-10-22T02:26:31Z", "sog": 7.5, "cog": 49.7, "heading": 511, "status": "Under maskin"}}, {"type": "Feature", "geometry": {"type": "Point", "coordinates": [7.666512, 63.140701]}, "properties": {"time": "2025-10-22T02:27:00Z", "sog": 7.9, "cog": 48.8, "heading": 511, "status": "Under maskin"}}, {"type": "Feature", "geometry": {"type": "Point", "coordinates": [7.66835, 63.141354]}, "properties": {"time": "2025-10-22T02:27:31Z", "sog": 8.0, "cog": 53.6, "heading": 511, "status": "Under maskin"}}, {"type": "Feature", "geometry": {"type": "Point", "coordinates": [7.670142, 63.141983]}, "properties": {"time": "2025-10-22T02:28:00Z", "sog": 7.5, "cog": 52.1, "heading": 511, "status": "Under maskin"}}, {"type": "Feature", "geometry": {"type": "Point", "coordinates": [7.672005, 63.142612]}, "properties": {"time": "2025-10-22T02:28:30Z", "sog": 7.2, "cog": 51.1, "heading": 511, "status": "Under maskin"}}, {"type": "Feature", "geometry": {"type": "Point", "coordinates": [7.673868, 63.143234]}, "properties": {"time": "2025-10-22T02:29:00Z", "sog": 7.5, "cog": 50.3, "heading": 511, "status": "Under maskin"}}, {"type": "Feature", "geometry": {"type": "Point", "coordinates": [7.675718, 63.143848]}, "properties": {"time": "2025-10-22T02:29:30Z", "sog": 7.4, "cog": 56.0, "heading": 511, "status": "Under maskin"}}, {"type": "Feature", "geometry": {"type": "Point", "coordinates": [7.677568, 63.144466]}, "properties": {"time": "2025-10-22T02:30:00Z", "sog": 7.5, "cog": 56.9, "heading": 511, "status": "Under maskin"}}, {"type": "Feature", "geometry": {"type": "Point", "coordinates": [7.679431, 63.145088]}, "properties": {"time": "2025-10-22T02:30:30Z", "sog": 7.7, "cog": 50.1, "heading": 511, "status": "Under maskin"}}, {"type": "Feature", "geometry": {"type": "Point", "coordinates": [7.681242, 63.145718]}, "properties": {"time": "2025-10-22T02:31:00Z", "sog": 7.4, "cog": 50.9, "heading": 511, "status": "Under maskin"}}, {"type": "Feature", "geometry": {"type": "Point", "coordinates": [7.683018, 63.146347]}, "properties": {"time": "2025-10-22T02:31:30Z", "sog": 7.5, "cog": 54.6, "heading": 511, "status": "Under maskin"}}, {"type": "Feature", "geometry": {"type": "Point", "coordinates": [7.684808, 63.147015]}, "properties": {"time": "2025-10-22T02:32:00Z", "sog": 7.1, "cog": 53.1, "heading": 511, "status": "Under maskin"}}, {"type": "Feature", "geometry": {"type": "Point", "coordinates": [7.686467, 63.147633]}, "properties": {"time": "2025-10-22T02:32:30Z", "sog": 7.4, "cog": 52.8, "heading": 511, "status": "Under maskin"}}, {"type": "Feature", "geometry": {"type": "Point", "coordinates": [7.688182, 63.148262]}, "properties": {"time": "2025-10-22T02:33:00Z", "sog": 7.2, "cog": 50.5, "heading": 511, "status": "Under maskin"}}, {"type": "Feature", "geometry": {"type": "Point", "coordinates": [7.689933, 63.148895]}, "properties": {"time": "2025-10-22T02:33:31Z", "sog": 7.4, "cog": 54.4, "heading": 511, "status": "Under maskin"}}, {"type": "Feature", "geometry": {"type": "Point", "coordinates": [7.691642, 63.149536]}, "properties": {"time": "2025-10-22T02:34:01Z", "sog": 7.0, "cog": 50.8, "heading": 511, "status": "Under maskin"}}, {"type": "Feature", "geometry": {"type": "Point", "coordinates": [7.693292, 63.150146]}, "properties": {"time": "2025-10-22T02:34:31Z", "sog": 6.6, "cog": 51.6, "heading": 511, "status": "Under maskin"}}, {"type": "Feature", "geometry": {"type": "Point", "coordinates": [7.69491, 63.150734]}, "properties": {"time": "2025-10-22T02:35:01Z", "sog": 6.7, "cog": 49.3, "heading": 511, "status": "Under maskin"}}, {"type": "Feature", "geometry": {"type": "Point", "coordinates": [7.696583, 63.151344]}, "properties": {"time": "2025-10-22T02:35:31Z", "sog": 7.1, "cog": 51.6, "heading": 511, "status": "Under maskin"}}, {"type": "Feature", "geometry": {"type": "Point", "coordinates": [7.698293, 63.151985]}, "properties": {"time": "2025-10-22T02:36:01Z", "sog": 6.8, "cog": 49.8, "heading": 511, "status": "Under maskin"}}, {"type": "Feature", "geometry": {"type": "Point", "coordinates": [7.699947, 63.152584]}, "properties": {"time": "2025-10-22T02:36:31Z", "sog": 6.5, "cog": 50.8, "heading": 511, "status": "Under maskin"}}, {"type": "Feature", "geometry": {"type": "Point", "coordinates": [7.701565, 63.153175]}, "properties": {"time": "2025-10-22T02:37:01Z", "sog": 6.8, "cog": 50.3, "heading": 511, "status": "Under maskin"}}, {"type": "Feature", "geometry": {"type": "Point", "coordinates": [7.703198, 63.153786]}, "properties": {"time": "2025-10-22T02:37:31Z", "sog": 6.9, "cog": 52.2, "heading": 511, "status": "Under maskin"}}, {"type": "Feature", "geometry": {"type": "Point", "coordinates": [7.704855, 63.1544]}, "properties": {"time": "2025-10-22T02:38:00Z", "sog": 6.9, "cog": 50.2, "heading": 511, "status": "Under maskin"}}, {"type": "Feature", "geometry": {"type": "Point", "coordinates": [7.706614, 63.155022]}, "properties": {"time": "2025-10-22T02:38:31Z", "sog": 7.2, "cog": 55.1, "heading": 511, "status": "Under maskin"}}, {"type": "Feature", "geometry": {"type": "Point", "coordinates": [7.708223, 63.155609]}, "properties": {"time": "2025-10-22T02:39:00Z", "sog": 6.5, "cog": 49.0, "heading": 511, "status": "Under maskin"}}, {"type": "Feature", "geometry": {"type": "Point", "coordinates": [7.709963, 63.156231]}, "properties": {"time": "2025-10-22T02:39:31Z", "sog": 6.7, "cog": 58.9, "heading": 511, "status": "Under maskin"}}, {"type": "Feature", "geometry": {"type": "Point", "coordinates": [7.711618, 63.156757]}, "properties": {"time": "2025-10-22T02:40:00Z", "sog": 6.6, "cog": 51.2, "heading": 511, "status": "Under maskin"}}, {"type": "Feature", "geometry": {"type": "Point", "coordinates": [7.71338, 63.15733]}, "properties": {"time": "2025-10-22T02:40:31Z", "sog": 7.5, "cog": 52.6, "heading": 511, "status": "Under maskin"}}, {"type": "Feature", "geometry": {"type": "Point", "coordinates": [7.714982, 63.157848]}, "properties": {"time": "2025-10-22T02:41:00Z", "sog": 7.4, "cog": 58.0, "heading": 511, "status": "Under maskin"}}, {"type": "Feature", "geometry": {"type": "Point", "coordinates": [7.716855, 63.158432]}, "properties": {"time": "2025-10-22T02:41:31Z", "sog": 6.9, "cog": 57.4, "heading": 511, "status": "Under maskin"}}, {"type": "Feature", "geometry": {"type": "Point", "coordinates": [7.718495, 63.15897]}, "properties": {"time": "2025-10-22T02:42:00Z", "sog": 6.8, "cog": 52.6, "heading": 511, "status": "Under maskin"}}, {"type": "Feature", "geometry": {"type": "Point", "coordinates": [7.720225, 63.159546]}, "properties": {"time": "2025-10-22T02:42:31Z", "sog": 6.6, "cog": 54.9, "heading": 511, "status": "Under maskin"}}, {"type": "Feature", "geometry": {"type": "Point", "coordinates": [7.721752, 63.160088]}, "properties": {"time": "2025-10-22T02:43:00Z", "sog": 6.8, "cog": 50.9, "heading": 511, "status": "Under maskin"}}, {"type": "Feature", "geometry": {"type": "Point", "coordinates": [7.723403, 63.160698]}, "properties": {"time": "2025-10-22T02:43:31Z", "sog": 7.0, "cog": 50.5, "heading": 511, "status": "Under maskin"}}, {"type": "Feature", "geometry": {"type": "Point", "coordinates": [7.724995, 63.161301]}, "properties": {"time": "2025-10-22T02:44:00Z", "sog": 6.7, "cog": 51.7, "heading": 511, "status": "Under maskin"}}, {"type": "Feature", "geometry": {"type": "Point", "coordinates": [7.726542, 63.161888]}, "properties": {"time": "2025-10-22T02:44:29Z", "sog": 6.7, "cog": 50.8, "heading": 511, "status": "Under maskin"}}, {"type": "Feature", "geometry": {"type": "Point", "coordinates": [7.728173, 63.162521]}, "properties": {"time": "2025-10-22T02:45:00Z", "sog": 6.5, "cog": 51.4, "heading": 511, "status": "Under maskin"}}, {"type": "Feature", "geometry": {"type": "Point", "coordinates": [7.729677, 63.163105]}, "properties": {"time": "2025-10-22T02:45:29Z", "sog": 7.0, "cog": 48.6, "heading": 511, "status": "Under maskin"}}, {"type": "Feature", "geometry": {"type": "Point", "coordinates": [7.731298, 63.163731]}, "properties": {"time": "2025-10-22T02:45:59Z", "sog": 7.0, "cog": 50.1, "heading": 511, "status": "Under maskin"}}, {"type": "Feature", "geometry": {"type": "Point", "coordinates": [7.732948, 63.164387]}, "properties": {"time": "2025-10-22T02:46:29Z", "sog": 6.8, "cog": 43.8, "heading": 511, "status": "Under maskin"}}, {"type": "Feature", "geometry": {"type": "Point", "coordinates": [7.734533, 63.16502]}, "properties": {"time": "2025-10-22T02:46:59Z", "sog": 7.2, "cog": 52.8, "heading": 511, "status": "Under maskin"}}, {"type": "Feature", "geometry": {"type": "Point", "coordinates": [7.73605, 63.165646]}, "properties": {"time": "2025-10-22T02:47:29Z", "sog": 6.9, "cog": 56.6, "heading": 511, "status": "Under maskin"}}, {"type": "Feature", "geometry": {"type": "Point", "coordinates": [7.737645, 63.166286]}, "properties": {"time": "2025-10-22T02:47:59Z", "sog": 7.4, "cog": 49.3, "heading": 511, "status": "Under maskin"}}, {"type": "Feature", "geometry": {"type": "Point", "coordinates": [7.73929, 63.166962]}, "properties": {"time": "2025-10-22T02:48:29Z", "sog": 6.8, "cog": 48.9, "heading": 511, "status": "Under maskin"}}, {"type": "Feature", "geometry": {"type": "Point", "coordinates": [7.740887, 63.167622]}, "properties": {"time": "2025-10-22T02:48:59Z", "sog": 7.4, "cog": 48.5, "heading": 511, "status": "Under maskin"}}, {"type": "Feature", "geometry": {"type": "Point", "coordinates": [7.742434, 63.168247]}, "properties": {"time": "2025-10-22T02:49:29Z", "sog": 7.0, "cog": 47.2, "heading": 511, "status": "Under maskin"}}, {"type": "Feature", "geometry": {"type": "Point", "coordinates": [7.744055, 63.168884]}, "properties": {"time": "2025-10-22T02:49:59Z", "sog": 7.5, "cog": 47.5, "heading": 511, "status": "Under maskin"}}, {"type": "Feature", "geometry": {"type": "Point", "coordinates": [7.745695, 63.169525]}, "properties": {"time": "2025-10-22T02:50:29Z", "sog": 7.4, "cog": 48.8, "heading": 511, "status": "Under maskin"}}, {"type": "Feature", "geometry": {"type": "Point", "coordinates": [7.747368, 63.170185]}, "properties": {"time": "2025-10-22T02:50:59Z", "sog": 7.1, "cog": 44.7, "heading": 511, "status": "Under maskin"}}, {"type": "Feature", "geometry": {"type": "Point", "coordinates": [7.749042, 63.170876]}, "properties": {"time": "2025-10-22T02:51:31Z", "sog": 7.1, "cog": 43.1, "heading": 511, "status": "Under maskin"}}, {"type": "Feature", "geometry": {"type": "Point", "coordinates": [7.750572, 63.171452]}, "properties": {"time": "2025-10-22T02:51:59Z", "sog": 7.3, "cog": 50.5, "heading": 511, "status": "Under maskin"}}, {"type": "Feature", "geometry": {"type": "Point", "coordinates": [7.752298, 63.17207]}, "properties": {"time": "2025-10-22T02:52:31Z", "sog": 6.6, "cog": 45.9, "heading": 511, "status": "Under maskin"}}, {"type": "Feature", "geometry": {"type": "Point", "coordinates": [7.753905, 63.172646]}, "properties": {"time": "2025-10-22T02:52:59Z", "sog": 6.5, "cog": 53.9, "heading": 511, "status": "Under maskin"}}, {"type": "Feature", "geometry": {"type": "Point", "coordinates": [7.755602, 63.173256]}, "properties": {"time": "2025-10-22T02:53:31Z", "sog": 6.7, "cog": 48.2, "heading": 511, "status": "Under maskin"}}, {"type": "Feature", "geometry": {"type": "Point", "coordinates": [7.757158, 63.173805]}, "properties": {"time": "2025-10-22T02:53:59Z", "sog": 6.9, "cog": 45.6, "heading": 511, "status": "Under maskin"}}, {"type": "Feature", "geometry": {"type": "Point", "coordinates": [7.75891, 63.174435]}, "properties": {"time": "2025-10-22T02:54:31Z", "sog": 6.7, "cog": 53.0, "heading": 511, "status": "Under maskin"}}, {"type": "Feature", "geometry": {"type": "Point", "coordinates": [7.760509, 63.175022]}, "properties": {"time": "2025-10-22T02:54:59Z", "sog": 7.0, "cog": 47.0, "heading": 511, "status": "Under maskin"}}, {"type": "Feature", "geometry": {"type": "Point", "coordinates": [7.762207, 63.175652]}, "properties": {"time": "2025-10-22T02:55:31Z", "sog": 6.8, "cog": 50.5, "heading": 511, "status": "Under maskin"}}, {"type": "Feature", "geometry": {"type": "Point", "coordinates": [7.76374, 63.176231]}, "properties": {"time": "2025-10-22T02:55:59Z", "sog": 7.1, "cog": 50.4, "heading": 511, "status": "Under maskin"}}, {"type": "Feature", "geometry": {"type": "Point", "coordinates": [7.765485, 63.176895]}, "properties": {"time": "2025-10-22T02:56:31Z", "sog": 6.6, "cog": 53.5, "heading": 511, "status": "Under maskin"}}, {"type": "Feature", "geometry": {"type": "Point", "coordinates": [7.767108, 63.177494]}, "properties": {"time": "2025-10-22T02:56:59Z", "sog": 7.2, "cog": 51.0, "heading": 511, "status": "Under maskin"}}, {"type": "Feature", "geometry": {"type": "Point", "coordinates": [7.76884, 63.178146]}, "properties": {"time": "2025-10-22T02:57:31Z", "sog": 7.2, "cog": 46.8, "heading": 511, "status": "Under maskin"}}, {"type": "Feature", "geometry": {"type": "Point", "coordinates": [7.770535, 63.178783]}, "properties": {"time": "2025-10-22T02:58:00Z", "sog": 7.5, "cog": 47.0, "heading": 511, "status": "Under maskin"}}, {"type": "Feature", "geometry": {"type": "Point", "coordinates": [7.772267, 63.179401]}, "properties": {"time": "2025-10-22T02:58:31Z", "sog": 7.7, "cog": 53.0, "heading": 511, "status": "Under maskin"}}, {"type": "Feature", "geometry": {"type": "Point", "coordinates": [7.774028, 63.179955]}, "properties": {"time": "2025-10-22T02:59:00Z", "sog": 7.1, "cog": 50.7, "heading": 511, "status": "Under maskin"}}, {"type": "Feature", "geometry": {"type": "Point", "coordinates": [7.775993, 63.180561]}, "properties": {"time": "2025-10-22T02:59:31Z", "sog": 7.3, "cog": 54.2, "heading": 511, "status": "Under maskin"}}, {"type": "Feature", "geometry": {"type": "Point", "coordinates": [7.777802, 63.181099]}, "properties": {"time": "2025-10-22T03:00:00Z", "sog": 7.7, "cog": 54.3, "heading": 511, "status": "Under maskin"}}, {"type": "Feature", "geometry": {"type": "Point", "coordinates": [7.777802, 63.181099]}, "properties": {"time": "2025-10-22T03:00:00Z", "sog": 7.7, "cog": 54.3, "heading": 511, "status": "Under maskin"}}, {"type": "Feature", "geometry": {"type": "Point", "coordinates": [7.779657, 63.181664]}, "properties": {"time": "2025-10-22T03:00:31Z", "sog": 7.3, "cog": 50.9, "heading": 511, "status": "Under maskin"}}, {"type": "Feature", "geometry": {"type": "Point", "coordinates": [7.78147, 63.18222]}, "properties": {"time": "2025-10-22T03:01:00Z", "sog": 7.5, "cog": 60.8, "heading": 511, "status": "Under maskin"}}, {"type": "Feature", "geometry": {"type": "Point", "coordinates": [7.783527, 63.182819]}, "properties": {"time": "2025-10-22T03:01:31Z", "sog": 7.0, "cog": 58.0, "heading": 511, "status": "Under maskin"}}, {"type": "Feature", "geometry": {"type": "Point", "coordinates": [7.785408, 63.183357]}, "properties": {"time": "2025-10-22T03:02:00Z", "sog": 7.5, "cog": 55.8, "heading": 511, "status": "Under maskin"}}, {"type": "Feature", "geometry": {"type": "Point", "coordinates": [7.787428, 63.183922]}, "properties": {"time": "2025-10-22T03:02:31Z", "sog": 7.0, "cog": 58.9, "heading": 511, "status": "Under maskin"}}, {"type": "Feature", "geometry": {"type": "Point", "coordinates": [7.789267, 63.18441]}, "properties": {"time": "2025-10-22T03:03:00Z", "sog": 7.3, "cog": 59.1, "heading": 511, "status": "Under maskin"}}, {"type": "Feature", "geometry": {"type": "Point", "coordinates": [7.791387, 63.184952]}, "properties": {"time": "2025-10-22T03:03:31Z", "sog": 7.7, "cog": 59.9, "heading": 511, "status": "Under maskin"}}, {"type": "Feature", "geometry": {"type": "Point", "coordinates": [7.79332, 63.185429]}, "properties": {"time": "2025-10-22T03:04:01Z", "sog": 7.2, "cog": 66.6, "heading": 511, "status": "Under maskin"}}, {"type": "Feature", "geometry": {"type": "Point", "coordinates": [7.795392, 63.185902]}, "properties": {"time": "2025-10-22T03:04:31Z", "sog": 7.7, "cog": 66.4, "heading": 511, "status": "Under maskin"}}, {"type": "Feature", "geometry": {"type": "Point", "coordinates": [7.797357, 63.186352]}, "properties": {"time": "2025-10-22T03:05:01Z", "sog": 7.6, "cog": 61.0, "heading": 511, "status": "Under maskin"}}, {"type": "Feature", "geometry": {"type": "Point", "coordinates": [7.799403, 63.186798]}, "properties": {"time": "2025-10-22T03:05:31Z", "sog": 7.7, "cog": 60.3, "heading": 511, "status": "Under maskin"}}, {"type": "Feature", "geometry": {"type": "Point", "coordinates": [7.801407, 63.187283]}, "properties": {"time": "2025-10-22T03:06:01Z", "sog": 7.7, "cog": 60.4, "heading": 511, "status": "Under maskin"}}, {"type": "Feature", "geometry": {"type": "Point", "coordinates": [7.803397, 63.187763]}, "properties": {"time": "2025-10-22T03:06:30Z", "sog": 7.2, "cog": 56.9, "heading": 511, "status": "Under maskin"}}, {"type": "Feature", "geometry": {"type": "Point", "coordinates": [7.805325, 63.188213]}, "properties": {"time": "2025-10-22T03:07:01Z", "sog": 7.3, "cog": 64.0, "heading": 511, "status": "Under maskin"}}, {"type": "Feature", "geometry": {"type": "Point", "coordinates": [7.8073, 63.188675]}, "properties": {"time": "2025-10-22T03:07:30Z", "sog": 7.3, "cog": 60.7, "heading": 511, "status": "Under maskin"}}, {"type": "Feature", "geometry": {"type": "Point", "coordinates": [7.809345, 63.189163]}, "properties": {"time": "2025-10-22T03:08:01Z", "sog": 7.5, "cog": 64.1, "heading": 511, "status": "Under maskin"}}, {"type": "Feature", "geometry": {"type": "Point", "coordinates": [7.81127, 63.189625]}, "properties": {"time": "2025-10-22T03:08:30Z", "sog": 7.4, "cog": 61.3, "heading": 511, "status": "Under maskin"}}, {"type": "Feature", "geometry": {"type": "Point", "coordinates": [7.813317, 63.190128]}, "properties": {"time": "2025-10-22T03:09:01Z", "sog": 7.6, "cog": 64.7, "heading": 511, "status": "Under maskin"}}, {"type": "Feature", "geometry": {"type": "Point", "coordinates": [7.815248, 63.190578]}, "properties": {"time": "2025-10-22T03:09:30Z", "sog": 7.5, "cog": 60.4, "heading": 511, "status": "Under maskin"}}, {"type": "Feature", "geometry": {"type": "Point", "coordinates": [7.817293, 63.191071]}, "properties": {"time": "2025-10-22T03:10:01Z", "sog": 7.5, "cog": 56.4, "heading": 511, "status": "Under maskin"}}, {"type": "Feature", "geometry": {"type": "Point", "coordinates": [7.819195, 63.191528]}, "properties": {"time": "2025-10-22T03:10:30Z", "sog": 7.4, "cog": 60.7, "heading": 511, "status": "Under maskin"}}, {"type": "Feature", "geometry": {"type": "Point", "coordinates": [7.821378, 63.192059]}, "properties": {"time": "2025-10-22T03:11:03Z", "sog": 7.2, "cog": 60.2, "heading": 511, "status": "Under maskin"}}, {"type": "Feature", "geometry": {"type": "Point", "coordinates": [7.823147, 63.192501]}, "properties": {"time": "2025-10-22T03:11:30Z", "sog": 7.5, "cog": 65.5, "heading": 511, "status": "Under maskin"}}, {"type": "Feature", "geometry": {"type": "Point", "coordinates": [7.825312, 63.193031]}, "properties": {"time": "2025-10-22T03:12:03Z", "sog": 7.0, "cog": 62.5, "heading": 511, "status": "Under maskin"}}, {"type": "Feature", "geometry": {"type": "Point", "coordinates": [7.827092, 63.19347]}, "properties": {"time": "2025-10-22T03:12:30Z", "sog": 7.3, "cog": 60.5, "heading": 511, "status": "Under maskin"}}, {"type": "Feature", "geometry": {"type": "Point", "coordinates": [7.829263, 63.194008]}, "properties": {"time": "2025-10-22T03:13:03Z", "sog": 7.4, "cog": 60.4, "heading": 511, "status": "Under maskin"}}, {"type": "Feature", "geometry": {"type": "Point", "coordinates": [7.831121, 63.194458]}, "properties": {"time": "2025-10-22T03:13:30Z", "sog": 7.5, "cog": 59.7, "heading": 511, "status": "Under maskin"}}, {"type": "Feature", "geometry": {"type": "Point", "coordinates": [7.833322, 63.194996]}, "properties": {"time": "2025-10-22T03:14:03Z", "sog": 7.8, "cog": 61.8, "heading": 511, "status": "Under maskin"}}, {"type": "Feature", "geometry": {"type": "Point", "coordinates": [7.835057, 63.195435]}, "properties": {"time": "2025-10-22T03:14:30Z", "sog": 7.6, "cog": 59.7, "heading": 511, "status": "Under maskin"}}, {"type": "Feature", "geometry": {"type": "Point", "coordinates": [7.837262, 63.19598]}, "properties": {"time": "2025-10-22T03:15:03Z", "sog": 7.2, "cog": 61.8, "heading": 511, "status": "Under maskin"}}, {"type": "Feature", "geometry": {"type": "Point", "coordinates": [7.839117, 63.196445]}, "properties": {"time": "2025-10-22T03:15:30Z", "sog": 7.6, "cog": 59.2, "heading": 511, "status": "Under maskin"}}, {"type": "Feature", "geometry": {"type": "Point", "coordinates": [7.841017, 63.196934]}, "properties": {"time": "2025-10-22T03:16:01Z", "sog": 7.2, "cog": 61.4, "heading": 511, "status": "Under maskin"}}, {"type": "Feature", "geometry": {"type": "Point", "coordinates": [7.842977, 63.197433]}, "properties": {"time": "2025-10-22T03:16:30Z", "sog": 7.5, "cog": 57.4, "heading": 511, "status": "Under maskin"}}, {"type": "Feature", "geometry": {"type": "Point", "coordinates": [7.84499, 63.19796]}, "properties": {"time": "2025-10-22T03:17:01Z", "sog": 7.5, "cog": 61.0, "heading": 511, "status": "Under maskin"}}, {"type": "Feature", "geometry": {"type": "Point", "coordinates": [7.846938, 63.198467]}, "properties": {"time": "2025-10-22T03:17:30Z", "sog": 7.4, "cog": 59.4, "heading": 511, "status": "Under maskin"}}, {"type": "Feature", "geometry": {"type": "Point", "coordinates": [7.848886, 63.198975]}, "properties": {"time": "2025-10-22T03:18:01Z", "sog": 7.2, "cog": 61.2, "heading": 511, "status": "Under maskin"}}, {"type": "Feature", "geometry": {"type": "Point", "coordinates": [7.850827, 63.199478]}, "properties": {"time": "2025-10-22T03:18:31Z", "sog": 7.2, "cog": 57.4, "heading": 511, "status": "Under maskin"}}, {"type": "Feature", "geometry": {"type": "Point", "coordinates": [7.852782, 63.199986]}, "properties": {"time": "2025-10-22T03:19:01Z", "sog": 7.2, "cog": 61.6, "heading": 511, "status": "Under maskin"}}, {"type": "Feature", "geometry": {"type": "Point", "coordinates": [7.854748, 63.200478]}, "properties": {"time": "2025-10-22T03:19:31Z", "sog": 7.7, "cog": 58.9, "heading": 511, "status": "Under maskin"}}, {"type": "Feature", "geometry": {"type": "Point", "coordinates": [7.856697, 63.200985]}, "properties": {"time": "2025-10-22T03:20:01Z", "sog": 7.0, "cog": 62.9, "heading": 511, "status": "Under maskin"}}, {"type": "Feature", "geometry": {"type": "Point", "coordinates": [7.858773, 63.201496]}, "properties": {"time": "2025-10-22T03:20:31Z", "sog": 7.5, "cog": 61.6, "heading": 511, "status": "Under maskin"}}, {"type": "Feature", "geometry": {"type": "Point", "coordinates": [7.860718, 63.201977]}, "properties": {"time": "2025-10-22T03:21:01Z", "sog": 7.6, "cog": 60.7, "heading": 511, "status": "Under maskin"}}, {"type": "Feature", "geometry": {"type": "Point", "coordinates": [7.86276, 63.202488]}, "properties": {"time": "2025-10-22T03:21:31Z", "sog": 7.7, "cog": 60.4, "heading": 511, "status": "Under maskin"}}, {"type": "Feature", "geometry": {"type": "Point", "coordinates": [7.866909, 63.203533]}, "properties": {"time": "2025-10-22T03:22:31Z", "sog": 7.4, "cog": 59.8, "heading": 511, "status": "Under maskin"}}, {"type": "Feature", "geometry": {"type": "Point", "coordinates": [7.868788, 63.204014]}, "properties": {"time": "2025-10-22T03:23:00Z", "sog": 7.7, "cog": 60.7, "heading": 511, "status": "Under maskin"}}, {"type": "Feature", "geometry": {"type": "Point", "coordinates": [7.870817, 63.204544]}, "properties": {"time": "2025-10-22T03:23:30Z", "sog": 7.6, "cog": 61.3, "heading": 511, "status": "Under maskin"}}, {"type": "Feature", "geometry": {"type": "Point", "coordinates": [7.872867, 63.205067]}, "properties": {"time": "2025-10-22T03:24:00Z", "sog": 7.7, "cog": 58.9, "heading": 511, "status": "Under maskin"}}, {"type": "Feature", "geometry": {"type": "Point", "coordinates": [7.874992, 63.205601]}, "properties": {"time": "2025-10-22T03:24:30Z", "sog": 7.8, "cog": 60.8, "heading": 511, "status": "Under maskin"}}, {"type": "Feature", "geometry": {"type": "Point", "coordinates": [7.876983, 63.206097]}, "properties": {"time": "2025-10-22T03:25:00Z", "sog": 7.8, "cog": 61.6, "heading": 511, "status": "Under maskin"}}, {"type": "Feature", "geometry": {"type": "Point", "coordinates": [7.879053, 63.206604]}, "properties": {"time": "2025-10-22T03:25:30Z", "sog": 7.9, "cog": 60.4, "heading": 511, "status": "Under maskin"}}, {"type": "Feature", "geometry": {"type": "Point", "coordinates": [7.881137, 63.207115]}, "properties": {"time": "2025-10-22T03:26:00Z", "sog": 7.9, "cog": 62.4, "heading": 511, "status": "Under maskin"}}, {"type": "Feature", "geometry": {"type": "Point", "coordinates": [7.883217, 63.207615]}, "properties": {"time": "2025-10-22T03:26:30Z", "sog": 7.7, "cog": 62.3, "heading": 511, "status": "Under maskin"}}, {"type": "Feature", "geometry": {"type": "Point", "coordinates": [7.885378, 63.208141]}, "properties": {"time": "2025-10-22T03:27:00Z", "sog": 7.7, "cog": 61.5, "heading": 511, "status": "Under maskin"}}, {"type": "Feature", "geometry": {"type": "Point", "coordinates": [7.887412, 63.208626]}, "properties": {"time": "2025-10-22T03:27:30Z", "sog": 7.7, "cog": 60.3, "heading": 511, "status": "Under maskin"}}, {"type": "Feature", "geometry": {"type": "Point", "coordinates": [7.88958, 63.209141]}, "properties": {"time": "2025-10-22T03:28:01Z", "sog": 7.6, "cog": 61.5, "heading": 511, "status": "Under maskin"}}, {"type": "Feature", "geometry": {"type": "Point", "coordinates": [7.891607, 63.209618]}, "properties": {"time": "2025-10-22T03:28:30Z", "sog": 7.8, "cog": 61.3, "heading": 511, "status": "Under maskin"}}, {"type": "Feature", "geometry": {"type": "Point", "coordinates": [7.893833, 63.210148]}, "properties": {"time": "2025-10-22T03:29:01Z", "sog": 7.9, "cog": 60.7, "heading": 511, "status": "Under maskin"}}, {"type": "Feature", "geometry": {"type": "Point", "coordinates": [7.895988, 63.210655]}, "properties": {"time": "2025-10-22T03:29:33Z", "sog": 7.8, "cog": 64.3, "heading": 511, "status": "Under maskin"}}, {"type": "Feature", "geometry": {"type": "Point", "coordinates": [7.897937, 63.21109]}, "properties": {"time": "2025-10-22T03:30:01Z", "sog": 8.0, "cog": 64.3, "heading": 511, "status": "Under maskin"}}, {"type": "Feature", "geometry": {"type": "Point", "coordinates": [7.900185, 63.21159]}, "properties": {"time": "2025-10-22T03:30:33Z", "sog": 7.8, "cog": 63.9, "heading": 511, "status": "Under maskin"}}, {"type": "Feature", "geometry": {"type": "Point", "coordinates": [7.902147, 63.212025]}, "properties": {"time": "2025-10-22T03:31:01Z", "sog": 7.5, "cog": 62.8, "heading": 511, "status": "Under maskin"}}, {"type": "Feature", "geometry": {"type": "Point", "coordinates": [7.906365, 63.212986]}, "properties": {"time": "2025-10-22T03:32:01Z", "sog": 7.6, "cog": 64.5, "heading": 511, "status": "Under maskin"}}, {"type": "Feature", "geometry": {"type": "Point", "coordinates": [7.910643, 63.213955]}, "properties": {"time": "2025-10-22T03:33:01Z", "sog": 7.7, "cog": 63.2, "heading": 511, "status": "Under maskin"}}, {"type": "Feature", "geometry": {"type": "Point", "coordinates": [7.912782, 63.214439]}, "properties": {"time": "2025-10-22T03:33:30Z", "sog": 7.8, "cog": 63.9, "heading": 511, "status": "Under maskin"}}, {"type": "Feature", "geometry": {"type": "Point", "coordinates": [7.914995, 63.214947]}, "properties": {"time": "2025-10-22T03:34:01Z", "sog": 7.9, "cog": 62.7, "heading": 511, "status": "Under maskin"}}, {"type": "Feature", "geometry": {"type": "Point", "coordinates": [7.917008, 63.215401]}, "properties": {"time": "2025-10-22T03:34:30Z", "sog": 7.9, "cog": 63.4, "heading": 511, "status": "Under maskin"}}, {"type": "Feature", "geometry": {"type": "Point", "coordinates": [7.919215, 63.215912]}, "properties": {"time": "2025-10-22T03:35:01Z", "sog": 7.8, "cog": 63.6, "heading": 511, "status": "Under maskin"}}, {"type": "Feature", "geometry": {"type": "Point", "coordinates": [7.92134, 63.216419]}, "properties": {"time": "2025-10-22T03:35:30Z", "sog": 7.5, "cog": 62.3, "heading": 511, "status": "Under maskin"}}, {"type": "Feature", "geometry": {"type": "Point", "coordinates": [7.923407, 63.216911]}, "properties": {"time": "2025-10-22T03:36:00Z", "sog": 7.5, "cog": 61.1, "heading": 511, "status": "Under maskin"}}, {"type": "Feature", "geometry": {"type": "Point", "coordinates": [7.92553, 63.217438]}, "properties": {"time": "2025-10-22T03:36:30Z", "sog": 7.7, "cog": 61.2, "heading": 511, "status": "Under maskin"}}, {"type": "Feature", "geometry": {"type": "Point", "coordinates": [7.927653, 63.217968]}, "properties": {"time": "2025-10-22T03:37:00Z", "sog": 7.9, "cog": 61.8, "heading": 511, "status": "Under maskin"}}, {"type": "Feature", "geometry": {"type": "Point", "coordinates": [7.929833, 63.218502]}, "properties": {"time": "2025-10-22T03:37:30Z", "sog": 7.8, "cog": 61.3, "heading": 511, "status": "Under maskin"}}, {"type": "Feature", "geometry": {"type": "Point", "coordinates": [7.931873, 63.219013]}, "properties": {"time": "2025-10-22T03:38:00Z", "sog": 8.0, "cog": 62.2, "heading": 511, "status": "Under maskin"}}, {"type": "Feature", "geometry": {"type": "Point", "coordinates": [7.933987, 63.219543]}, "properties": {"time": "2025-10-22T03:38:30Z", "sog": 7.8, "cog": 61.6, "heading": 511, "status": "Under maskin"}}, {"type": "Feature", "geometry": {"type": "Point", "coordinates": [7.936113, 63.220066]}, "properties": {"time": "2025-10-22T03:39:00Z", "sog": 7.9, "cog": 62.6, "heading": 511, "status": "Under maskin"}}, {"type": "Feature", "geometry": {"type": "Point", "coordinates": [7.938318, 63.2206]}, "properties": {"time": "2025-10-22T03:39:30Z", "sog": 7.9, "cog": 62.7, "heading": 511, "status": "Under maskin"}}, {"type": "Feature", "geometry": {"type": "Point", "coordinates": [7.940385, 63.221107]}, "properties": {"time": "2025-10-22T03:40:00Z", "sog": 7.8, "cog": 60.5, "heading": 511, "status": "Under maskin"}}, {"type": "Feature", "geometry": {"type": "Point", "coordinates": [7.942525, 63.221642]}, "properties": {"time": "2025-10-22T03:40:30Z", "sog": 7.8, "cog": 61.0, "heading": 511, "status": "Under maskin"}}, {"type": "Feature", "geometry": {"type": "Point", "coordinates": [7.944598, 63.222153]}, "properties": {"time": "2025-10-22T03:40:59Z", "sog": 8.0, "cog": 60.8, "heading": 511, "status": "Under maskin"}}, {"type": "Feature", "geometry": {"type": "Point", "coordinates": [7.94689, 63.222717]}, "properties": {"time": "2025-10-22T03:41:30Z", "sog": 7.8, "cog": 62.1, "heading": 511, "status": "Under maskin"}}, {"type": "Feature", "geometry": {"type": "Point", "coordinates": [7.948967, 63.223232]}, "properties": {"time": "2025-10-22T03:41:59Z", "sog": 8.2, "cog": 60.0, "heading": 511, "status": "Under maskin"}}, {"type": "Feature", "geometry": {"type": "Point", "coordinates": [7.951092, 63.22377]}, "properties": {"time": "2025-10-22T03:42:30Z", "sog": 7.8, "cog": 60.5, "heading": 511, "status": "Under maskin"}}, {"type": "Feature", "geometry": {"type": "Point", "coordinates": [7.953162, 63.224289]}, "properties": {"time": "2025-10-22T03:42:59Z", "sog": 8.0, "cog": 60.0, "heading": 511, "status": "Under maskin"}}, {"type": "Feature", "geometry": {"type": "Point", "coordinates": [7.955448, 63.224854]}, "properties": {"time": "2025-10-22T03:43:30Z", "sog": 7.9, "cog": 60.4, "heading": 511, "status": "Under maskin"}}, {"type": "Feature", "geometry": {"type": "Point", "coordinates": [7.957531, 63.225353]}, "properties": {"time": "2025-10-22T03:43:59Z", "sog": 8.1, "cog": 60.9, "heading": 511, "status": "Under maskin"}}, {"type": "Feature", "geometry": {"type": "Point", "coordinates": [7.959775, 63.225883]}, "properties": {"time": "2025-10-22T03:44:31Z", "sog": 7.8, "cog": 62.7, "heading": 511, "status": "Under maskin"}}, {"type": "Feature", "geometry": {"type": "Point", "coordinates": [7.961803, 63.226349]}, "properties": {"time": "2025-10-22T03:44:59Z", "sog": 8.0, "cog": 62.6, "heading": 511, "status": "Under maskin"}}, {"type": "Feature", "geometry": {"type": "Point", "coordinates": [7.964118, 63.226898]}, "properties": {"time": "2025-10-22T03:45:31Z", "sog": 7.8, "cog": 61.9, "heading": 511, "status": "Under maskin"}}, {"type": "Feature", "geometry": {"type": "Point", "coordinates": [7.966212, 63.22739]}, "properties": {"time": "2025-10-22T03:45:59Z", "sog": 8.1, "cog": 61.6, "heading": 511, "status": "Under maskin"}}, {"type": "Feature", "geometry": {"type": "Point", "coordinates": [7.968448, 63.227921]}, "properties": {"time": "2025-10-22T03:46:31Z", "sog": 8.0, "cog": 63.7, "heading": 511, "status": "Under maskin"}}, {"type": "Feature", "geometry": {"type": "Point", "coordinates": [7.970625, 63.22842]}, "properties": {"time": "2025-10-22T03:47:00Z", "sog": 7.9, "cog": 62.0, "heading": 511, "status": "Under maskin"}}, {"type": "Feature", "geometry": {"type": "Point", "coordinates": [7.972796, 63.228928]}, "properties": {"time": "2025-10-22T03:47:31Z", "sog": 8.2, "cog": 63.0, "heading": 511, "status": "Under maskin"}}, {"type": "Feature", "geometry": {"type": "Point", "coordinates": [7.974987, 63.229435]}, "properties": {"time": "2025-10-22T03:48:00Z", "sog": 7.9, "cog": 63.1, "heading": 511, "status": "Under maskin"}}, {"type": "Feature", "geometry": {"type": "Point", "coordinates": [7.977187, 63.229916]}, "properties": {"time": "2025-10-22T03:48:31Z", "sog": 7.9, "cog": 64.1, "heading": 511, "status": "Under maskin"}}, {"type": "Feature", "geometry": {"type": "Point", "coordinates": [7.979383, 63.230404]}, "properties": {"time": "2025-10-22T03:49:00Z", "sog": 7.9, "cog": 62.5, "heading": 511, "status": "Under maskin"}}, {"type": "Feature", "geometry": {"type": "Point", "coordinates": [7.981572, 63.230885]}, "properties": {"time": "2025-10-22T03:49:31Z", "sog": 7.7, "cog": 63.1, "heading": 511, "status": "Under maskin"}}, {"type": "Feature", "geometry": {"type": "Point", "coordinates": [7.983713, 63.231373]}, "properties": {"time": "2025-10-22T03:50:00Z", "sog": 7.8, "cog": 62.5, "heading": 511, "status": "Under maskin"}}, {"type": "Feature", "geometry": {"type": "Point", "coordinates": [7.985848, 63.231853]}, "properties": {"time": "2025-10-22T03:50:30Z", "sog": 7.8, "cog": 63.3, "heading": 511, "status": "Under maskin"}}, {"type": "Feature", "geometry": {"type": "Point", "coordinates": [7.988, 63.232323]}, "properties": {"time": "2025-10-22T03:51:00Z", "sog": 7.8, "cog": 62.2, "heading": 511, "status": "Under maskin"}}, {"type": "Feature", "geometry": {"type": "Point", "coordinates": [7.990152, 63.232792]}, "properties": {"time": "2025-10-22T03:51:30Z", "sog": 7.7, "cog": 61.8, "heading": 511, "status": "Under maskin"}}, {"type": "Feature", "geometry": {"type": "Point", "coordinates": [7.99223, 63.233238]}, "properties": {"time": "2025-10-22T03:52:00Z", "sog": 7.8, "cog": 66.0, "heading": 511, "status": "Under maskin"}}, {"type": "Feature", "geometry": {"type": "Point", "coordinates": [7.994448, 63.233711]}, "properties": {"time": "2025-10-22T03:52:30Z", "sog": 7.6, "cog": 63.9, "heading": 511, "status": "Under maskin"}}, {"type": "Feature", "geometry": {"type": "Point", "coordinates": [7.996593, 63.234196]}, "properties": {"time": "2025-10-22T03:53:00Z", "sog": 7.6, "cog": 62.8, "heading": 511, "status": "Under maskin"}}, {"type": "Feature", "geometry": {"type": "Point", "coordinates": [7.99871, 63.234695]}, "properties": {"time": "2025-10-22T03:53:30Z", "sog": 7.9, "cog": 62.7, "heading": 511, "status": "Under maskin"}}, {"type": "Feature", "geometry": {"type": "Point", "coordinates": [8.000782, 63.235172]}, "properties": {"time": "2025-10-22T03:54:00Z", "sog": 7.7, "cog": 63.1, "heading": 511, "status": "Under maskin"}}, {"type": "Feature", "geometry": {"type": "Point", "coordinates": [8.002998, 63.235683]}, "properties": {"time": "2025-10-22T03:54:30Z", "sog": 7.9, "cog": 62.9, "heading": 511, "status": "Under maskin"}}, {"type": "Feature", "geometry": {"type": "Point", "coordinates": [8.005292, 63.236229]}, "properties": {"time": "2025-10-22T03:55:03Z", "sog": 8.0, "cog": 62.8, "heading": 511, "status": "Under maskin"}}, {"type": "Feature", "geometry": {"type": "Point", "coordinates": [8.007203, 63.236694]}, "properties": {"time": "2025-10-22T03:55:30Z", "sog": 7.6, "cog": 61.5, "heading": 511, "status": "Under maskin"}}, {"type": "Feature", "geometry": {"type": "Point", "coordinates": [8.009503, 63.237259]}, "properties": {"time": "2025-10-22T03:56:03Z", "sog": 7.8, "cog": 61.3, "heading": 511, "status": "Under maskin"}}, {"type": "Feature", "geometry": {"type": "Point", "coordinates": [8.011363, 63.237728]}, "properties": {"time": "2025-10-22T03:56:30Z", "sog": 7.6, "cog": 60.4, "heading": 511, "status": "Under maskin"}}, {"type": "Feature", "geometry": {"type": "Point", "coordinates": [8.013627, 63.238293]}, "properties": {"time": "2025-10-22T03:57:03Z", "sog": 7.8, "cog": 62.0, "heading": 511, "status": "Under maskin"}}, {"type": "Feature", "geometry": {"type": "Point", "coordinates": [8.015495, 63.238762]}, "properties": {"time": "2025-10-22T03:57:30Z", "sog": 7.5, "cog": 60.4, "heading": 511, "status": "Under maskin"}}, {"type": "Feature", "geometry": {"type": "Point", "coordinates": [8.017755, 63.239326]}, "properties": {"time": "2025-10-22T03:58:03Z", "sog": 7.7, "cog": 61.1, "heading": 511, "status": "Under maskin"}}, {"type": "Feature", "geometry": {"type": "Point", "coordinates": [8.019635, 63.239792]}, "properties": {"time": "2025-10-22T03:58:30Z", "sog": 7.6, "cog": 61.8, "heading": 511, "status": "Under maskin"}}, {"type": "Feature", "geometry": {"type": "Point", "coordinates": [8.02189, 63.24036]}, "properties": {"time": "2025-10-22T03:59:03Z", "sog": 7.8, "cog": 59.7, "heading": 511, "status": "Under maskin"}}, {"type": "Feature", "geometry": {"type": "Point", "coordinates": [8.023728, 63.240849]}, "properties": {"time": "2025-10-22T03:59:30Z", "sog": 7.6, "cog": 58.4, "heading": 511, "status": "Under maskin"}}, {"type": "Feature", "geometry": {"type": "Point", "coordinates": [8.025971, 63.24144]}, "properties": {"time": "2025-10-22T04:00:03Z", "sog": 7.9, "cog": 59.0, "heading": 511, "status": "Under maskin"}}, {"type": "Feature", "geometry": {"type": "Point", "coordinates": [8.02778, 63.241928]}, "properties": {"time": "2025-10-22T04:00:30Z", "sog": 7.6, "cog": 58.5, "heading": 511, "status": "Under maskin"}}, {"type": "Feature", "geometry": {"type": "Point", "coordinates": [8.029945, 63.242523]}, "properties": {"time": "2025-10-22T04:01:03Z", "sog": 7.6, "cog": 57.9, "heading": 511, "status": "Under maskin"}}, {"type": "Feature", "geometry": {"type": "Point", "coordinates": [8.03173, 63.243015]}, "properties": {"time": "2025-10-22T04:01:30Z", "sog": 7.7, "cog": 58.9, "heading": 511, "status": "Under maskin"}}, {"type": "Feature", "geometry": {"type": "Point", "coordinates": [8.033807, 63.243587]}, "properties": {"time": "2025-10-22T04:02:01Z", "sog": 7.8, "cog": 58.6, "heading": 511, "status": "Under maskin"}}, {"type": "Feature", "geometry": {"type": "Point", "coordinates": [8.035778, 63.244118]}, "properties": {"time": "2025-10-22T04:02:30Z", "sog": 7.7, "cog": 58.7, "heading": 511, "status": "Under maskin"}}, {"type": "Feature", "geometry": {"type": "Point", "coordinates": [8.037942, 63.244713]}, "properties": {"time": "2025-10-22T04:03:01Z", "sog": 7.7, "cog": 58.9, "heading": 511, "status": "Under maskin"}}, {"type": "Feature", "geometry": {"type": "Point", "coordinates": [8.039955, 63.245266]}, "properties": {"time": "2025-10-22T04:03:32Z", "sog": 7.7, "cog": 58.2, "heading": 511, "status": "Under maskin"}}, {"type": "Feature", "geometry": {"type": "Point", "coordinates": [8.041892, 63.2458]}, "properties": {"time": "2025-10-22T04:04:01Z", "sog": 7.7, "cog": 59.1, "heading": 511, "status": "Under maskin"}}, {"type": "Feature", "geometry": {"type": "Point", "coordinates": [8.043963, 63.246361]}, "properties": {"time": "2025-10-22T04:04:32Z", "sog": 7.6, "cog": 58.7, "heading": 511, "status": "Under maskin"}}, {"type": "Feature", "geometry": {"type": "Point", "coordinates": [8.045974, 63.246895]}, "properties": {"time": "2025-10-22T04:05:01Z", "sog": 7.6, "cog": 59.8, "heading": 511, "status": "Under maskin"}}, {"type": "Feature", "geometry": {"type": "Point", "coordinates": [8.047952, 63.24744]}, "properties": {"time": "2025-10-22T04:05:32Z", "sog": 7.7, "cog": 57.9, "heading": 511, "status": "Under maskin"}}, {"type": "Feature", "geometry": {"type": "Point", "coordinates": [8.049835, 63.247971]}, "properties": {"time": "2025-10-22T04:06:01Z", "sog": 7.3, "cog": 58.0, "heading": 511, "status": "Under maskin"}}, {"type": "Feature", "geometry": {"type": "Point", "coordinates": [8.051851, 63.248539]}, "properties": {"time": "2025-10-22T04:06:32Z", "sog": 7.4, "cog": 59.1, "heading": 511, "status": "Under maskin"}}, {"type": "Feature", "geometry": {"type": "Point", "coordinates": [8.05378, 63.249073]}, "properties": {"time": "2025-10-22T04:07:01Z", "sog": 7.4, "cog": 59.2, "heading": 511, "status": "Under maskin"}}, {"type": "Feature", "geometry": {"type": "Point", "coordinates": [8.055723, 63.249603]}, "properties": {"time": "2025-10-22T04:07:32Z", "sog": 7.4, "cog": 59.7, "heading": 511, "status": "Under maskin"}}, {"type": "Feature", "geometry": {"type": "Point", "coordinates": [8.057595, 63.250126]}, "properties": {"time": "2025-10-22T04:08:01Z", "sog": 7.3, "cog": 57.9, "heading": 511, "status": "Under maskin"}}, {"type": "Feature", "geometry": {"type": "Point", "coordinates": [8.059439, 63.250641]}, "properties": {"time": "2025-10-22T04:08:30Z", "sog": 7.3, "cog": 58.8, "heading": 511, "status": "Under maskin"}}, {"type": "Feature", "geometry": {"type": "Point", "coordinates": [8.061385, 63.251194]}, "properties": {"time": "2025-10-22T04:09:01Z", "sog": 7.2, "cog": 58.0, "heading": 511, "status": "Under maskin"}}, {"type": "Feature", "geometry": {"type": "Point", "coordinates": [8.063282, 63.25172]}, "properties": {"time": "2025-10-22T04:09:30Z", "sog": 7.4, "cog": 58.8, "heading": 511, "status": "Under maskin"}}, {"type": "Feature", "geometry": {"type": "Point", "coordinates": [8.06517, 63.252254]}, "properties": {"time": "2025-10-22T04:10:01Z", "sog": 7.3, "cog": 57.8, "heading": 511, "status": "Under maskin"}}, {"type": "Feature", "geometry": {"type": "Point", "coordinates": [8.066988, 63.252769]}, "properties": {"time": "2025-10-22T04:10:30Z", "sog": 7.2, "cog": 58.4, "heading": 511, "status": "Under maskin"}}, {"type": "Feature", "geometry": {"type": "Point", "coordinates": [8.068942, 63.253315]}, "properties": {"time": "2025-10-22T04:11:01Z", "sog": 7.3, "cog": 57.7, "heading": 511, "status": "Under maskin"}}, {"type": "Feature", "geometry": {"type": "Point", "coordinates": [8.070838, 63.253853]}, "properties": {"time": "2025-10-22T04:11:30Z", "sog": 7.2, "cog": 58.7, "heading": 511, "status": "Under maskin"}}, {"type": "Feature", "geometry": {"type": "Point", "coordinates": [8.072743, 63.254387]}, "properties": {"time": "2025-10-22T04:12:01Z", "sog": 7.3, "cog": 58.3, "heading": 511, "status": "Under maskin"}}, {"type": "Feature", "geometry": {"type": "Point", "coordinates": [8.074567, 63.254898]}, "properties": {"time": "2025-10-22T04:12:30Z", "sog": 7.3, "cog": 57.3, "heading": 511, "status": "Under maskin"}}, {"type": "Feature", "geometry": {"type": "Point", "coordinates": [8.076537, 63.255447]}, "properties": {"time": "2025-10-22T04:13:01Z", "sog": 7.3, "cog": 58.4, "heading": 511, "status": "Under maskin"}}, {"type": "Feature", "geometry": {"type": "Point", "coordinates": [8.078442, 63.255974]}, "properties": {"time": "2025-10-22T04:13:30Z", "sog": 7.3, "cog": 57.6, "heading": 511, "status": "Under maskin"}}, {"type": "Feature", "geometry": {"type": "Point", "coordinates": [8.080283, 63.256485]}, "properties": {"time": "2025-10-22T04:14:01Z", "sog": 7.2, "cog": 58.2, "heading": 511, "status": "Under maskin"}}, {"type": "Feature", "geometry": {"type": "Point", "coordinates": [8.082252, 63.257042]}, "properties": {"time": "2025-10-22T04:14:31Z", "sog": 7.4, "cog": 58.8, "heading": 511, "status": "Under maskin"}}, {"type": "Feature", "geometry": {"type": "Point", "coordinates": [8.084146, 63.257584]}, "properties": {"time": "2025-10-22T04:15:01Z", "sog": 7.3, "cog": 57.1, "heading": 511, "status": "Under maskin"}}, {"type": "Feature", "geometry": {"type": "Point", "coordinates": [8.085997, 63.258129]}, "properties": {"time": "2025-10-22T04:15:31Z", "sog": 7.2, "cog": 57.5, "heading": 511, "status": "Under maskin"}}, {"type": "Feature", "geometry": {"type": "Point", "coordinates": [8.08781, 63.258629]}, "properties": {"time": "2025-10-22T04:16:00Z", "sog": 7.0, "cog": 59.3, "heading": 511, "status": "Under maskin"}}, {"type": "Feature", "geometry": {"type": "Point", "coordinates": [8.089699, 63.25914]}, "properties": {"time": "2025-10-22T04:16:31Z", "sog": 7.2, "cog": 59.0, "heading": 511, "status": "Under maskin"}}, {"type": "Feature", "geometry": {"type": "Point", "coordinates": [8.09163, 63.259655]}, "properties": {"time": "2025-10-22T04:17:00Z", "sog": 7.2, "cog": 60.3, "heading": 511, "status": "Under maskin"}}, {"type": "Feature", "geometry": {"type": "Point", "coordinates": [8.093632, 63.260193]}, "properties": {"time": "2025-10-22T04:17:31Z", "sog": 7.3, "cog": 59.0, "heading": 511, "status": "Under maskin"}}, {"type": "Feature", "geometry": {"type": "Point", "coordinates": [8.095516, 63.260693]}, "properties": {"time": "2025-10-22T04:18:00Z", "sog": 7.4, "cog": 59.2, "heading": 511, "status": "Under maskin"}}, {"type": "Feature", "geometry": {"type": "Point", "coordinates": [8.097468, 63.261223]}, "properties": {"time": "2025-10-22T04:18:31Z", "sog": 7.5, "cog": 58.8, "heading": 511, "status": "Under maskin"}}, {"type": "Feature", "geometry": {"type": "Point", "coordinates": [8.099428, 63.261765]}, "properties": {"time": "2025-10-22T04:19:00Z", "sog": 7.5, "cog": 59.2, "heading": 511, "status": "Under maskin"}}, {"type": "Feature", "geometry": {"type": "Point", "coordinates": [8.10137, 63.26226]}, "properties": {"time": "2025-10-22T04:19:29Z", "sog": 7.5, "cog": 60.1, "heading": 511, "status": "Under maskin"}}, {"type": "Feature", "geometry": {"type": "Point", "coordinates": [8.103435, 63.262798]}, "properties": {"time": "2025-10-22T04:20:00Z", "sog": 7.5, "cog": 60.7, "heading": 511, "status": "Under maskin"}}, {"type": "Feature", "geometry": {"type": "Point", "coordinates": [8.105367, 63.263302]}, "properties": {"time": "2025-10-22T04:20:29Z", "sog": 7.4, "cog": 61.1, "heading": 511, "status": "Under maskin"}}, {"type": "Feature", "geometry": {"type": "Point", "coordinates": [8.10738, 63.263824]}, "properties": {"time": "2025-10-22T04:21:00Z", "sog": 7.3, "cog": 59.6, "heading": 511, "status": "Under maskin"}}, {"type": "Feature", "geometry": {"type": "Point", "coordinates": [8.109252, 63.26432]}, "properties": {"time": "2025-10-22T04:21:29Z", "sog": 7.3, "cog": 59.7, "heading": 511, "status": "Under maskin"}}, {"type": "Feature", "geometry": {"type": "Point", "coordinates": [8.111265, 63.264851]}, "properties": {"time": "2025-10-22T04:21:59Z", "sog": 7.4, "cog": 60.6, "heading": 511, "status": "Under maskin"}}, {"type": "Feature", "geometry": {"type": "Point", "coordinates": [8.113243, 63.265347]}, "properties": {"time": "2025-10-22T04:22:29Z", "sog": 7.4, "cog": 61.4, "heading": 511, "status": "Under maskin"}}, {"type": "Feature", "geometry": {"type": "Point", "coordinates": [8.11516, 63.265823]}, "properties": {"time": "2025-10-22T04:22:59Z", "sog": 7.5, "cog": 61.9, "heading": 511, "status": "Under maskin"}}, {"type": "Feature", "geometry": {"type": "Point", "coordinates": [8.117422, 63.266376]}, "properties": {"time": "2025-10-22T04:23:33Z", "sog": 7.4, "cog": 61.2, "heading": 511, "status": "Under maskin"}}, {"type": "Feature", "geometry": {"type": "Point", "coordinates": [8.119222, 63.266819]}, "properties": {"time": "2025-10-22T04:23:59Z", "sog": 7.3, "cog": 61.6, "heading": 511, "status": "Under maskin"}}, {"type": "Feature", "geometry": {"type": "Point", "coordinates": [8.121223, 63.267326]}, "properties": {"time": "2025-10-22T04:24:33Z", "sog": 6.6, "cog": 60.3, "heading": 511, "status": "Under maskin"}}, {"type": "Feature", "geometry": {"type": "Point", "coordinates": [8.122728, 63.2677]}, "properties": {"time": "2025-10-22T04:24:59Z", "sog": 6.5, "cog": 63.0, "heading": 511, "status": "Under maskin"}}, {"type": "Feature", "geometry": {"type": "Point", "coordinates": [8.12473, 63.268143]}, "properties": {"time": "2025-10-22T04:25:33Z", "sog": 6.5, "cog": 64.8, "heading": 511, "status": "Under maskin"}}, {"type": "Feature", "geometry": {"type": "Point", "coordinates": [8.126445, 63.268509]}, "properties": {"time": "2025-10-22T04:26:02Z", "sog": 6.4, "cog": 64.3, "heading": 511, "status": "Under maskin"}}, {"type": "Feature", "geometry": {"type": "Point", "coordinates": [8.128288, 63.268902]}, "properties": {"time": "2025-10-22T04:26:33Z", "sog": 6.4, "cog": 65.3, "heading": 511, "status": "Under maskin"}}, {"type": "Feature", "geometry": {"type": "Point", "coordinates": [8.130083, 63.269279]}, "properties": {"time": "2025-10-22T04:27:02Z", "sog": 6.5, "cog": 66.1, "heading": 511, "status": "Under maskin"}}, {"type": "Feature", "geometry": {"type": "Point", "coordinates": [8.131937, 63.269672]}, "properties": {"time": "2025-10-22T04:27:33Z", "sog": 6.4, "cog": 63.9, "heading": 511, "status": "Under maskin"}}, {"type": "Feature", "geometry": {"type": "Point", "coordinates": [8.133632, 63.270039]}, "properties": {"time": "2025-10-22T04:28:02Z", "sog": 6.6, "cog": 64.7, "heading": 511, "status": "Under maskin"}}, {"type": "Feature", "geometry": {"type": "Point", "coordinates": [8.135549, 63.270435]}, "properties": {"time": "2025-10-22T04:28:33Z", "sog": 6.8, "cog": 65.7, "heading": 511, "status": "Under maskin"}}, {"type": "Feature", "geometry": {"type": "Point", "coordinates": [8.137352, 63.270817]}, "properties": {"time": "2025-10-22T04:29:02Z", "sog": 6.5, "cog": 65.4, "heading": 511, "status": "Under maskin"}}, {"type": "Feature", "geometry": {"type": "Point", "coordinates": [8.139267, 63.271214]}, "properties": {"time": "2025-10-22T04:29:33Z", "sog": 6.8, "cog": 64.5, "heading": 511, "status": "Under maskin"}}, {"type": "Feature", "geometry": {"type": "Point", "coordinates": [8.14105, 63.271599]}, "properties": {"time": "2025-10-22T04:30:00Z", "sog": 7.3, "cog": 64.0, "heading": 511, "status": "Under maskin"}}, {"type": "Feature", "geometry": {"type": "Point", "coordinates": [8.143113, 63.272083]}, "properties": {"time": "2025-10-22T04:30:31Z", "sog": 7.3, "cog": 59.5, "heading": 511, "status": "Under maskin"}}, {"type": "Feature", "geometry": {"type": "Point", "coordinates": [8.14508, 63.272598]}, "properties": {"time": "2025-10-22T04:31:00Z", "sog": 7.4, "cog": 60.2, "heading": 511, "status": "Under maskin"}}, {"type": "Feature", "geometry": {"type": "Point", "coordinates": [8.147045, 63.273113]}, "properties": {"time": "2025-10-22T04:31:31Z", "sog": 7.4, "cog": 58.6, "heading": 511, "status": "Under maskin"}}, {"type": "Feature", "geometry": {"type": "Point", "coordinates": [8.149022, 63.273643]}, "properties": {"time": "2025-10-22T04:32:00Z", "sog": 7.5, "cog": 60.1, "heading": 511, "status": "Under maskin"}}, {"type": "Feature", "geometry": {"type": "Point", "coordinates": [8.150947, 63.274151]}, "properties": {"time": "2025-10-22T04:32:31Z", "sog": 7.7, "cog": 59.4, "heading": 511, "status": "Under maskin"}}, {"type": "Feature", "geometry": {"type": "Point", "coordinates": [8.154984, 63.275242]}, "properties": {"time": "2025-10-22T04:33:31Z", "sog": 7.6, "cog": 58.7, "heading": 511, "status": "Under maskin"}}, {"type": "Feature", "geometry": {"type": "Point", "coordinates": [8.156968, 63.275784]}, "properties": {"time": "2025-10-22T04:34:00Z", "sog": 7.6, "cog": 59.3, "heading": 511, "status": "Under maskin"}}, {"type": "Feature", "geometry": {"type": "Point", "coordinates": [8.158961, 63.276318]}, "properties": {"time": "2025-10-22T04:34:31Z", "sog": 7.6, "cog": 59.6, "heading": 511, "status": "Under maskin"}}, {"type": "Feature", "geometry": {"type": "Point", "coordinates": [8.161047, 63.276852]}, "properties": {"time": "2025-10-22T04:35:03Z", "sog": 7.5, "cog": 60.0, "heading": 511, "status": "Under maskin"}}, {"type": "Feature", "geometry": {"type": "Point", "coordinates": [8.162958, 63.277367]}, "properties": {"time": "2025-10-22T04:35:31Z", "sog": 7.5, "cog": 57.5, "heading": 511, "status": "Under maskin"}}, {"type": "Feature", "geometry": {"type": "Point", "coordinates": [8.164982, 63.277977]}, "properties": {"time": "2025-10-22T04:36:03Z", "sog": 7.5, "cog": 55.7, "heading": 511, "status": "Under maskin"}}, {"type": "Feature", "geometry": {"type": "Point", "coordinates": [8.16676, 63.278515]}, "properties": {"time": "2025-10-22T04:36:31Z", "sog": 7.5, "cog": 55.9, "heading": 511, "status": "Under maskin"}}, {"type": "Feature", "geometry": {"type": "Point", "coordinates": [8.1688, 63.279125]}, "properties": {"time": "2025-10-22T04:37:03Z", "sog": 7.5, "cog": 56.1, "heading": 511, "status": "Under maskin"}}, {"type": "Feature", "geometry": {"type": "Point", "coordinates": [8.170595, 63.279659]}, "properties": {"time": "2025-10-22T04:37:31Z", "sog": 7.5, "cog": 56.5, "heading": 511, "status": "Under maskin"}}, {"type": "Feature", "geometry": {"type": "Point", "coordinates": [8.172628, 63.280289]}, "properties": {"time": "2025-10-22T04:38:03Z", "sog": 7.5, "cog": 54.7, "heading": 511, "status": "Under maskin"}}, {"type": "Feature", "geometry": {"type": "Point", "coordinates": [8.174418, 63.280842]}, "properties": {"time": "2025-10-22T04:38:31Z", "sog": 7.5, "cog": 55.4, "heading": 511, "status": "Under maskin"}}, {"type": "Feature", "geometry": {"type": "Point", "coordinates": [8.176481, 63.281471]}, "properties": {"time": "2025-10-22T04:39:03Z", "sog": 7.6, "cog": 56.4, "heading": 511, "status": "Under maskin"}}, {"type": "Feature", "geometry": {"type": "Point", "coordinates": [8.178302, 63.282021]}, "properties": {"time": "2025-10-22T04:39:31Z", "sog": 7.7, "cog": 55.8, "heading": 511, "status": "Under maskin"}}, {"type": "Feature", "geometry": {"type": "Point", "coordinates": [8.180183, 63.2826]}, "properties": {"time": "2025-10-22T04:40:00Z", "sog": 7.8, "cog": 55.7, "heading": 511, "status": "Under maskin"}}, {"type": "Feature", "geometry": {"type": "Point", "coordinates": [8.182178, 63.283226]}, "properties": {"time": "2025-10-22T04:40:31Z", "sog": 7.7, "cog": 55.0, "heading": 511, "status": "Under maskin"}}, {"type": "Feature", "geometry": {"type": "Point", "coordinates": [8.184055, 63.283817]}, "properties": {"time": "2025-10-22T04:41:00Z", "sog": 7.6, "cog": 55.5, "heading": 511, "status": "Under maskin"}}, {"type": "Feature", "geometry": {"type": "Point", "coordinates": [8.188042, 63.285038]}, "properties": {"time": "2025-10-22T04:42:00Z", "sog": 7.6, "cog": 56.1, "heading": 511, "status": "Under maskin"}}, {"type": "Feature", "geometry": {"type": "Point", "coordinates": [8.18992, 63.285614]}, "properties": {"time": "2025-10-22T04:42:31Z", "sog": 7.6, "cog": 55.7, "heading": 511, "status": "Under maskin"}}, {"type": "Feature", "geometry": {"type": "Point", "coordinates": [8.191809, 63.286213]}, "properties": {"time": "2025-10-22T04:43:00Z", "sog": 7.4, "cog": 55.7, "heading": 511, "status": "Under maskin"}}, {"type": "Feature", "geometry": {"type": "Point", "coordinates": [8.193755, 63.286839]}, "properties": {"time": "2025-10-22T04:43:31Z", "sog": 7.5, "cog": 54.5, "heading": 511, "status": "Under maskin"}}, {"type": "Feature", "geometry": {"type": "Point", "coordinates": [8.195672, 63.28743]}, "properties": {"time": "2025-10-22T04:44:00Z", "sog": 7.7, "cog": 54.0, "heading": 511, "status": "Under maskin"}}, {"type": "Feature", "geometry": {"type": "Point", "coordinates": [8.197436, 63.287998]}, "properties": {"time": "2025-10-22T04:44:30Z", "sog": 7.5, "cog": 54.4, "heading": 511, "status": "Under maskin"}}, {"type": "Feature", "geometry": {"type": "Point", "coordinates": [8.199378, 63.288616]}, "properties": {"time": "2025-10-22T04:45:00Z", "sog": 7.5, "cog": 54.6, "heading": 511, "status": "Under maskin"}}, {"type": "Feature", "geometry": {"type": "Point", "coordinates": [8.201221, 63.289223]}, "properties": {"time": "2025-10-22T04:45:30Z", "sog": 7.4, "cog": 54.0, "heading": 511, "status": "Under maskin"}}, {"type": "Feature", "geometry": {"type": "Point", "coordinates": [8.203208, 63.289864]}, "properties": {"time": "2025-10-22T04:46:02Z", "sog": 7.6, "cog": 55.3, "heading": 511, "status": "Under maskin"}}, {"type": "Feature", "geometry": {"type": "Point", "coordinates": [8.204893, 63.290382]}, "properties": {"time": "2025-10-22T04:46:30Z", "sog": 7.4, "cog": 56.4, "heading": 511, "status": "Under maskin"}}, {"type": "Feature", "geometry": {"type": "Point", "coordinates": [8.206908, 63.291012]}, "properties": {"time": "2025-10-22T04:47:02Z", "sog": 7.4, "cog": 56.2, "heading": 511, "status": "Under maskin"}}, {"type": "Feature", "geometry": {"type": "Point", "coordinates": [8.208678, 63.291565]}, "properties": {"time": "2025-10-22T04:47:29Z", "sog": 7.3, "cog": 53.8, "heading": 511, "status": "Under maskin"}}, {"type": "Feature", "geometry": {"type": "Point", "coordinates": [8.21064, 63.292179]}, "properties": {"time": "2025-10-22T04:48:02Z", "sog": 7.3, "cog": 55.0, "heading": 511, "status": "Under maskin"}}, {"type": "Feature", "geometry": {"type": "Point", "coordinates": [8.212425, 63.292725]}, "properties": {"time": "2025-10-22T04:48:29Z", "sog": 7.6, "cog": 56.0, "heading": 511, "status": "Under maskin"}}, {"type": "Feature", "geometry": {"type": "Point", "coordinates": [8.214448, 63.293369]}, "properties": {"time": "2025-10-22T04:49:02Z", "sog": 7.5, "cog": 53.1, "heading": 511, "status": "Under maskin"}}, {"type": "Feature", "geometry": {"type": "Point", "coordinates": [8.216329, 63.294022]}, "properties": {"time": "2025-10-22T04:49:33Z", "sog": 7.6, "cog": 52.2, "heading": 511, "status": "Under maskin"}}, {"type": "Feature", "geometry": {"type": "Point", "coordinates": [8.218097, 63.294628]}, "properties": {"time": "2025-10-22T04:50:02Z", "sog": 7.5, "cog": 53.4, "heading": 511, "status": "Under maskin"}}, {"type": "Feature", "geometry": {"type": "Point", "coordinates": [8.219947, 63.295303]}, "properties": {"time": "2025-10-22T04:50:33Z", "sog": 7.4, "cog": 44.8, "heading": 511, "status": "Under maskin"}}, {"type": "Feature", "geometry": {"type": "Point", "coordinates": [8.22284, 63.296867]}, "properties": {"time": "2025-10-22T04:51:33Z", "sog": 7.2, "cog": 36.8, "heading": 511, "status": "Under maskin"}}, {"type": "Feature", "geometry": {"type": "Point", "coordinates": [8.225692, 63.298466]}, "properties": {"time": "2025-10-22T04:52:33Z", "sog": 7.4, "cog": 36.4, "heading": 511, "status": "Under maskin"}}, {"type": "Feature", "geometry": {"type": "Point", "coordinates": [8.228492, 63.300056]}, "properties": {"time": "2025-10-22T04:53:33Z", "sog": 7.5, "cog": 37.5, "heading": 511, "status": "Under maskin"}}, {"type": "Feature", "geometry": {"type": "Point", "coordinates": [8.231235, 63.301579]}, "properties": {"time": "2025-10-22T04:54:30Z", "sog": 7.5, "cog": 40.2, "heading": 511, "status": "Under maskin"}}, {"type": "Feature", "geometry": {"type": "Point", "coordinates": [8.234065, 63.303146]}, "properties": {"time": "2025-10-22T04:55:30Z", "sog": 7.5, "cog": 38.7, "heading": 511, "status": "Under maskin"}}, {"type": "Feature", "geometry": {"type": "Point", "coordinates": [8.236957, 63.304764]}, "properties": {"time": "2025-10-22T04:56:30Z", "sog": 7.6, "cog": 38.3, "heading": 511, "status": "Under maskin"}}, {"type": "Feature", "geometry": {"type": "Point", "coordinates": [8.238537, 63.30566]}, "properties": {"time": "2025-10-22T04:57:03Z", "sog": 7.6, "cog": 38.6, "heading": 511, "status": "Under maskin"}}, {"type": "Feature", "geometry": {"type": "Point", "coordinates": [8.239843, 63.306396]}, "properties": {"time": "2025-10-22T04:57:30Z", "sog": 7.4, "cog": 39.0, "heading": 511, "status": "Under maskin"}}, {"type": "Feature", "geometry": {"type": "Point", "coordinates": [8.24128, 63.307217]}, "properties": {"time": "2025-10-22T04:58:00Z", "sog": 7.6, "cog": 39.3, "heading": 511, "status": "Under maskin"}}, {"type": "Feature", "geometry": {"type": "Point", "coordinates": [8.242726, 63.308037]}, "properties": {"time": "2025-10-22T04:58:30Z", "sog": 7.6, "cog": 38.8, "heading": 511, "status": "Under maskin"}}, {"type": "Feature", "geometry": {"type": "Point", "coordinates": [8.244192, 63.308857]}, "properties": {"time": "2025-10-22T04:59:00Z", "sog": 7.4, "cog": 38.7, "heading": 511, "status": "Under maskin"}}, {"type": "Feature", "geometry": {"type": "Point", "coordinates": [8.245655, 63.309689]}, "properties": {"time": "2025-10-22T04:59:30Z", "sog": 7.5, "cog": 37.5, "heading": 511, "status": "Under maskin"}}, {"type": "Feature", "geometry": {"type": "Point", "coordinates": [8.2471, 63.310513]}, "properties": {"time": "2025-10-22T05:00:00Z", "sog": 7.6, "cog": 38.2, "heading": 511, "status": "Under maskin"}}, {"type": "Feature", "geometry": {"type": "Point", "coordinates": [8.248478, 63.311375]}, "properties": {"time": "2025-10-22T05:00:30Z", "sog": 7.6, "cog": 33.3, "heading": 511, "status": "Under maskin"}}, {"type": "Feature", "geometry": {"type": "Point", "coordinates": [8.251143, 63.313187]}, "properties": {"time": "2025-10-22T05:01:30Z", "sog": 7.8, "cog": 33.1, "heading": 511, "status": "Under maskin"}}, {"type": "Feature", "geometry": {"type": "Point", "coordinates": [8.252412, 63.314045]}, "properties": {"time": "2025-10-22T05:02:00Z", "sog": 7.8, "cog": 34.0, "heading": 511, "status": "Under maskin"}}, {"type": "Feature", "geometry": {"type": "Point", "coordinates": [8.253777, 63.314964]}, "properties": {"time": "2025-10-22T05:02:31Z", "sog": 7.6, "cog": 33.8, "heading": 511, "status": "Under maskin"}}, {"type": "Feature", "geometry": {"type": "Point", "coordinates": [8.25505, 63.31583]}, "properties": {"time": "2025-10-22T05:03:00Z", "sog": 7.8, "cog": 33.1, "heading": 511, "status": "Under maskin"}}, {"type": "Feature", "geometry": {"type": "Point", "coordinates": [8.256483, 63.31678]}, "properties": {"time": "2025-10-22T05:03:31Z", "sog": 7.8, "cog": 33.7, "heading": 511, "status": "Under maskin"}}, {"type": "Feature", "geometry": {"type": "Point", "coordinates": [8.257691, 63.317585]}, "properties": {"time": "2025-10-22T05:04:00Z", "sog": 7.9, "cog": 33.4, "heading": 511, "status": "Under maskin"}}, {"type": "Feature", "geometry": {"type": "Point", "coordinates": [8.259104, 63.31855]}, "properties": {"time": "2025-10-22T05:04:31Z", "sog": 7.9, "cog": 34.0, "heading": 511, "status": "Under maskin"}}, {"type": "Feature", "geometry": {"type": "Point", "coordinates": [8.261817, 63.320381]}, "properties": {"time": "2025-10-22T05:05:31Z", "sog": 8.0, "cog": 33.7, "heading": 511, "status": "Under maskin"}}, {"type": "Feature", "geometry": {"type": "Point", "coordinates": [8.26312, 63.321247]}, "properties": {"time": "2025-10-22T05:06:01Z", "sog": 7.7, "cog": 33.6, "heading": 511, "status": "Under maskin"}}, {"type": "Feature", "geometry": {"type": "Point", "coordinates": [8.264468, 63.322155]}, "properties": {"time": "2025-10-22T05:06:31Z", "sog": 7.8, "cog": 33.9, "heading": 511, "status": "Under maskin"}}, {"type": "Feature", "geometry": {"type": "Point", "coordinates": [8.265819, 63.323067]}, "properties": {"time": "2025-10-22T05:07:01Z", "sog": 7.8, "cog": 34.2, "heading": 511, "status": "Under maskin"}}, {"type": "Feature", "geometry": {"type": "Point", "coordinates": [8.26722, 63.324005]}, "properties": {"time": "2025-10-22T05:07:31Z", "sog": 7.8, "cog": 33.7, "heading": 511, "status": "Under maskin"}}, {"type": "Feature", "geometry": {"type": "Point", "coordinates": [8.268541, 63.324883]}, "properties": {"time": "2025-10-22T05:08:01Z", "sog": 7.9, "cog": 34.1, "heading": 511, "status": "Under maskin"}}, {"type": "Feature", "geometry": {"type": "Point", "coordinates": [8.271225, 63.326706]}, "properties": {"time": "2025-10-22T05:09:01Z", "sog": 7.8, "cog": 32.2, "heading": 511, "status": "Under maskin"}}, {"type": "Feature", "geometry": {"type": "Point", "coordinates": [8.272583, 63.327728]}, "properties": {"time": "2025-10-22T05:09:33Z", "sog": 8.0, "cog": 28.6, "heading": 511, "status": "Under maskin"}}, {"type": "Feature", "geometry": {"type": "Point", "coordinates": [8.273653, 63.328575]}, "properties": {"time": "2025-10-22T05:10:01Z", "sog": 8.0, "cog": 30.8, "heading": 511, "status": "Under maskin"}}, {"type": "Feature", "geometry": {"type": "Point", "coordinates": [8.274919, 63.329578]}, "properties": {"time": "2025-10-22T05:10:33Z", "sog": 7.5, "cog": 29.1, "heading": 511, "status": "Under maskin"}}, {"type": "Feature", "geometry": {"type": "Point", "coordinates": [8.276027, 63.330456]}, "properties": {"time": "2025-10-22T05:11:01Z", "sog": 8.0, "cog": 29.4, "heading": 511, "status": "Under maskin"}}, {"type": "Feature", "geometry": {"type": "Point", "coordinates": [8.277298, 63.331455]}, "properties": {"time": "2025-10-22T05:11:33Z", "sog": 7.8, "cog": 28.1, "heading": 511, "status": "Under maskin"}}, {"type": "Feature", "geometry": {"type": "Point", "coordinates": [8.278412, 63.332363]}, "properties": {"time": "2025-10-22T05:12:02Z", "sog": 7.7, "cog": 28.9, "heading": 511, "status": "Under maskin"}}, {"type": "Feature", "geometry": {"type": "Point", "coordinates": [8.279595, 63.333332]}, "properties": {"time": "2025-10-22T05:12:33Z", "sog": 7.5, "cog": 26.3, "heading": 511, "status": "Under maskin"}}, {"type": "Feature", "geometry": {"type": "Point", "coordinates": [8.280586, 63.33427]}, "properties": {"time": "2025-10-22T05:13:02Z", "sog": 7.4, "cog": 24.8, "heading": 511, "status": "Under maskin"}}, {"type": "Feature", "geometry": {"type": "Point", "coordinates": [8.281613, 63.33527]}, "properties": {"time": "2025-10-22T05:13:33Z", "sog": 7.4, "cog": 24.2, "heading": 511, "status": "Under maskin"}}, {"type": "Feature", "geometry": {"type": "Point", "coordinates": [8.266176, 63.32526]}, "properties": {"time": "2025-10-22T22:39:29Z", "sog": 6.1, "cog": 220.0, "heading": 511, "status": "Under maskin"}}, {"type": "Feature", "geometry": {"type": "Point", "coordinates": [8.266176, 63.32526]}, "properties": {"time": "2025-10-22T22:39:29Z", "sog": 6.1, "cog": 220.0, "heading": 511, "status": "Under maskin"}}, {"type": "Feature", "geometry": {"type": "Point", "coordinates": [8.263871, 63.323963]}, "properties": {"time": "2025-10-22T22:40:29Z", "sog": 6.1, "cog": 218.1, "heading": 511, "status": "Under maskin"}}, {"type": "Feature", "geometry": {"type": "Point", "coordinates": [8.263871, 63.323963]}, "properties": {"time": "2025-10-22T22:40:29Z", "sog": 6.1, "cog": 218.1, "heading": 511, "status": "Under maskin"}}, {"type": "Feature", "geometry": {"type": "Point", "coordinates": [8.262767, 63.323334]}, "properties": {"time": "2025-10-22T22:40:58Z", "sog": 6.1, "cog": 218.4, "heading": 511, "status": "Under maskin"}}, {"type": "Feature", "geometry": {"type": "Point", "coordinates": [8.262767, 63.323334]}, "properties": {"time": "2025-10-22T22:40:58Z", "sog": 6.1, "cog": 218.4, "heading": 511, "status": "Under maskin"}}, {"type": "Feature", "geometry": {"type": "Point", "coordinates": [8.261555, 63.322674]}, "properties": {"time": "2025-10-22T22:41:29Z", "sog": 5.9, "cog": 217.4, "heading": 511, "status": "Under maskin"}}, {"type": "Feature", "geometry": {"type": "Point", "coordinates": [8.261555, 63.322674]}, "properties": {"time": "2025-10-22T22:41:29Z", "sog": 5.9, "cog": 217.4, "heading": 511, "status": "Under maskin"}}, {"type": "Feature", "geometry": {"type": "Point", "coordinates": [8.260398, 63.322014]}, "properties": {"time": "2025-10-22T22:41:58Z", "sog": 6.1, "cog": 220.3, "heading": 511, "status": "Under maskin"}}, {"type": "Feature", "geometry": {"type": "Point", "coordinates": [8.260398, 63.322014]}, "properties": {"time": "2025-10-22T22:41:58Z", "sog": 6.1, "cog": 220.3, "heading": 511, "status": "Under maskin"}}, {"type": "Feature", "geometry": {"type": "Point", "coordinates": [8.25811, 63.320724]}, "properties": {"time": "2025-10-22T22:42:58Z", "sog": 6.1, "cog": 217.5, "heading": 511, "status": "Under maskin"}}, {"type": "Feature", "geometry": {"type": "Point", "coordinates": [8.25811, 63.320724]}, "properties": {"time": "2025-10-22T22:42:58Z", "sog": 6.1, "cog": 217.5, "heading": 511, "status": "Under maskin"}}, {"type": "Feature", "geometry": {"type": "Point", "coordinates": [8.255758, 63.319366]}, "properties": {"time": "2025-10-22T22:43:58Z", "sog": 6.1, "cog": 218.6, "heading": 511, "status": "Under maskin"}}, {"type": "Feature", "geometry": {"type": "Point", "coordinates": [8.255758, 63.319366]}, "properties": {"time": "2025-10-22T22:43:58Z", "sog": 6.1, "cog": 218.6, "heading": 511, "status": "Under maskin"}}, {"type": "Feature", "geometry": {"type": "Point", "coordinates": [8.2523, 63.317387]}, "properties": {"time": "2025-10-22T22:45:29Z", "sog": 6.0, "cog": 218.9, "heading": 511, "status": "Under maskin"}}, {"type": "Feature", "geometry": {"type": "Point", "coordinates": [8.2523, 63.317387]}, "properties": {"time": "2025-10-22T22:45:29Z", "sog": 6.0, "cog": 218.9, "heading": 511, "status": "Under maskin"}}, {"type": "Feature", "geometry": {"type": "Point", "coordinates": [8.251182, 63.316753]}, "properties": {"time": "2025-10-22T22:45:58Z", "sog": 6.0, "cog": 220.2, "heading": 511, "status": "Under maskin"}}, {"type": "Feature", "geometry": {"type": "Point", "coordinates": [8.251182, 63.316753]}, "properties": {"time": "2025-10-22T22:45:58Z", "sog": 6.0, "cog": 220.2, "heading": 511, "status": "Under maskin"}}, {"type": "Feature", "geometry": {"type": "Point", "coordinates": [8.24999, 63.316078]}, "properties": {"time": "2025-10-22T22:46:29Z", "sog": 6.2, "cog": 217.3, "heading": 511, "status": "Under maskin"}}, {"type": "Feature", "geometry": {"type": "Point", "coordinates": [8.24999, 63.316078]}, "properties": {"time": "2025-10-22T22:46:29Z", "sog": 6.2, "cog": 217.3, "heading": 511, "status": "Under maskin"}}, {"type": "Feature", "geometry": {"type": "Point", "coordinates": [8.24887, 63.315411]}, "properties": {"time": "2025-10-22T22:46:58Z", "sog": 6.0, "cog": 217.8, "heading": 511, "status": "Under maskin"}}, {"type": "Feature", "geometry": {"type": "Point", "coordinates": [8.24887, 63.315411]}, "properties": {"time": "2025-10-22T22:46:58Z", "sog": 6.0, "cog": 217.8, "heading": 511, "status": "Under maskin"}}, {"type": "Feature", "geometry": {"type": "Point", "coordinates": [8.247787, 63.314766]}, "properties": {"time": "2025-10-22T22:47:29Z", "sog": 6.1, "cog": 217.1, "heading": 511, "status": "Under maskin"}}, {"type": "Feature", "geometry": {"type": "Point", "coordinates": [8.247787, 63.314766]}, "properties": {"time": "2025-10-22T22:47:29Z", "sog": 6.1, "cog": 217.1, "heading": 511, "status": "Under maskin"}}, {"type": "Feature", "geometry": {"type": "Point", "coordinates": [8.246678, 63.314091]}, "properties": {"time": "2025-10-22T22:47:58Z", "sog": 6.2, "cog": 217.3, "heading": 511, "status": "Under maskin"}}, {"type": "Feature", "geometry": {"type": "Point", "coordinates": [8.246678, 63.314091]}, "properties": {"time": "2025-10-22T22:47:58Z", "sog": 6.2, "cog": 217.3, "heading": 511, "status": "Under maskin"}}, {"type": "Feature", "geometry": {"type": "Point", "coordinates": [8.24552, 63.313396]}, "properties": {"time": "2025-10-22T22:48:29Z", "sog": 6.1, "cog": 215.7, "heading": 511, "status": "Under maskin"}}, {"type": "Feature", "geometry": {"type": "Point", "coordinates": [8.24552, 63.313396]}, "properties": {"time": "2025-10-22T22:48:29Z", "sog": 6.1, "cog": 215.7, "heading": 511, "status": "Under maskin"}}, {"type": "Feature", "geometry": {"type": "Point", "coordinates": [8.243227, 63.312065]}, "properties": {"time": "2025-10-22T22:49:29Z", "sog": 6.3, "cog": 217.6, "heading": 511, "status": "Under maskin"}}, {"type": "Feature", "geometry": {"type": "Point", "coordinates": [8.243227, 63.312065]}, "properties": {"time": "2025-10-22T22:49:29Z", "sog": 6.3, "cog": 217.6, "heading": 511, "status": "Under maskin"}}, {"type": "Feature", "geometry": {"type": "Point", "coordinates": [8.242115, 63.31142]}, "properties": {"time": "2025-10-22T22:49:58Z", "sog": 5.9, "cog": 218.1, "heading": 511, "status": "Under maskin"}}, {"type": "Feature", "geometry": {"type": "Point", "coordinates": [8.242115, 63.31142]}, "properties": {"time": "2025-10-22T22:49:58Z", "sog": 5.9, "cog": 218.1, "heading": 511, "status": "Under maskin"}}, {"type": "Feature", "geometry": {"type": "Point", "coordinates": [8.24093, 63.310738]}, "properties": {"time": "2025-10-22T22:50:29Z", "sog": 6.1, "cog": 217.8, "heading": 511, "status": "Under maskin"}}, {"type": "Feature", "geometry": {"type": "Point", "coordinates": [8.24093, 63.310738]}, "properties": {"time": "2025-10-22T22:50:29Z", "sog": 6.1, "cog": 217.8, "heading": 511, "status": "Under maskin"}}, {"type": "Feature", "geometry": {"type": "Point", "coordinates": [8.239643, 63.31015]}, "properties": {"time": "2025-10-22T22:50:58Z", "sog": 6.1, "cog": 229.8, "heading": 511, "status": "Under maskin"}}, {"type": "Feature", "geometry": {"type": "Point", "coordinates": [8.239643, 63.31015]}, "properties": {"time": "2025-10-22T22:50:58Z", "sog": 6.1, "cog": 229.8, "heading": 511, "status": "Under maskin"}}, {"type": "Feature", "geometry": {"type": "Point", "coordinates": [8.238236, 63.309593]}, "properties": {"time": "2025-10-22T22:51:29Z", "sog": 6.0, "cog": 229.5, "heading": 511, "status": "Under maskin"}}, {"type": "Feature", "geometry": {"type": "Point", "coordinates": [8.238236, 63.309593]}, "properties": {"time": "2025-10-22T22:51:29Z", "sog": 6.0, "cog": 229.5, "heading": 511, "status": "Under maskin"}}, {"type": "Feature", "geometry": {"type": "Point", "coordinates": [8.236796, 63.309052]}, "properties": {"time": "2025-10-22T22:51:58Z", "sog": 6.1, "cog": 230.7, "heading": 511, "status": "Under maskin"}}, {"type": "Feature", "geometry": {"type": "Point", "coordinates": [8.236796, 63.309052]}, "properties": {"time": "2025-10-22T22:51:58Z", "sog": 6.1, "cog": 230.7, "heading": 511, "status": "Under maskin"}}, {"type": "Feature", "geometry": {"type": "Point", "coordinates": [8.233909, 63.307976]}, "properties": {"time": "2025-10-22T22:52:58Z", "sog": 6.1, "cog": 230.0, "heading": 511, "status": "Under maskin"}}, {"type": "Feature", "geometry": {"type": "Point", "coordinates": [8.233909, 63.307976]}, "properties": {"time": "2025-10-22T22:52:58Z", "sog": 6.1, "cog": 230.0, "heading": 511, "status": "Under maskin"}}, {"type": "Feature", "geometry": {"type": "Point", "coordinates": [8.232384, 63.307388]}, "properties": {"time": "2025-10-22T22:53:31Z", "sog": 6.1, "cog": 228.1, "heading": 511, "status": "Under maskin"}}, {"type": "Feature", "geometry": {"type": "Point", "coordinates": [8.232384, 63.307388]}, "properties": {"time": "2025-10-22T22:53:31Z", "sog": 6.1, "cog": 228.1, "heading": 511, "status": "Under maskin"}}, {"type": "Feature", "geometry": {"type": "Point", "coordinates": [8.231029, 63.306885]}, "properties": {"time": "2025-10-22T22:53:58Z", "sog": 6.1, "cog": 230.8, "heading": 511, "status": "Under maskin"}}, {"type": "Feature", "geometry": {"type": "Point", "coordinates": [8.231029, 63.306885]}, "properties": {"time": "2025-10-22T22:53:58Z", "sog": 6.1, "cog": 230.8, "heading": 511, "status": "Under maskin"}}, {"type": "Feature", "geometry": {"type": "Point", "coordinates": [8.229488, 63.306305]}, "properties": {"time": "2025-10-22T22:54:31Z", "sog": 6.1, "cog": 229.7, "heading": 511, "status": "Under maskin"}}, {"type": "Feature", "geometry": {"type": "Point", "coordinates": [8.229488, 63.306305]}, "properties": {"time": "2025-10-22T22:54:31Z", "sog": 6.1, "cog": 229.7, "heading": 511, "status": "Under maskin"}}, {"type": "Feature", "geometry": {"type": "Point", "coordinates": [8.226635, 63.305206]}, "properties": {"time": "2025-10-22T22:55:31Z", "sog": 6.0, "cog": 229.0, "heading": 511, "status": "Under maskin"}}, {"type": "Feature", "geometry": {"type": "Point", "coordinates": [8.226635, 63.305206]}, "properties": {"time": "2025-10-22T22:55:31Z", "sog": 6.0, "cog": 229.0, "heading": 511, "status": "Under maskin"}}, {"type": "Feature", "geometry": {"type": "Point", "coordinates": [8.223782, 63.304131]}, "properties": {"time": "2025-10-22T22:56:31Z", "sog": 6.0, "cog": 232.5, "heading": 511, "status": "Under maskin"}}, {"type": "Feature", "geometry": {"type": "Point", "coordinates": [8.223782, 63.304131]}, "properties": {"time": "2025-10-22T22:56:31Z", "sog": 6.0, "cog": 232.5, "heading": 511, "status": "Under maskin"}}, {"type": "Feature", "geometry": {"type": "Point", "coordinates": [8.22071, 63.303192]}, "properties": {"time": "2025-10-22T22:57:31Z", "sog": 5.9, "cog": 234.9, "heading": 511, "status": "Under maskin"}}, {"type": "Feature", "geometry": {"type": "Point", "coordinates": [8.22071, 63.303192]}, "properties": {"time": "2025-10-22T22:57:31Z", "sog": 5.9, "cog": 234.9, "heading": 511, "status": "Under maskin"}}, {"type": "Feature", "geometry": {"type": "Point", "coordinates": [8.217684, 63.302258]}, "properties": {"time": "2025-10-22T22:58:31Z", "sog": 6.0, "cog": 234.1, "heading": 511, "status": "Under maskin"}}, {"type": "Feature", "geometry": {"type": "Point", "coordinates": [8.217684, 63.302258]}, "properties": {"time": "2025-10-22T22:58:31Z", "sog": 6.0, "cog": 234.1, "heading": 511, "status": "Under maskin"}}, {"type": "Feature", "geometry": {"type": "Point", "coordinates": [8.214704, 63.301315]}, "properties": {"time": "2025-10-22T22:59:31Z", "sog": 6.2, "cog": 234.7, "heading": 511, "status": "Under maskin"}}, {"type": "Feature", "geometry": {"type": "Point", "coordinates": [8.214704, 63.301315]}, "properties": {"time": "2025-10-22T22:59:31Z", "sog": 6.2, "cog": 234.7, "heading": 511, "status": "Under maskin"}}, {"type": "Feature", "geometry": {"type": "Point", "coordinates": [8.213063, 63.300808]}, "properties": {"time": "2025-10-22T23:00:02Z", "sog": 6.0, "cog": 234.5, "heading": 511, "status": "Under maskin"}}, {"type": "Feature", "geometry": {"type": "Point", "coordinates": [8.213063, 63.300808]}, "properties": {"time": "2025-10-22T23:00:02Z", "sog": 6.0, "cog": 234.5, "heading": 511, "status": "Under maskin"}}, {"type": "Feature", "geometry": {"type": "Point", "coordinates": [8.21167, 63.30035]}, "properties": {"time": "2025-10-22T23:00:30Z", "sog": 6.1, "cog": 235.3, "heading": 511, "status": "Under maskin"}}, {"type": "Feature", "geometry": {"type": "Point", "coordinates": [8.21167, 63.30035]}, "properties": {"time": "2025-10-22T23:00:30Z", "sog": 6.1, "cog": 235.3, "heading": 511, "status": "Under maskin"}}, {"type": "Feature", "geometry": {"type": "Point", "coordinates": [8.210069, 63.299839]}, "properties": {"time": "2025-10-22T23:01:02Z", "sog": 6.1, "cog": 231.3, "heading": 511, "status": "Under maskin"}}, {"type": "Feature", "geometry": {"type": "Point", "coordinates": [8.210069, 63.299839]}, "properties": {"time": "2025-10-22T23:01:02Z", "sog": 6.1, "cog": 231.3, "heading": 511, "status": "Under maskin"}}, {"type": "Feature", "geometry": {"type": "Point", "coordinates": [8.207008, 63.29887]}, "properties": {"time": "2025-10-22T23:02:02Z", "sog": 5.9, "cog": 235.1, "heading": 511, "status": "Under maskin"}}, {"type": "Feature", "geometry": {"type": "Point", "coordinates": [8.207008, 63.29887]}, "properties": {"time": "2025-10-22T23:02:02Z", "sog": 5.9, "cog": 235.1, "heading": 511, "status": "Under maskin"}}, {"type": "Feature", "geometry": {"type": "Point", "coordinates": [8.205645, 63.298447]}, "properties": {"time": "2025-10-22T23:02:30Z", "sog": 5.9, "cog": 235.7, "heading": 511, "status": "Under maskin"}}, {"type": "Feature", "geometry": {"type": "Point", "coordinates": [8.205645, 63.298447]}, "properties": {"time": "2025-10-22T23:02:30Z", "sog": 5.9, "cog": 235.7, "heading": 511, "status": "Under maskin"}}, {"type": "Feature", "geometry": {"type": "Point", "coordinates": [8.20405, 63.297932]}, "properties": {"time": "2025-10-22T23:03:02Z", "sog": 6.0, "cog": 234.0, "heading": 511, "status": "Under maskin"}}, {"type": "Feature", "geometry": {"type": "Point", "coordinates": [8.20405, 63.297932]}, "properties": {"time": "2025-10-22T23:03:02Z", "sog": 6.0, "cog": 234.0, "heading": 511, "status": "Under maskin"}}, {"type": "Feature", "geometry": {"type": "Point", "coordinates": [8.202623, 63.297462]}, "properties": {"time": "2025-10-22T23:03:30Z", "sog": 6.1, "cog": 233.7, "heading": 511, "status": "Under maskin"}}, {"type": "Feature", "geometry": {"type": "Point", "coordinates": [8.202623, 63.297462]}, "properties": {"time": "2025-10-22T23:03:30Z", "sog": 6.1, "cog": 233.7, "heading": 511, "status": "Under maskin"}}, {"type": "Feature", "geometry": {"type": "Point", "coordinates": [8.201054, 63.29694]}, "properties": {"time": "2025-10-22T23:04:02Z", "sog": 5.9, "cog": 233.7, "heading": 511, "status": "Under maskin"}}, {"type": "Feature", "geometry": {"type": "Point", "coordinates": [8.201054, 63.29694]}, "properties": {"time": "2025-10-22T23:04:02Z", "sog": 5.9, "cog": 233.7, "heading": 511, "status": "Under maskin"}}, {"type": "Feature", "geometry": {"type": "Point", "coordinates": [8.199698, 63.296509]}, "properties": {"time": "2025-10-22T23:04:30Z", "sog": 6.0, "cog": 233.4, "heading": 511, "status": "Under maskin"}}, {"type": "Feature", "geometry": {"type": "Point", "coordinates": [8.199698, 63.296509]}, "properties": {"time": "2025-10-22T23:04:30Z", "sog": 6.0, "cog": 233.4, "heading": 511, "status": "Under maskin"}}, {"type": "Feature", "geometry": {"type": "Point", "coordinates": [8.196752, 63.295528]}, "properties": {"time": "2025-10-22T23:05:30Z", "sog": 6.0, "cog": 235.0, "heading": 511, "status": "Under maskin"}}, {"type": "Feature", "geometry": {"type": "Point", "coordinates": [8.196752, 63.295528]}, "properties": {"time": "2025-10-22T23:05:30Z", "sog": 6.0, "cog": 235.0, "heading": 511, "status": "Under maskin"}}, {"type": "Feature", "geometry": {"type": "Point", "coordinates": [8.193778, 63.294525]}, "properties": {"time": "2025-10-22T23:06:30Z", "sog": 5.8, "cog": 234.2, "heading": 511, "status": "Under maskin"}}, {"type": "Feature", "geometry": {"type": "Point", "coordinates": [8.193778, 63.294525]}, "properties": {"time": "2025-10-22T23:06:30Z", "sog": 5.8, "cog": 234.2, "heading": 511, "status": "Under maskin"}}, {"type": "Feature", "geometry": {"type": "Point", "coordinates": [8.190944, 63.293556]}, "properties": {"time": "2025-10-22T23:07:30Z", "sog": 6.0, "cog": 233.9, "heading": 511, "status": "Under maskin"}}, {"type": "Feature", "geometry": {"type": "Point", "coordinates": [8.190944, 63.293556]}, "properties": {"time": "2025-10-22T23:07:30Z", "sog": 6.0, "cog": 233.9, "heading": 511, "status": "Under maskin"}}, {"type": "Feature", "geometry": {"type": "Point", "coordinates": [8.189442, 63.293083]}, "properties": {"time": "2025-10-22T23:07:59Z", "sog": 5.9, "cog": 234.4, "heading": 511, "status": "Under maskin"}}, {"type": "Feature", "geometry": {"type": "Point", "coordinates": [8.189442, 63.293083]}, "properties": {"time": "2025-10-22T23:07:59Z", "sog": 5.9, "cog": 234.4, "heading": 511, "status": "Under maskin"}}, {"type": "Feature", "geometry": {"type": "Point", "coordinates": [8.188058, 63.292576]}, "properties": {"time": "2025-10-22T23:08:29Z", "sog": 6.3, "cog": 230.4, "heading": 511, "status": "Under maskin"}}, {"type": "Feature", "geometry": {"type": "Point", "coordinates": [8.188058, 63.292576]}, "properties": {"time": "2025-10-22T23:08:29Z", "sog": 6.3, "cog": 230.4, "heading": 511, "status": "Under maskin"}}, {"type": "Feature", "geometry": {"type": "Point", "coordinates": [8.18507, 63.291611]}, "properties": {"time": "2025-10-22T23:09:29Z", "sog": 5.9, "cog": 232.8, "heading": 511, "status": "Under maskin"}}, {"type": "Feature", "geometry": {"type": "Point", "coordinates": [8.18507, 63.291611]}, "properties": {"time": "2025-10-22T23:09:29Z", "sog": 5.9, "cog": 232.8, "heading": 511, "status": "Under maskin"}}, {"type": "Feature", "geometry": {"type": "Point", "coordinates": [8.18355, 63.291111]}, "properties": {"time": "2025-10-22T23:09:59Z", "sog": 5.9, "cog": 234.1, "heading": 511, "status": "Under maskin"}}, {"type": "Feature", "geometry": {"type": "Point", "coordinates": [8.18355, 63.291111]}, "properties": {"time": "2025-10-22T23:09:59Z", "sog": 5.9, "cog": 234.1, "heading": 511, "status": "Under maskin"}}, {"type": "Feature", "geometry": {"type": "Point", "coordinates": [8.182114, 63.290646]}, "properties": {"time": "2025-10-22T23:10:29Z", "sog": 6.0, "cog": 233.7, "heading": 511, "status": "Under maskin"}}, {"type": "Feature", "geometry": {"type": "Point", "coordinates": [8.182114, 63.290646]}, "properties": {"time": "2025-10-22T23:10:29Z", "sog": 6.0, "cog": 233.7, "heading": 511, "status": "Under maskin"}}, {"type": "Feature", "geometry": {"type": "Point", "coordinates": [8.18056, 63.290154]}, "properties": {"time": "2025-10-22T23:10:59Z", "sog": 6.0, "cog": 234.9, "heading": 511, "status": "Under maskin"}}, {"type": "Feature", "geometry": {"type": "Point", "coordinates": [8.18056, 63.290154]}, "properties": {"time": "2025-10-22T23:10:59Z", "sog": 6.0, "cog": 234.9, "heading": 511, "status": "Under maskin"}}, {"type": "Feature", "geometry": {"type": "Point", "coordinates": [8.179143, 63.289715]}, "properties": {"time": "2025-10-22T23:11:29Z", "sog": 6.0, "cog": 234.9, "heading": 511, "status": "Under maskin"}}, {"type": "Feature", "geometry": {"type": "Point", "coordinates": [8.179143, 63.289715]}, "properties": {"time": "2025-10-22T23:11:29Z", "sog": 6.0, "cog": 234.9, "heading": 511, "status": "Under maskin"}}, {"type": "Feature", "geometry": {"type": "Point", "coordinates": [8.177591, 63.289223]}, "properties": {"time": "2025-10-22T23:11:59Z", "sog": 6.1, "cog": 236.1, "heading": 511, "status": "Under maskin"}}, {"type": "Feature", "geometry": {"type": "Point", "coordinates": [8.177591, 63.289223]}, "properties": {"time": "2025-10-22T23:11:59Z", "sog": 6.1, "cog": 236.1, "heading": 511, "status": "Under maskin"}}, {"type": "Feature", "geometry": {"type": "Point", "coordinates": [8.176059, 63.28875]}, "properties": {"time": "2025-10-22T23:12:29Z", "sog": 5.9, "cog": 234.7, "heading": 511, "status": "Under maskin"}}, {"type": "Feature", "geometry": {"type": "Point", "coordinates": [8.176059, 63.28875]}, "properties": {"time": "2025-10-22T23:12:29Z", "sog": 5.9, "cog": 234.7, "heading": 511, "status": "Under maskin"}}, {"type": "Feature", "geometry": {"type": "Point", "coordinates": [8.174427, 63.288239]}, "properties": {"time": "2025-10-22T23:13:01Z", "sog": 6.2, "cog": 234.7, "heading": 511, "status": "Under maskin"}}, {"type": "Feature", "geometry": {"type": "Point", "coordinates": [8.174427, 63.288239]}, "properties": {"time": "2025-10-22T23:13:01Z", "sog": 6.2, "cog": 234.7, "heading": 511, "status": "Under maskin"}}, {"type": "Feature", "geometry": {"type": "Point", "coordinates": [8.17302, 63.287785]}, "properties": {"time": "2025-10-22T23:13:29Z", "sog": 6.2, "cog": 234.5, "heading": 511, "status": "Under maskin"}}, {"type": "Feature", "geometry": {"type": "Point", "coordinates": [8.17302, 63.287785]}, "properties": {"time": "2025-10-22T23:13:29Z", "sog": 6.2, "cog": 234.5, "heading": 511, "status": "Under maskin"}}, {"type": "Feature", "geometry": {"type": "Point", "coordinates": [8.171337, 63.287239]}, "properties": {"time": "2025-10-22T23:14:01Z", "sog": 6.0, "cog": 235.3, "heading": 511, "status": "Under maskin"}}, {"type": "Feature", "geometry": {"type": "Point", "coordinates": [8.171337, 63.287239]}, "properties": {"time": "2025-10-22T23:14:01Z", "sog": 6.0, "cog": 235.3, "heading": 511, "status": "Under maskin"}}, {"type": "Feature", "geometry": {"type": "Point", "coordinates": [8.168286, 63.286278]}, "properties": {"time": "2025-10-22T23:15:01Z", "sog": 6.1, "cog": 236.0, "heading": 511, "status": "Under maskin"}}, {"type": "Feature", "geometry": {"type": "Point", "coordinates": [8.168286, 63.286278]}, "properties": {"time": "2025-10-22T23:15:01Z", "sog": 6.1, "cog": 236.0, "heading": 511, "status": "Under maskin"}}, {"type": "Feature", "geometry": {"type": "Point", "coordinates": [8.166843, 63.28582]}, "properties": {"time": "2025-10-22T23:15:29Z", "sog": 6.1, "cog": 235.9, "heading": 511, "status": "Under maskin"}}, {"type": "Feature", "geometry": {"type": "Point", "coordinates": [8.162133, 63.284294]}, "properties": {"time": "2025-10-22T23:17:01Z", "sog": 6.2, "cog": 234.7, "heading": 511, "status": "Under maskin"}}, {"type": "Feature", "geometry": {"type": "Point", "coordinates": [8.162133, 63.284294]}, "properties": {"time": "2025-10-22T23:17:01Z", "sog": 6.2, "cog": 234.7, "heading": 511, "status": "Under maskin"}}, {"type": "Feature", "geometry": {"type": "Point", "coordinates": [8.159007, 63.283298]}, "properties": {"time": "2025-10-22T23:18:01Z", "sog": 6.2, "cog": 237.7, "heading": 511, "status": "Under maskin"}}, {"type": "Feature", "geometry": {"type": "Point", "coordinates": [8.159007, 63.283298]}, "properties": {"time": "2025-10-22T23:18:01Z", "sog": 6.2, "cog": 237.7, "heading": 511, "status": "Under maskin"}}, {"type": "Feature", "geometry": {"type": "Point", "coordinates": [8.155755, 63.28236]}, "properties": {"time": "2025-10-22T23:19:01Z", "sog": 6.1, "cog": 237.5, "heading": 511, "status": "Under maskin"}}, {"type": "Feature", "geometry": {"type": "Point", "coordinates": [8.155755, 63.28236]}, "properties": {"time": "2025-10-22T23:19:01Z", "sog": 6.1, "cog": 237.5, "heading": 511, "status": "Under maskin"}}, {"type": "Feature", "geometry": {"type": "Point", "coordinates": [8.154305, 63.281967]}, "properties": {"time": "2025-10-22T23:19:29Z", "sog": 5.9, "cog": 238.2, "heading": 511, "status": "Under maskin"}}, {"type": "Feature", "geometry": {"type": "Point", "coordinates": [8.154305, 63.281967]}, "properties": {"time": "2025-10-22T23:19:29Z", "sog": 5.9, "cog": 238.2, "heading": 511, "status": "Under maskin"}}, {"type": "Feature", "geometry": {"type": "Point", "coordinates": [8.152595, 63.281502]}, "properties": {"time": "2025-10-22T23:20:01Z", "sog": 6.2, "cog": 238.4, "heading": 511, "status": "Under maskin"}}, {"type": "Feature", "geometry": {"type": "Point", "coordinates": [8.152595, 63.281502]}, "properties": {"time": "2025-10-22T23:20:01Z", "sog": 6.2, "cog": 238.4, "heading": 511, "status": "Under maskin"}}, {"type": "Feature", "geometry": {"type": "Point", "coordinates": [8.148008, 63.280216]}, "properties": {"time": "2025-10-22T23:21:28Z", "sog": 6.2, "cog": 235.4, "heading": 511, "status": "Under maskin"}}, {"type": "Feature", "geometry": {"type": "Point", "coordinates": [8.148008, 63.280216]}, "properties": {"time": "2025-10-22T23:21:28Z", "sog": 6.2, "cog": 235.4, "heading": 511, "status": "Under maskin"}}, {"type": "Feature", "geometry": {"type": "Point", "coordinates": [8.146274, 63.279697]}, "properties": {"time": "2025-10-22T23:22:01Z", "sog": 6.1, "cog": 238.1, "heading": 511, "status": "Under maskin"}}, {"type": "Feature", "geometry": {"type": "Point", "coordinates": [8.146274, 63.279697]}, "properties": {"time": "2025-10-22T23:22:01Z", "sog": 6.1, "cog": 238.1, "heading": 511, "status": "Under maskin"}}, {"type": "Feature", "geometry": {"type": "Point", "coordinates": [8.144841, 63.279285]}, "properties": {"time": "2025-10-22T23:22:28Z", "sog": 6.0, "cog": 238.4, "heading": 511, "status": "Under maskin"}}, {"type": "Feature", "geometry": {"type": "Point", "coordinates": [8.144841, 63.279285]}, "properties": {"time": "2025-10-22T23:22:28Z", "sog": 6.0, "cog": 238.4, "heading": 511, "status": "Under maskin"}}, {"type": "Feature", "geometry": {"type": "Point", "coordinates": [8.143095, 63.278782]}, "properties": {"time": "2025-10-22T23:23:01Z", "sog": 6.2, "cog": 237.3, "heading": 511, "status": "Under maskin"}}, {"type": "Feature", "geometry": {"type": "Point", "coordinates": [8.143095, 63.278782]}, "properties": {"time": "2025-10-22T23:23:01Z", "sog": 6.2, "cog": 237.3, "heading": 511, "status": "Under maskin"}}, {"type": "Feature", "geometry": {"type": "Point", "coordinates": [8.141608, 63.278347]}, "properties": {"time": "2025-10-22T23:23:28Z", "sog": 6.0, "cog": 237.0, "heading": 511, "status": "Under maskin"}}, {"type": "Feature", "geometry": {"type": "Point", "coordinates": [8.141608, 63.278347]}, "properties": {"time": "2025-10-22T23:23:28Z", "sog": 6.0, "cog": 237.0, "heading": 511, "status": "Under maskin"}}, {"type": "Feature", "geometry": {"type": "Point", "coordinates": [8.139914, 63.277847]}, "properties": {"time": "2025-10-22T23:24:01Z", "sog": 6.3, "cog": 236.9, "heading": 511, "status": "Under maskin"}}, {"type": "Feature", "geometry": {"type": "Point", "coordinates": [8.139914, 63.277847]}, "properties": {"time": "2025-10-22T23:24:01Z", "sog": 6.3, "cog": 236.9, "heading": 511, "status": "Under maskin"}}, {"type": "Feature", "geometry": {"type": "Point", "coordinates": [8.138474, 63.277443]}, "properties": {"time": "2025-10-22T23:24:28Z", "sog": 6.2, "cog": 238.5, "heading": 511, "status": "Under maskin"}}, {"type": "Feature", "geometry": {"type": "Point", "coordinates": [8.138474, 63.277443]}, "properties": {"time": "2025-10-22T23:24:28Z", "sog": 6.2, "cog": 238.5, "heading": 511, "status": "Under maskin"}}, {"type": "Feature", "geometry": {"type": "Point", "coordinates": [8.13673, 63.276947]}, "properties": {"time": "2025-10-22T23:25:01Z", "sog": 6.1, "cog": 237.4, "heading": 511, "status": "Under maskin"}}, {"type": "Feature", "geometry": {"type": "Point", "coordinates": [8.13673, 63.276947]}, "properties": {"time": "2025-10-22T23:25:01Z", "sog": 6.1, "cog": 237.4, "heading": 511, "status": "Under maskin"}}, {"type": "Feature", "geometry": {"type": "Point", "coordinates": [8.135259, 63.276527]}, "properties": {"time": "2025-10-22T23:25:28Z", "sog": 6.0, "cog": 237.1, "heading": 511, "status": "Under maskin"}}, {"type": "Feature", "geometry": {"type": "Point", "coordinates": [8.135259, 63.276527]}, "properties": {"time": "2025-10-22T23:25:28Z", "sog": 6.0, "cog": 237.1, "heading": 511, "status": "Under maskin"}}, {"type": "Feature", "geometry": {"type": "Point", "coordinates": [8.13218, 63.275616]}, "properties": {"time": "2025-10-22T23:26:28Z", "sog": 6.0, "cog": 237.0, "heading": 511, "status": "Under maskin"}}, {"type": "Feature", "geometry": {"type": "Point", "coordinates": [8.13218, 63.275616]}, "properties": {"time": "2025-10-22T23:26:28Z", "sog": 6.0, "cog": 237.0, "heading": 511, "status": "Under maskin"}}, {"type": "Feature", "geometry": {"type": "Point", "coordinates": [8.12898, 63.274719]}, "properties": {"time": "2025-10-22T23:27:28Z", "sog": 6.0, "cog": 238.2, "heading": 511, "status": "Under maskin"}}, {"type": "Feature", "geometry": {"type": "Point", "coordinates": [8.12898, 63.274719]}, "properties": {"time": "2025-10-22T23:27:28Z", "sog": 6.0, "cog": 238.2, "heading": 511, "status": "Under maskin"}}, {"type": "Feature", "geometry": {"type": "Point", "coordinates": [8.125682, 63.273781]}, "properties": {"time": "2025-10-22T23:28:31Z", "sog": 6.1, "cog": 237.9, "heading": 511, "status": "Under maskin"}}, {"type": "Feature", "geometry": {"type": "Point", "coordinates": [8.125682, 63.273781]}, "properties": {"time": "2025-10-22T23:28:31Z", "sog": 6.1, "cog": 237.9, "heading": 511, "status": "Under maskin"}}, {"type": "Feature", "geometry": {"type": "Point", "coordinates": [8.122539, 63.2729]}, "properties": {"time": "2025-10-22T23:29:31Z", "sog": 6.0, "cog": 238.0, "heading": 511, "status": "Under maskin"}}, {"type": "Feature", "geometry": {"type": "Point", "coordinates": [8.122539, 63.2729]}, "properties": {"time": "2025-10-22T23:29:31Z", "sog": 6.0, "cog": 238.0, "heading": 511, "status": "Under maskin"}}, {"type": "Feature", "geometry": {"type": "Point", "coordinates": [8.120996, 63.272465]}, "properties": {"time": "2025-10-22T23:30:00Z", "sog": 6.0, "cog": 237.3, "heading": 511, "status": "Under maskin"}}, {"type": "Feature", "geometry": {"type": "Point", "coordinates": [8.120996, 63.272465]}, "properties": {"time": "2025-10-22T23:30:00Z", "sog": 6.0, "cog": 237.3, "heading": 511, "status": "Under maskin"}}, {"type": "Feature", "geometry": {"type": "Point", "coordinates": [8.117846, 63.271553]}, "properties": {"time": "2025-10-22T23:31:00Z", "sog": 6.2, "cog": 237.6, "heading": 511, "status": "Under maskin"}}, {"type": "Feature", "geometry": {"type": "Point", "coordinates": [8.117846, 63.271553]}, "properties": {"time": "2025-10-22T23:31:00Z", "sog": 6.2, "cog": 237.6, "heading": 511, "status": "Under maskin"}}, {"type": "Feature", "geometry": {"type": "Point", "coordinates": [8.11616, 63.271053]}, "properties": {"time": "2025-10-22T23:31:31Z", "sog": 6.2, "cog": 236.9, "heading": 511, "status": "Under maskin"}}, {"type": "Feature", "geometry": {"type": "Point", "coordinates": [8.11616, 63.271053]}, "properties": {"time": "2025-10-22T23:31:31Z", "sog": 6.2, "cog": 236.9, "heading": 511, "status": "Under maskin"}}, {"type": "Feature", "geometry": {"type": "Point", "coordinates": [8.11463, 63.270592]}, "properties": {"time": "2025-10-22T23:32:00Z", "sog": 6.2, "cog": 237.0, "heading": 511, "status": "Under maskin"}}, {"type": "Feature", "geometry": {"type": "Point", "coordinates": [8.11463, 63.270592]}, "properties": {"time": "2025-10-22T23:32:00Z", "sog": 6.2, "cog": 237.0, "heading": 511, "status": "Under maskin"}}, {"type": "Feature", "geometry": {"type": "Point", "coordinates": [8.11297, 63.270103]}, "properties": {"time": "2025-10-22T23:32:31Z", "sog": 6.2, "cog": 237.6, "heading": 511, "status": "Under maskin"}}, {"type": "Feature", "geometry": {"type": "Point", "coordinates": [8.11297, 63.270103]}, "properties": {"time": "2025-10-22T23:32:31Z", "sog": 6.2, "cog": 237.6, "heading": 511, "status": "Under maskin"}}, {"type": "Feature", "geometry": {"type": "Point", "coordinates": [8.111425, 63.269646]}, "properties": {"time": "2025-10-22T23:33:00Z", "sog": 6.4, "cog": 238.3, "heading": 511, "status": "Under maskin"}}, {"type": "Feature", "geometry": {"type": "Point", "coordinates": [8.111425, 63.269646]}, "properties": {"time": "2025-10-22T23:33:00Z", "sog": 6.4, "cog": 238.3, "heading": 511, "status": "Under maskin"}}, {"type": "Feature", "geometry": {"type": "Point", "coordinates": [8.109702, 63.269142]}, "properties": {"time": "2025-10-22T23:33:31Z", "sog": 6.3, "cog": 237.1, "heading": 511, "status": "Under maskin"}}, {"type": "Feature", "geometry": {"type": "Point", "coordinates": [8.109702, 63.269142]}, "properties": {"time": "2025-10-22T23:33:31Z", "sog": 6.3, "cog": 237.1, "heading": 511, "status": "Under maskin"}}, {"type": "Feature", "geometry": {"type": "Point", "coordinates": [8.108144, 63.268684]}, "properties": {"time": "2025-10-22T23:34:01Z", "sog": 6.2, "cog": 236.7, "heading": 511, "status": "Under maskin"}}, {"type": "Feature", "geometry": {"type": "Point", "coordinates": [8.108144, 63.268684]}, "properties": {"time": "2025-10-22T23:34:01Z", "sog": 6.2, "cog": 236.7, "heading": 511, "status": "Under maskin"}}, {"type": "Feature", "geometry": {"type": "Point", "coordinates": [8.104892, 63.267731]}, "properties": {"time": "2025-10-22T23:35:01Z", "sog": 6.5, "cog": 236.4, "heading": 511, "status": "Under maskin"}}, {"type": "Feature", "geometry": {"type": "Point", "coordinates": [8.104892, 63.267731]}, "properties": {"time": "2025-10-22T23:35:01Z", "sog": 6.5, "cog": 236.4, "heading": 511, "status": "Under maskin"}}, {"type": "Feature", "geometry": {"type": "Point", "coordinates": [8.103193, 63.267227]}, "properties": {"time": "2025-10-22T23:35:31Z", "sog": 6.4, "cog": 237.5, "heading": 511, "status": "Under maskin"}}, {"type": "Feature", "geometry": {"type": "Point", "coordinates": [8.103193, 63.267227]}, "properties": {"time": "2025-10-22T23:35:31Z", "sog": 6.4, "cog": 237.5, "heading": 511, "status": "Under maskin"}}, {"type": "Feature", "geometry": {"type": "Point", "coordinates": [8.101606, 63.266758]}, "properties": {"time": "2025-10-22T23:36:01Z", "sog": 6.4, "cog": 236.5, "heading": 511, "status": "Under maskin"}}, {"type": "Feature", "geometry": {"type": "Point", "coordinates": [8.101606, 63.266758]}, "properties": {"time": "2025-10-22T23:36:01Z", "sog": 6.4, "cog": 236.5, "heading": 511, "status": "Under maskin"}}, {"type": "Feature", "geometry": {"type": "Point", "coordinates": [8.098275, 63.265804]}, "properties": {"time": "2025-10-22T23:37:01Z", "sog": 6.3, "cog": 239.6, "heading": 511, "status": "Under maskin"}}, {"type": "Feature", "geometry": {"type": "Point", "coordinates": [8.098275, 63.265804]}, "properties": {"time": "2025-10-22T23:37:01Z", "sog": 6.3, "cog": 239.6, "heading": 511, "status": "Under maskin"}}, {"type": "Feature", "geometry": {"type": "Point", "coordinates": [8.094702, 63.264912]}, "properties": {"time": "2025-10-22T23:38:02Z", "sog": 6.4, "cog": 240.3, "heading": 511, "status": "Under maskin"}}, {"type": "Feature", "geometry": {"type": "Point", "coordinates": [8.094702, 63.264912]}, "properties": {"time": "2025-10-22T23:38:02Z", "sog": 6.4, "cog": 240.3, "heading": 511, "status": "Under maskin"}}, {"type": "Feature", "geometry": {"type": "Point", "coordinates": [8.091347, 63.264065]}, "properties": {"time": "2025-10-22T23:39:02Z", "sog": 6.4, "cog": 240.5, "heading": 511, "status": "Under maskin"}}, {"type": "Feature", "geometry": {"type": "Point", "coordinates": [8.091347, 63.264065]}, "properties": {"time": "2025-10-22T23:39:02Z", "sog": 6.4, "cog": 240.5, "heading": 511, "status": "Under maskin"}}, {"type": "Feature", "geometry": {"type": "Point", "coordinates": [8.087856, 63.263184]}, "properties": {"time": "2025-10-22T23:40:02Z", "sog": 6.3, "cog": 240.2, "heading": 511, "status": "Under maskin"}}, {"type": "Feature", "geometry": {"type": "Point", "coordinates": [8.087856, 63.263184]}, "properties": {"time": "2025-10-22T23:40:02Z", "sog": 6.3, "cog": 240.2, "heading": 511, "status": "Under maskin"}}, {"type": "Feature", "geometry": {"type": "Point", "coordinates": [8.084483, 63.262329]}, "properties": {"time": "2025-10-22T23:41:02Z", "sog": 6.2, "cog": 240.6, "heading": 511, "status": "Under maskin"}}, {"type": "Feature", "geometry": {"type": "Point", "coordinates": [8.084483, 63.262329]}, "properties": {"time": "2025-10-22T23:41:02Z", "sog": 6.2, "cog": 240.6, "heading": 511, "status": "Under maskin"}}, {"type": "Feature", "geometry": {"type": "Point", "coordinates": [8.082942, 63.261936]}, "properties": {"time": "2025-10-22T23:41:29Z", "sog": 6.5, "cog": 240.9, "heading": 511, "status": "Under maskin"}}, {"type": "Feature", "geometry": {"type": "Point", "coordinates": [8.082942, 63.261936]}, "properties": {"time": "2025-10-22T23:41:29Z", "sog": 6.5, "cog": 240.9, "heading": 511, "status": "Under maskin"}}, {"type": "Feature", "geometry": {"type": "Point", "coordinates": [8.08124, 63.261494]}, "properties": {"time": "2025-10-22T23:41:58Z", "sog": 6.6, "cog": 239.9, "heading": 511, "status": "Under maskin"}}, {"type": "Feature", "geometry": {"type": "Point", "coordinates": [8.08124, 63.261494]}, "properties": {"time": "2025-10-22T23:41:58Z", "sog": 6.6, "cog": 239.9, "heading": 511, "status": "Under maskin"}}, {"type": "Feature", "geometry": {"type": "Point", "coordinates": [8.079525, 63.261063]}, "properties": {"time": "2025-10-22T23:42:29Z", "sog": 6.3, "cog": 241.3, "heading": 511, "status": "Under maskin"}}, {"type": "Feature", "geometry": {"type": "Point", "coordinates": [8.079525, 63.261063]}, "properties": {"time": "2025-10-22T23:42:29Z", "sog": 6.3, "cog": 241.3, "heading": 511, "status": "Under maskin"}}, {"type": "Feature", "geometry": {"type": "Point", "coordinates": [8.077811, 63.260635]}, "properties": {"time": "2025-10-22T23:42:58Z", "sog": 6.4, "cog": 241.4, "heading": 511, "status": "Under maskin"}}, {"type": "Feature", "geometry": {"type": "Point", "coordinates": [8.077811, 63.260635]}, "properties": {"time": "2025-10-22T23:42:58Z", "sog": 6.4, "cog": 241.4, "heading": 511, "status": "Under maskin"}}, {"type": "Feature", "geometry": {"type": "Point", "coordinates": [8.076038, 63.260181]}, "properties": {"time": "2025-10-22T23:43:29Z", "sog": 6.4, "cog": 239.6, "heading": 511, "status": "Under maskin"}}, {"type": "Feature", "geometry": {"type": "Point", "coordinates": [8.076038, 63.260181]}, "properties": {"time": "2025-10-22T23:43:29Z", "sog": 6.4, "cog": 239.6, "heading": 511, "status": "Under maskin"}}, {"type": "Feature", "geometry": {"type": "Point", "coordinates": [8.07439, 63.259769]}, "properties": {"time": "2025-10-22T23:43:58Z", "sog": 6.5, "cog": 240.9, "heading": 511, "status": "Under maskin"}}, {"type": "Feature", "geometry": {"type": "Point", "coordinates": [8.07439, 63.259769]}, "properties": {"time": "2025-10-22T23:43:58Z", "sog": 6.5, "cog": 240.9, "heading": 511, "status": "Under maskin"}}, {"type": "Feature", "geometry": {"type": "Point", "coordinates": [8.072692, 63.259323]}, "properties": {"time": "2025-10-22T23:44:29Z", "sog": 6.5, "cog": 239.3, "heading": 511, "status": "Under maskin"}}, {"type": "Feature", "geometry": {"type": "Point", "coordinates": [8.072692, 63.259323]}, "properties": {"time": "2025-10-22T23:44:29Z", "sog": 6.5, "cog": 239.3, "heading": 511, "status": "Under maskin"}}, {"type": "Feature", "geometry": {"type": "Point", "coordinates": [8.070971, 63.258881]}, "properties": {"time": "2025-10-22T23:44:58Z", "sog": 6.5, "cog": 240.7, "heading": 511, "status": "Under maskin"}}, {"type": "Feature", "geometry": {"type": "Point", "coordinates": [8.070971, 63.258881]}, "properties": {"time": "2025-10-22T23:44:58Z", "sog": 6.5, "cog": 240.7, "heading": 511, "status": "Under maskin"}}, {"type": "Feature", "geometry": {"type": "Point", "coordinates": [8.06921, 63.25843]}, "properties": {"time": "2025-10-22T23:45:29Z", "sog": 6.3, "cog": 240.6, "heading": 511, "status": "Under maskin"}}, {"type": "Feature", "geometry": {"type": "Point", "coordinates": [8.06921, 63.25843]}, "properties": {"time": "2025-10-22T23:45:29Z", "sog": 6.3, "cog": 240.6, "heading": 511, "status": "Under maskin"}}, {"type": "Feature", "geometry": {"type": "Point", "coordinates": [8.067554, 63.258003]}, "properties": {"time": "2025-10-22T23:45:59Z", "sog": 6.6, "cog": 240.1, "heading": 511, "status": "Under maskin"}}, {"type": "Feature", "geometry": {"type": "Point", "coordinates": [8.067554, 63.258003]}, "properties": {"time": "2025-10-22T23:45:59Z", "sog": 6.6, "cog": 240.1, "heading": 511, "status": "Under maskin"}}, {"type": "Feature", "geometry": {"type": "Point", "coordinates": [8.065768, 63.257557]}, "properties": {"time": "2025-10-22T23:46:29Z", "sog": 6.5, "cog": 241.0, "heading": 511, "status": "Under maskin"}}, {"type": "Feature", "geometry": {"type": "Point", "coordinates": [8.065768, 63.257557]}, "properties": {"time": "2025-10-22T23:46:29Z", "sog": 6.5, "cog": 241.0, "heading": 511, "status": "Under maskin"}}, {"type": "Feature", "geometry": {"type": "Point", "coordinates": [8.064098, 63.257141]}, "properties": {"time": "2025-10-22T23:46:59Z", "sog": 6.4, "cog": 240.9, "heading": 511, "status": "Under maskin"}}, {"type": "Feature", "geometry": {"type": "Point", "coordinates": [8.064098, 63.257141]}, "properties": {"time": "2025-10-22T23:46:59Z", "sog": 6.4, "cog": 240.9, "heading": 511, "status": "Under maskin"}}, {"type": "Feature", "geometry": {"type": "Point", "coordinates": [8.062328, 63.256695]}, "properties": {"time": "2025-10-22T23:47:29Z", "sog": 6.5, "cog": 239.6, "heading": 511, "status": "Under maskin"}}, {"type": "Feature", "geometry": {"type": "Point", "coordinates": [8.062328, 63.256695]}, "properties": {"time": "2025-10-22T23:47:29Z", "sog": 6.5, "cog": 239.6, "heading": 511, "status": "Under maskin"}}, {"type": "Feature", "geometry": {"type": "Point", "coordinates": [8.060661, 63.256271]}, "properties": {"time": "2025-10-22T23:47:59Z", "sog": 6.6, "cog": 240.5, "heading": 511, "status": "Under maskin"}}, {"type": "Feature", "geometry": {"type": "Point", "coordinates": [8.060661, 63.256271]}, "properties": {"time": "2025-10-22T23:47:59Z", "sog": 6.6, "cog": 240.5, "heading": 511, "status": "Under maskin"}}, {"type": "Feature", "geometry": {"type": "Point", "coordinates": [8.058888, 63.25581]}, "properties": {"time": "2025-10-22T23:48:29Z", "sog": 6.4, "cog": 240.4, "heading": 511, "status": "Under maskin"}}, {"type": "Feature", "geometry": {"type": "Point", "coordinates": [8.058888, 63.25581]}, "properties": {"time": "2025-10-22T23:48:29Z", "sog": 6.4, "cog": 240.4, "heading": 511, "status": "Under maskin"}}, {"type": "Feature", "geometry": {"type": "Point", "coordinates": [8.05729, 63.255402]}, "properties": {"time": "2025-10-22T23:48:59Z", "sog": 6.4, "cog": 240.7, "heading": 511, "status": "Under maskin"}}, {"type": "Feature", "geometry": {"type": "Point", "coordinates": [8.05729, 63.255402]}, "properties": {"time": "2025-10-22T23:48:59Z", "sog": 6.4, "cog": 240.7, "heading": 511, "status": "Under maskin"}}, {"type": "Feature", "geometry": {"type": "Point", "coordinates": [8.055344, 63.254887]}, "properties": {"time": "2025-10-22T23:49:32Z", "sog": 6.5, "cog": 240.3, "heading": 511, "status": "Under maskin"}}, {"type": "Feature", "geometry": {"type": "Point", "coordinates": [8.055344, 63.254887]}, "properties": {"time": "2025-10-22T23:49:32Z", "sog": 6.5, "cog": 240.3, "heading": 511, "status": "Under maskin"}}, {"type": "Feature", "geometry": {"type": "Point", "coordinates": [8.053808, 63.254482]}, "properties": {"time": "2025-10-22T23:49:59Z", "sog": 6.2, "cog": 239.9, "heading": 511, "status": "Under maskin"}}, {"type": "Feature", "geometry": {"type": "Point", "coordinates": [8.053808, 63.254482]}, "properties": {"time": "2025-10-22T23:49:59Z", "sog": 6.2, "cog": 239.9, "heading": 511, "status": "Under maskin"}}, {"type": "Feature", "geometry": {"type": "Point", "coordinates": [8.051949, 63.253986]}, "properties": {"time": "2025-10-22T23:50:32Z", "sog": 6.2, "cog": 239.1, "heading": 511, "status": "Under maskin"}}, {"type": "Feature", "geometry": {"type": "Point", "coordinates": [8.051949, 63.253986]}, "properties": {"time": "2025-10-22T23:50:32Z", "sog": 6.2, "cog": 239.1, "heading": 511, "status": "Under maskin"}}, {"type": "Feature", "geometry": {"type": "Point", "coordinates": [8.050495, 63.253593]}, "properties": {"time": "2025-10-22T23:50:59Z", "sog": 6.3, "cog": 237.8, "heading": 511, "status": "Under maskin"}}, {"type": "Feature", "geometry": {"type": "Point", "coordinates": [8.050495, 63.253593]}, "properties": {"time": "2025-10-22T23:50:59Z", "sog": 6.3, "cog": 237.8, "heading": 511, "status": "Under maskin"}}, {"type": "Feature", "geometry": {"type": "Point", "coordinates": [8.048623, 63.253075]}, "properties": {"time": "2025-10-22T23:51:32Z", "sog": 6.3, "cog": 238.8, "heading": 511, "status": "Under maskin"}}, {"type": "Feature", "geometry": {"type": "Point", "coordinates": [8.048623, 63.253075]}, "properties": {"time": "2025-10-22T23:51:32Z", "sog": 6.3, "cog": 238.8, "heading": 511, "status": "Under maskin"}}, {"type": "Feature", "geometry": {"type": "Point", "coordinates": [8.047155, 63.252666]}, "properties": {"time": "2025-10-22T23:51:59Z", "sog": 6.4, "cog": 238.2, "heading": 511, "status": "Under maskin"}}, {"type": "Feature", "geometry": {"type": "Point", "coordinates": [8.047155, 63.252666]}, "properties": {"time": "2025-10-22T23:51:59Z", "sog": 6.4, "cog": 238.2, "heading": 511, "status": "Under maskin"}}, {"type": "Feature", "geometry": {"type": "Point", "coordinates": [8.045372, 63.252171]}, "properties": {"time": "2025-10-22T23:52:32Z", "sog": 6.1, "cog": 238.8, "heading": 511, "status": "Under maskin"}}, {"type": "Feature", "geometry": {"type": "Point", "coordinates": [8.045372, 63.252171]}, "properties": {"time": "2025-10-22T23:52:32Z", "sog": 6.1, "cog": 238.8, "heading": 511, "status": "Under maskin"}}, {"type": "Feature", "geometry": {"type": "Point", "coordinates": [8.043745, 63.251732]}, "properties": {"time": "2025-10-22T23:53:02Z", "sog": 6.3, "cog": 239.2, "heading": 511, "status": "Under maskin"}}, {"type": "Feature", "geometry": {"type": "Point", "coordinates": [8.043745, 63.251732]}, "properties": {"time": "2025-10-22T23:53:02Z", "sog": 6.3, "cog": 239.2, "heading": 511, "status": "Under maskin"}}, {"type": "Feature", "geometry": {"type": "Point", "coordinates": [8.04224, 63.251316]}, "properties": {"time": "2025-10-22T23:53:30Z", "sog": 5.7, "cog": 238.1, "heading": 511, "status": "Under maskin"}}, {"type": "Feature", "geometry": {"type": "Point", "coordinates": [8.04224, 63.251316]}, "properties": {"time": "2025-10-22T23:53:30Z", "sog": 5.7, "cog": 238.1, "heading": 511, "status": "Under maskin"}}, {"type": "Feature", "geometry": {"type": "Point", "coordinates": [8.04053, 63.250858]}, "properties": {"time": "2025-10-22T23:54:02Z", "sog": 6.1, "cog": 238.3, "heading": 511, "status": "Under maskin"}}, {"type": "Feature", "geometry": {"type": "Point", "coordinates": [8.04053, 63.250858]}, "properties": {"time": "2025-10-22T23:54:02Z", "sog": 6.1, "cog": 238.3, "heading": 511, "status": "Under maskin"}}, {"type": "Feature", "geometry": {"type": "Point", "coordinates": [8.039025, 63.250439]}, "properties": {"time": "2025-10-22T23:54:30Z", "sog": 6.2, "cog": 239.7, "heading": 511, "status": "Under maskin"}}, {"type": "Feature", "geometry": {"type": "Point", "coordinates": [8.039025, 63.250439]}, "properties": {"time": "2025-10-22T23:54:30Z", "sog": 6.2, "cog": 239.7, "heading": 511, "status": "Under maskin"}}, {"type": "Feature", "geometry": {"type": "Point", "coordinates": [8.03729, 63.249969]}, "properties": {"time": "2025-10-22T23:55:02Z", "sog": 6.1, "cog": 239.0, "heading": 511, "status": "Under maskin"}}, {"type": "Feature", "geometry": {"type": "Point", "coordinates": [8.03729, 63.249969]}, "properties": {"time": "2025-10-22T23:55:02Z", "sog": 6.1, "cog": 239.0, "heading": 511, "status": "Under maskin"}}, {"type": "Feature", "geometry": {"type": "Point", "coordinates": [8.035708, 63.249538]}, "properties": {"time": "2025-10-22T23:55:30Z", "sog": 6.3, "cog": 237.9, "heading": 511, "status": "Under maskin"}}, {"type": "Feature", "geometry": {"type": "Point", "coordinates": [8.035708, 63.249538]}, "properties": {"time": "2025-10-22T23:55:30Z", "sog": 6.3, "cog": 237.9, "heading": 511, "status": "Under maskin"}}, {"type": "Feature", "geometry": {"type": "Point", "coordinates": [8.034037, 63.249081]}, "properties": {"time": "2025-10-22T23:56:02Z", "sog": 6.3, "cog": 239.0, "heading": 511, "status": "Under maskin"}}, {"type": "Feature", "geometry": {"type": "Point", "coordinates": [8.034037, 63.249081]}, "properties": {"time": "2025-10-22T23:56:02Z", "sog": 6.3, "cog": 239.0, "heading": 511, "status": "Under maskin"}}, {"type": "Feature", "geometry": {"type": "Point", "coordinates": [8.03253, 63.248661]}, "properties": {"time": "2025-10-22T23:56:30Z", "sog": 6.3, "cog": 238.3, "heading": 511, "status": "Under maskin"}}, {"type": "Feature", "geometry": {"type": "Point", "coordinates": [8.03253, 63.248661]}, "properties": {"time": "2025-10-22T23:56:30Z", "sog": 6.3, "cog": 238.3, "heading": 511, "status": "Under maskin"}}, {"type": "Feature", "geometry": {"type": "Point", "coordinates": [8.030817, 63.248177]}, "properties": {"time": "2025-10-22T23:57:02Z", "sog": 6.5, "cog": 238.6, "heading": 511, "status": "Under maskin"}}, {"type": "Feature", "geometry": {"type": "Point", "coordinates": [8.030817, 63.248177]}, "properties": {"time": "2025-10-22T23:57:02Z", "sog": 6.5, "cog": 238.6, "heading": 511, "status": "Under maskin"}}, {"type": "Feature", "geometry": {"type": "Point", "coordinates": [8.029313, 63.247768]}, "properties": {"time": "2025-10-22T23:57:30Z", "sog": 5.8, "cog": 237.2, "heading": 511, "status": "Under maskin"}}, {"type": "Feature", "geometry": {"type": "Point", "coordinates": [8.029313, 63.247768]}, "properties": {"time": "2025-10-22T23:57:30Z", "sog": 5.8, "cog": 237.2, "heading": 511, "status": "Under maskin"}}, {"type": "Feature", "geometry": {"type": "Point", "coordinates": [8.027556, 63.24728]}, "properties": {"time": "2025-10-22T23:58:02Z", "sog": 6.1, "cog": 238.2, "heading": 511, "status": "Under maskin"}}, {"type": "Feature", "geometry": {"type": "Point", "coordinates": [8.027556, 63.24728]}, "properties": {"time": "2025-10-22T23:58:02Z", "sog": 6.1, "cog": 238.2, "heading": 511, "status": "Under maskin"}}, {"type": "Feature", "geometry": {"type": "Point", "coordinates": [8.026083, 63.24688]}, "properties": {"time": "2025-10-22T23:58:30Z", "sog": 6.1, "cog": 239.4, "heading": 511, "status": "Under maskin"}}, {"type": "Feature", "geometry": {"type": "Point", "coordinates": [8.026083, 63.24688]}, "properties": {"time": "2025-10-22T23:58:30Z", "sog": 6.1, "cog": 239.4, "heading": 511, "status": "Under maskin"}}, {"type": "Feature", "geometry": {"type": "Point", "coordinates": [8.024325, 63.24641]}, "properties": {"time": "2025-10-22T23:59:01Z", "sog": 6.3, "cog": 239.2, "heading": 511, "status": "Under maskin"}}, {"type": "Feature", "geometry": {"type": "Point", "coordinates": [8.024325, 63.24641]}, "properties": {"time": "2025-10-22T23:59:01Z", "sog": 6.3, "cog": 239.2, "heading": 511, "status": "Under maskin"}}, {"type": "Feature", "geometry": {"type": "Point", "coordinates": [8.02273, 63.245983]}, "properties": {"time": "2025-10-22T23:59:30Z", "sog": 5.9, "cog": 240.1, "heading": 511, "status": "Under maskin"}}, {"type": "Feature", "geometry": {"type": "Point", "coordinates": [8.02273, 63.245983]}, "properties": {"time": "2025-10-22T23:59:30Z", "sog": 5.9, "cog": 240.1, "heading": 511, "status": "Under maskin"}}]}